"file_name","Team_ID","Round_Number","Covariate","Estimate","SE","Z_value","p_value","Significant_at_0.001","Significant_at_0.05","AIC","BIC","participant1","participant2","participant3","Vero_type"
"03_04_2021_vero #5_task+team_round 2_otter.ai_made_perfect.csv","3_5_6",2,"RRecSnd",-0.439467351314415,0.257148602217666,-1.70900151711664,0.0874506684570613,FALSE,FALSE,1817.32423941938,1842.55057217536,"296","770",-1,"combined"
"03_04_2021_vero #5_task+team_round 2_otter.ai_made_perfect.csv","3_5_6",2,"RSndSnd",2.41415572364617,0.192658262194163,12.5307666338917,5.06704884481333e-36,TRUE,TRUE,1817.32423941938,1842.55057217536,"296","770",-1,"combined"
"03_04_2021_vero #5_task+team_round 2_otter.ai_made_perfect.csv","3_5_6",2,"CovSnd.1",-6.67811190085448,0.220199085500722,-30.3276096068646,4.95948744222593e-202,TRUE,TRUE,1817.32423941938,1842.55057217536,"296","770",-1,"combined"
"03_04_2021_vero #5_task+team_round 2_otter.ai_made_perfect.csv","3_5_6",2,"PSAB-BA",2.71743081670901,0.30811053593825,8.8196621009209,1.14805636231679e-18,TRUE,TRUE,1817.32423941938,1842.55057217536,"296","770",-1,"combined"
"03_04_2021_vero #5_task+team_round 2_otter.ai_made_perfect.csv","3_5_6",2,"PSAB-BY",0.812682354531899,0.280829370696949,2.89386524107155,0.00380531438217798,FALSE,TRUE,1817.32423941938,1842.55057217536,"296","770",-1,"combined"
"03_04_2021_vero #5_task+team_round 2_otter.ai_made_perfect.csv","3_5_6",2,"PSAB-XA",0.872141377452849,0.241020946513569,3.6185293853858,0.000296281862359586,TRUE,TRUE,1817.32423941938,1842.55057217536,"296","770",-1,"combined"
"03_04_2021_vero #5_task+team_round 2_otter.ai_made_perfect.csv","3_5_6",2,"PSAB-XB",0.37888258587177,0.285849241229912,1.32546297566356,0.185017641592264,FALSE,FALSE,1817.32423941938,1842.55057217536,"296","770",-1,"combined"
"03_04_2021_vero #5_task+team_round 2_otter.ai_made_perfect.csv","3_5_6",2,"PSAB-AY",0.403319049364884,0.320455589329553,1.25858016771901,0.208182014098105,FALSE,FALSE,1817.32423941938,1842.55057217536,"296","770",-1,"combined"
