"Team_ID","Round_Number","Covariate","Estimate","SE","Z_value","p_value","Significant_at_0.001","AIC","BIC","participant1","participant2","Vero_type"
"2_3_6",3,"RRecSnd",0.0103649665966214,0.242337691171588,0.0427707573944097,0.965884274868425,FALSE,1665.21752378905,1686.83069813568,"425","446","teamwork"
"2_3_6",3,"RSndSnd",2.69870063703192,0.205311833444685,13.1443988968079,1.83256009958678e-39,TRUE,1665.21752378905,1686.83069813568,"425","446","teamwork"
"2_3_6",3,"CovSnd.1",-7.18058199354113,0.224621420087912,-31.9674855173243,3.08795435784238e-224,TRUE,1665.21752378905,1686.83069813568,"425","446","teamwork"
"2_3_6",3,"PSAB-BA",2.29794200344613,0.261711782582343,8.78043006230766,1.62850753439359e-18,TRUE,1665.21752378905,1686.83069813568,"425","446","teamwork"
"2_3_6",3,"PSAB-BY",0.858914593587648,0.284098191305688,3.02330187193435,0.00250032692892319,FALSE,1665.21752378905,1686.83069813568,"425","446","teamwork"
"2_3_6",3,"PSAB-XA",1.19569075091746,0.239741439550093,4.98741791640753,6.11916042251101e-07,TRUE,1665.21752378905,1686.83069813568,"425","446","teamwork"
"2_3_6",3,"PSAB-XB",0.102522301241927,0.313693448734546,0.326823214369019,0.74380160024718,FALSE,1665.21752378905,1686.83069813568,"425","446","teamwork"
