"Team_ID","Round_Number","Covariate","Estimate","SE","Z_value","p_value","Significant_at_0.001","AIC","BIC","participant1","participant2","Vero_type"
2107,3,"RRecSnd",0.427505297473209,0.227866445137856,1.8761222048932,0.0606385012813271,FALSE,1801.8368247396,1824.14852538049,"514","539","teamwork"
2107,3,"RSndSnd",2.71240766558437,0.20758816072432,13.0662926831674,5.13056256954114e-39,TRUE,1801.8368247396,1824.14852538049,"514","539","teamwork"
2107,3,"CovSnd.1",-7.24003893659098,0.231294411099425,-31.3022649452553,4.34662568645043e-215,TRUE,1801.8368247396,1824.14852538049,"514","539","teamwork"
2107,3,"PSAB-BA",1.76254977773138,0.245455355378059,7.18073465953368,6.93378078097783e-13,TRUE,1801.8368247396,1824.14852538049,"514","539","teamwork"
2107,3,"PSAB-BY",1.43706066727359,0.258857497534947,5.55155126259991,2.83145657272218e-08,TRUE,1801.8368247396,1824.14852538049,"514","539","teamwork"
2107,3,"PSAB-XA",0.780907878313101,0.240664418807489,3.24479988434751,0.0011753318870825,FALSE,1801.8368247396,1824.14852538049,"514","539","teamwork"
2107,3,"PSAB-XB",0.445276364243483,0.288662457921416,1.54255031100963,0.122939922010976,FALSE,1801.8368247396,1824.14852538049,"514","539","teamwork"
