"Team_ID","Round_Number","Covariate","Estimate","SE","Z_value","p_value","AIC","BIC"
"121","3","RRecSnd","0.106846715184975","0.214655860928751","0.497758201069757","0.618654480485894","2169.33343611845","2185.48897920272"
"121","3","RSndSnd","2.22771237104283","0.177336807997228","12.5620416663734","3.41407751527768e-36","2169.33343611845","2185.48897920272"
"121","3","CovSnd.1","-6.3226403797959","0.149709007930424","-42.2328653913349","0","2169.33343611845","2185.48897920272"
"121","3","PSAB-BA","1.47402784030511","0.266686354886208","5.52719632368916","3.25388776315267e-08","2169.33343611845","2185.48897920272"
"121","3","PSAB-BY","-0.229463190638471","0.257831153370936","-0.8899746506131","0.373479497702953","2169.33343611845","2185.48897920272"
