"Team_ID","Round_Number","Covariate","Estimate","SE","Z_value","p_value","AIC","BIC"
"2_3_1","2","RRecSnd","0.0310152493298283","0.193544181880184","0.160248936591794","0.872684981629266","2527.64683716347","2544.45329799202"
"2_3_1","2","RSndSnd","2.38931346398087","0.16853139625779","14.1772602437003","1.26697186353196e-45","2527.64683716347","2544.45329799202"
"2_3_1","2","CovSnd.1","-6.7537511653143","0.141238575061328","-47.8180352809544","0","2527.64683716347","2544.45329799202"
"2_3_1","2","PSAB-BA","1.57761648150173","0.229324779887997","6.87939821537055","6.01059253629422e-12","2527.64683716347","2544.45329799202"
"2_3_1","2","PSAB-BY","0.450425738501193","0.20242238227205","2.22517753938807","0.026069322038761","2527.64683716347","2544.45329799202"
