"Team_ID","Round_Number","Covariate","Estimate","SE","Z_value","p_value","Significant_at_0.001","AIC","BIC","participant1","participant2","Vero_type"
"4_5_4",1,"RRecSnd",0.0689673435648035,0.537409589740127,0.128332923121364,0.897885511628008,FALSE,1279.5386512469,1302.08114202245,"106","540","unleashed"
"4_5_4",1,"RSndSnd",2.47785006289275,0.26963746901985,9.18956134657358,3.9444655816061e-20,TRUE,1279.5386512469,1302.08114202245,"106","540","unleashed"
"4_5_4",1,"CovSnd.1",-8.09662651467638,0.602650836352111,-13.4350207886308,3.76962458920634e-41,TRUE,1279.5386512469,1302.08114202245,"106","540","unleashed"
"4_5_4",1,"PSAB-BA",3.864837132737,0.488215723524188,7.91624879436215,2.44783563053971e-15,TRUE,1279.5386512469,1302.08114202245,"106","540","unleashed"
"4_5_4",1,"PSAB-BY",2.9158784293406,0.598451718105148,4.87237038699298,1.10267196027448e-06,TRUE,1279.5386512469,1302.08114202245,"106","540","unleashed"
"4_5_4",1,"PSAB-XA",3.20178156073989,0.506238520538137,6.32465020112726,2.53806868350805e-10,TRUE,1279.5386512469,1302.08114202245,"106","540","unleashed"
"4_5_4",1,"PSAB-XB",1.99063108506979,0.706387777815262,2.81804293277339,0.00483173486953447,FALSE,1279.5386512469,1302.08114202245,"106","540","unleashed"
