"Team_ID","Round_Number","Covariate","Estimate","SE","Z_value","p_value","Significant_at_0.001","AIC","BIC","participant1","participant2","Vero_type"
"1_2_7",2,"RRecSnd",-0.714054141793193,0.279902177820659,-2.55108462303823,0.0107388247818794,FALSE,1823.00397606948,1844.53019277611,"516","773","taskwork"
"1_2_7",2,"RSndSnd",1.80780017978037,0.191654257120723,9.43261165673792,4.00002898212665e-21,TRUE,1823.00397606948,1844.53019277611,"516","773","taskwork"
"1_2_7",2,"CovSnd.1",-6.2380914380667,0.18490659960647,-33.7364455965499,1.68971628268208e-249,TRUE,1823.00397606948,1844.53019277611,"516","773","taskwork"
"1_2_7",2,"PSAB-BA",1.80965178071966,0.384183235002288,4.71038716905199,2.47246649898062e-06,TRUE,1823.00397606948,1844.53019277611,"516","773","taskwork"
"1_2_7",2,"PSAB-BY",0.875116925811509,0.219574615071219,3.98551046316381,6.73352098569796e-05,TRUE,1823.00397606948,1844.53019277611,"516","773","taskwork"
"1_2_7",2,"PSAB-XA",1.23507661839384,0.207748725888972,5.9450502673788,2.7637203137928e-09,TRUE,1823.00397606948,1844.53019277611,"516","773","taskwork"
"1_2_7",2,"PSAB-XB",-0.0368559234739953,0.311054301515967,-0.118487104323498,0.905681712376454,FALSE,1823.00397606948,1844.53019277611,"516","773","taskwork"
