"Team_ID","Round_Number","Covariate","Estimate","SE","Z_value","p_value","Significant_at_0.001","AIC","BIC","participant1","participant2","participant3","Vero_type"
"2_1_9",3,"RRecSnd",-0.369554282793155,0.180613240462698,-2.04610847934751,0.0407456989304821,FALSE,3086.78826604117,3112.47743250204,"215","758","808","teamwork"
"2_1_9",3,"RSndSnd",2.25221277900244,0.144020257496522,15.6381665895635,4.00081861882587e-55,TRUE,3086.78826604117,3112.47743250204,"215","758","808","teamwork"
"2_1_9",3,"CovSnd.1",-6.48469992649708,0.143465946377802,-45.2002728885943,0,TRUE,3086.78826604117,3112.47743250204,"215","758","808","teamwork"
"2_1_9",3,"PSAB-BA",2.38123846646834,0.242071688616767,9.83691434580843,7.80685161330216e-23,TRUE,3086.78826604117,3112.47743250204,"215","758","808","teamwork"
"2_1_9",3,"PSAB-BY",0.811298395683041,0.202527428090395,4.00586924611974,6.17898247548854e-05,TRUE,3086.78826604117,3112.47743250204,"215","758","808","teamwork"
"2_1_9",3,"PSAB-XA",1.5907079220788,0.164287416826963,9.68246961819495,3.57962705306056e-22,TRUE,3086.78826604117,3112.47743250204,"215","758","808","teamwork"
"2_1_9",3,"PSAB-XB",0.717934632424741,0.176039244818758,4.07826466856237,4.53730974444774e-05,TRUE,3086.78826604117,3112.47743250204,"215","758","808","teamwork"
