"file_name","Team_ID","Round_Number","Covariate","Estimate","SE","Z_value","p_value","Significant_at_0.001","Significant_at_0.05","AIC","BIC","participant1","participant2","participant3","Vero_type"
"05_13_2021_vero #3_round 2_otter.ai_made_perfect.csv","4_3_3",2,"RRecSnd",-0.228693372619673,0.266129828076773,-0.859330103176934,0.390158420443468,FALSE,FALSE,1754.63932138025,1779.3893229867,"690","693",-1,"unleashed"
"05_13_2021_vero #3_round 2_otter.ai_made_perfect.csv","4_3_3",2,"RSndSnd",2.38613324059752,0.199286897240318,11.9733573739176,4.90047244817825e-33,TRUE,TRUE,1754.63932138025,1779.3893229867,"690","693",-1,"unleashed"
"05_13_2021_vero #3_round 2_otter.ai_made_perfect.csv","4_3_3",2,"CovSnd.1",-7.0396064911516,0.253978724544826,-27.7173078326454,4.31957974713707e-169,TRUE,TRUE,1754.63932138025,1779.3893229867,"690","693",-1,"unleashed"
"05_13_2021_vero #3_round 2_otter.ai_made_perfect.csv","4_3_3",2,"PSAB-BA",2.2795150990765,0.348832748294285,6.53469351780425,6.37399304439199e-11,TRUE,TRUE,1754.63932138025,1779.3893229867,"690","693",-1,"unleashed"
"05_13_2021_vero #3_round 2_otter.ai_made_perfect.csv","4_3_3",2,"PSAB-BY",1.50065317606376,0.262410053120278,5.71873355544012,1.07320927483347e-08,TRUE,TRUE,1754.63932138025,1779.3893229867,"690","693",-1,"unleashed"
"05_13_2021_vero #3_round 2_otter.ai_made_perfect.csv","4_3_3",2,"PSAB-XA",1.52354194911791,0.25050444125328,6.08189595959093,1.18769631558622e-09,TRUE,TRUE,1754.63932138025,1779.3893229867,"690","693",-1,"unleashed"
"05_13_2021_vero #3_round 2_otter.ai_made_perfect.csv","4_3_3",2,"PSAB-XB",0.934041660172009,0.278831039942841,3.34984821045563,0.000808558556504829,TRUE,TRUE,1754.63932138025,1779.3893229867,"690","693",-1,"unleashed"
"05_13_2021_vero #3_round 2_otter.ai_made_perfect.csv","4_3_3",2,"PSAB-AY",0.309999254835639,0.393212034434545,0.78837682392257,0.430476323049983,FALSE,FALSE,1754.63932138025,1779.3893229867,"690","693",-1,"unleashed"
