"Team_ID","Round_Number","Covariate","Estimate","SE","Z_value","p_value","Significant_at_0.001","AIC","BIC","participant1","participant2","Vero_type"
"3_13_8",2,"RRecSnd",-0.317807429093423,0.192953546238808,-1.64706705467901,0.0995442639175678,FALSE,2694.27127328953,2719.27635151478,"744","824","combined"
"3_13_8",2,"RSndSnd",2.48448273572705,0.15370524871131,16.1639420680644,9.05795263975009e-59,TRUE,2694.27127328953,2719.27635151478,"744","824","combined"
"3_13_8",2,"CovSnd.1",-6.16575514612608,0.152891055810711,-40.3277687725546,0,TRUE,2694.27127328953,2719.27635151478,"744","824","combined"
"3_13_8",2,"PSAB-BA",1.63424166302643,0.264252074046813,6.184404300028,6.23374161383647e-10,TRUE,2694.27127328953,2719.27635151478,"744","824","combined"
"3_13_8",2,"PSAB-BY",0.577366084877448,0.182013022855342,3.17211414776798,0.00151333511568608,FALSE,2694.27127328953,2719.27635151478,"744","824","combined"
"3_13_8",2,"PSAB-XA",0.992882224213891,0.165343556783802,6.00496471424134,1.91373519632616e-09,TRUE,2694.27127328953,2719.27635151478,"744","824","combined"
"3_13_8",2,"PSAB-XB",0.0671557980641315,0.206944074003312,0.324511819860358,0.745550575083209,FALSE,2694.27127328953,2719.27635151478,"744","824","combined"
