"Team_ID","Round_Number","Covariate","Estimate","SE","Z_value","p_value","AIC","BIC"
"241","1","RRecSnd","-0.707884859609552","0.219776656188263","-3.22092833646159","0.00127776094369647","1939.72451375382","1955.60526241669"
"241","1","RSndSnd","1.10688893674507","0.207606878531957","5.33165829847343","9.73199332839636e-08","1939.72451375382","1955.60526241669"
"241","1","CovSnd.1","-4.98912017560949","0.193391736471877","-25.7980008175531","9.33714266875833e-147","1939.72451375382","1955.60526241669"
"241","1","PSAB-BA","1.22004882808894","0.262298137611389","4.65138197014772","3.29717967621548e-06","1939.72451375382","1955.60526241669"
"241","1","PSAB-BY","0.135669955226298","0.219350850359285","0.618506629922236","0.536241428828181","1939.72451375382","1955.60526241669"
