"Team_ID","Round_Number","Covariate","Estimate","SE","Z_value","p_value","Significant_at_0.001","AIC","BIC","participant1","participant2","Vero_type"
NA,3,"RRecSnd",-0.298217909863692,0.217899185161052,-1.36860497960686,0.171122786613341,FALSE,2208.03896906423,2231.95167187966,"106","540",NA
NA,3,"RSndSnd",2.28423136063508,0.165519416125086,13.8003831460404,2.53501688718443e-43,TRUE,2208.03896906423,2231.95167187966,"106","540",NA
NA,3,"CovSnd.1",-6.45583582808472,0.182185869894279,-35.4354365233208,4.86234709309354e-275,TRUE,2208.03896906423,2231.95167187966,"106","540",NA
NA,3,"PSAB-BA",2.62072743238518,0.258947262074753,10.1206995254062,4.47207853001511e-24,TRUE,2208.03896906423,2231.95167187966,"106","540",NA
NA,3,"PSAB-BY",1.24195566828978,0.216183123136884,5.74492425804852,9.19621412185249e-09,TRUE,2208.03896906423,2231.95167187966,"106","540",NA
NA,3,"PSAB-XA",1.16081914150001,0.203289268519349,5.71018406409152,1.12854052450401e-08,TRUE,2208.03896906423,2231.95167187966,"106","540",NA
NA,3,"PSAB-XB",0.379987791692259,0.247632184995063,1.53448467007564,0.124910461776644,FALSE,2208.03896906423,2231.95167187966,"106","540",NA
