"file_name","Team_ID","Round_Number","Covariate","Estimate","SE","Z_value","p_value","Significant_at_0.001","Significant_at_0.05","AIC","BIC","participant1","participant2","participant3","Vero_type"
"03_06_2021AM_vero #1_task+team_round 1_otter.ai_made_perfect.csv","3_1_7",1,"RRecSnd",-1.59484474608254,0.34280228938675,-4.65237483954849,3.28133905564748e-06,TRUE,TRUE,1396.61703129216,1419.179283817,"155","448","714","combined"
"03_06_2021AM_vero #1_task+team_round 1_otter.ai_made_perfect.csv","3_1_7",1,"RSndSnd",2.12555527401312,0.261122835579833,8.14005894694444,3.95085495941272e-16,TRUE,TRUE,1396.61703129216,1419.179283817,"155","448","714","combined"
"03_06_2021AM_vero #1_task+team_round 1_otter.ai_made_perfect.csv","3_1_7",1,"CovSnd.1",-6.38497565956381,0.306932904231413,-20.8025127692072,4.10718303515172e-96,TRUE,TRUE,1396.61703129216,1419.179283817,"155","448","714","combined"
"03_06_2021AM_vero #1_task+team_round 1_otter.ai_made_perfect.csv","3_1_7",1,"PSAB-BA",2.86106855647784,0.432933171757682,6.60856858083219,3.88053763158231e-11,TRUE,TRUE,1396.61703129216,1419.179283817,"155","448","714","combined"
"03_06_2021AM_vero #1_task+team_round 1_otter.ai_made_perfect.csv","3_1_7",1,"PSAB-BY",0.506939203973111,0.329970339582519,1.53631749027653,0.124460531895113,FALSE,FALSE,1396.61703129216,1419.179283817,"155","448","714","combined"
"03_06_2021AM_vero #1_task+team_round 1_otter.ai_made_perfect.csv","3_1_7",1,"PSAB-XA",1.45047558149252,0.341027323843284,4.25325327350917,2.10687051180095e-05,TRUE,TRUE,1396.61703129216,1419.179283817,"155","448","714","combined"
"03_06_2021AM_vero #1_task+team_round 1_otter.ai_made_perfect.csv","3_1_7",1,"PSAB-XB",0.480015721800207,0.275513504614682,1.74225841477909,0.08146323655642,FALSE,FALSE,1396.61703129216,1419.179283817,"155","448","714","combined"
"03_06_2021AM_vero #1_task+team_round 1_otter.ai_made_perfect.csv","3_1_7",1,"PSAB-AY",0.841221494182747,0.361808333366381,2.32504731539971,0.0200694303076703,FALSE,TRUE,1396.61703129216,1419.179283817,"155","448","714","combined"
