"file_name","Team_ID","Round_Number","Covariate","Estimate","SE","Z_value","p_value","Significant_at_0.001","Significant_at_0.05","AIC","BIC","participant1","participant2","participant3","Vero_type"
"03_06_2021AM_vero #1_task+team_round 3_otter.ai_made_perfect.csv","3_1_7",3,"RRecSnd",-1.70486528542677,0.34501938926563,-4.94136080020184,7.75791942277067e-07,TRUE,TRUE,2333.09671912909,2359.52315839356,"155","448","714","combined"
"03_06_2021AM_vero #1_task+team_round 3_otter.ai_made_perfect.csv","3_1_7",3,"RSndSnd",1.90527912554657,0.182976600069182,10.412692796927,2.16995264708152e-25,TRUE,TRUE,2333.09671912909,2359.52315839356,"155","448","714","combined"
"03_06_2021AM_vero #1_task+team_round 3_otter.ai_made_perfect.csv","3_1_7",3,"CovSnd.1",-6.10754059870616,0.174266035652988,-35.0472229188019,4.29809820318814e-269,TRUE,TRUE,2333.09671912909,2359.52315839356,"155","448","714","combined"
"03_06_2021AM_vero #1_task+team_round 3_otter.ai_made_perfect.csv","3_1_7",3,"PSAB-BA",2.66934282248216,0.448377325338795,5.95334034892419,2.62724136701498e-09,TRUE,TRUE,2333.09671912909,2359.52315839356,"155","448","714","combined"
"03_06_2021AM_vero #1_task+team_round 3_otter.ai_made_perfect.csv","3_1_7",3,"PSAB-BY",0.183080360224202,0.253012062459556,0.723603287702805,0.469309322411493,FALSE,FALSE,2333.09671912909,2359.52315839356,"155","448","714","combined"
"03_06_2021AM_vero #1_task+team_round 3_otter.ai_made_perfect.csv","3_1_7",3,"PSAB-XA",1.3352196656745,0.186354441237531,7.16494684434487,7.78167422452167e-13,TRUE,TRUE,2333.09671912909,2359.52315839356,"155","448","714","combined"
"03_06_2021AM_vero #1_task+team_round 3_otter.ai_made_perfect.csv","3_1_7",3,"PSAB-XB",0.133864818710078,0.210567993334374,0.635732034058496,0.524951093298166,FALSE,FALSE,2333.09671912909,2359.52315839356,"155","448","714","combined"
"03_06_2021AM_vero #1_task+team_round 3_otter.ai_made_perfect.csv","3_1_7",3,"PSAB-AY",-0.46253285210102,0.341950000756961,-1.3526329904288,0.176172907577002,FALSE,FALSE,2333.09671912909,2359.52315839356,"155","448","714","combined"
