"file_name","Team_ID","Round_Number","Covariate","Estimate","SE","Z_value","p_value","Significant_at_0.001","Significant_at_0.05","AIC","BIC","participant1","participant2","participant3","Vero_type"
"02_25_2021_vero #1_task_round 3_otter.ai_made_perfect.csv","1_1_1",3,"RRecSnd",-0.89845000640741,0.188321904287504,-4.77082052566642,1.83476968746119e-06,TRUE,TRUE,2929.57892395464,2958.62861820921,"682","697","959","taskwork"
"02_25_2021_vero #1_task_round 3_otter.ai_made_perfect.csv","1_1_1",3,"RSndSnd",2.92261065131628,0.159504335610342,18.3230796839028,5.41594804724309e-75,TRUE,TRUE,2929.57892395464,2958.62861820921,"682","697","959","taskwork"
"02_25_2021_vero #1_task_round 3_otter.ai_made_perfect.csv","1_1_1",3,"CovSnd.1",-7.13835057327731,0.178600190342554,-39.968325675275,0,TRUE,TRUE,2929.57892395464,2958.62861820921,"682","697","959","taskwork"
"02_25_2021_vero #1_task_round 3_otter.ai_made_perfect.csv","1_1_1",3,"PSAB-BA",2.94309181867045,0.295738304907579,9.95167609278816,2.47971082733093e-23,TRUE,TRUE,2929.57892395464,2958.62861820921,"682","697","959","taskwork"
"02_25_2021_vero #1_task_round 3_otter.ai_made_perfect.csv","1_1_1",3,"PSAB-BY",1.66500646650424,0.1941586381039,8.5754951866383,9.86613792735354e-18,TRUE,TRUE,2929.57892395464,2958.62861820921,"682","697","959","taskwork"
"02_25_2021_vero #1_task_round 3_otter.ai_made_perfect.csv","1_1_1",3,"PSAB-XA",1.49579887756381,0.189405164053157,7.89735002760542,2.84895479672517e-15,TRUE,TRUE,2929.57892395464,2958.62861820921,"682","697","959","taskwork"
"02_25_2021_vero #1_task_round 3_otter.ai_made_perfect.csv","1_1_1",3,"PSAB-XB",0.470552668313553,0.207570297008451,2.26695570173219,0.0233929319573787,FALSE,TRUE,2929.57892395464,2958.62861820921,"682","697","959","taskwork"
"02_25_2021_vero #1_task_round 3_otter.ai_made_perfect.csv","1_1_1",3,"PSAB-AY",1.02181247217137,0.250882593494824,4.07287113042558,4.64371210659723e-05,TRUE,TRUE,2929.57892395464,2958.62861820921,"682","697","959","taskwork"
