"Team_ID","Round_Number","Covariate","Estimate","SE","Z_value","p_value","AIC","BIC"
"1_2_6","2","RRecSnd","0.259969667531055","0.16978521135616","1.53116791182545","0.125727899075403","2791.78997262898","2809.92807819743"
"1_2_6","2","RSndSnd","2.45046374254499","0.148376751213242","16.5151462241093","2.85468258416881e-61","2791.78997262898","2809.92807819743"
"1_2_6","2","CovSnd.1","-5.96761468936235","0.13632804467182","-43.7739329697576","0","2791.78997262898","2809.92807819743"
"1_2_6","2","PSAB-BA","1.10371709381499","0.21852502646036","5.05075831218442","4.40059576100046e-07","2791.78997262898","2809.92807819743"
"1_2_6","2","PSAB-BY","0.6887664989319","0.162170256110555","4.24718142186538","2.164766620847e-05","2791.78997262898","2809.92807819743"
