"Team_ID","Round_Number","Covariate","Estimate","SE","Z_value","p_value","AIC","BIC"
"3_13_8","3","RRecSnd","-0.349352830705781","0.217479893497009","-1.60636840991734","0.108192987526977","2406.36240887661","2423.57449742922"
"3_13_8","3","RSndSnd","2.4041741340934","0.163563759412756","14.6986969651781","6.57120332992252e-49","2406.36240887661","2423.57449742922"
"3_13_8","3","CovSnd.1","-5.96134515458191","0.145601145146179","-40.9429826159465","0","2406.36240887661","2423.57449742922"
"3_13_8","3","PSAB-BA","1.77139797675987","0.262277938012989","6.75389623000672","1.43926708068005e-11","2406.36240887661","2423.57449742922"
"3_13_8","3","PSAB-BY","0.408480851805189","0.183854866448419","2.22175708315988","0.0262997265132007","2406.36240887661","2423.57449742922"
