"file_name","Team_ID","Round_Number","Covariate","Estimate","SE","Z_value","p_value","Significant_at_0.001","Significant_at_0.05","AIC","BIC","participant1","participant2","participant3","Vero_type"
"03_04_2021_vero #2_task_round 1_otter.ai_made_perfect.csv","1_2_6",1,"RRecSnd",-0.205336088914959,0.238787226768892,-0.859912365051638,0.389837351905691,FALSE,FALSE,2024.31914338682,2051.99582749998,"200","383",-1,"taskwork"
"03_04_2021_vero #2_task_round 1_otter.ai_made_perfect.csv","1_2_6",1,"RSndSnd",2.42636180698835,0.227196185769617,10.6795886505276,1.26832410393169e-26,TRUE,TRUE,2024.31914338682,2051.99582749998,"200","383",-1,"taskwork"
"03_04_2021_vero #2_task_round 1_otter.ai_made_perfect.csv","1_2_6",1,"CovSnd.1",-6.04741637934061,0.326445385525985,-18.5250478256775,1.29687882537667e-76,TRUE,TRUE,2024.31914338682,2051.99582749998,"200","383",-1,"taskwork"
"03_04_2021_vero #2_task_round 1_otter.ai_made_perfect.csv","1_2_6",1,"PSAB-BA",1.38724391289053,0.230469643558691,6.01920448814881,1.75276329873783e-09,TRUE,TRUE,2024.31914338682,2051.99582749998,"200","383",-1,"taskwork"
"03_04_2021_vero #2_task_round 1_otter.ai_made_perfect.csv","1_2_6",1,"PSAB-BY",1.07747390936374,0.264281255574909,4.0769970878935,4.56210639207046e-05,TRUE,TRUE,2024.31914338682,2051.99582749998,"200","383",-1,"taskwork"
"03_04_2021_vero #2_task_round 1_otter.ai_made_perfect.csv","1_2_6",1,"PSAB-XA",1.28461452072592,0.252690010293185,5.08375665201579,3.7004198160735e-07,TRUE,TRUE,2024.31914338682,2051.99582749998,"200","383",-1,"taskwork"
"03_04_2021_vero #2_task_round 1_otter.ai_made_perfect.csv","1_2_6",1,"PSAB-XB",0.778283994054908,0.299629277757771,2.59748980433112,0.00939079080871204,FALSE,TRUE,2024.31914338682,2051.99582749998,"200","383",-1,"taskwork"
"03_04_2021_vero #2_task_round 1_otter.ai_made_perfect.csv","1_2_6",1,"PSAB-AY",0.792530453442424,0.2947436899014,2.68888013754441,0.00716921564513586,FALSE,TRUE,2024.31914338682,2051.99582749998,"200","383",-1,"taskwork"
