"Team_ID","Round_Number","Covariate","Estimate","SE","Z_value","p_value","Significant_at_0.001","AIC","BIC","participant1","participant2","Vero_type"
428,3,"RRecSnd",-0.0234219854593596,0.199372243586228,-0.117478667230976,0.906480748058447,FALSE,2213.14909875872,2236.61210569305,"127","999","unleashed"
428,3,"RSndSnd",2.01796874921841,0.163727257081459,12.3251850986205,6.62910923891428e-35,TRUE,2213.14909875872,2236.61210569305,"127","999","unleashed"
428,3,"CovSnd.1",-6.18334782251152,0.169911137336385,-36.391656953422,5.76868700000671e-290,TRUE,2213.14909875872,2236.61210569305,"127","999","unleashed"
428,3,"PSAB-BA",1.74421596593147,0.264625948174154,6.59125069920798,4.36136696395937e-11,TRUE,2213.14909875872,2236.61210569305,"127","999","unleashed"
428,3,"PSAB-BY",1.05082239588415,0.212586848536993,4.9430263589485,7.69190792287542e-07,TRUE,2213.14909875872,2236.61210569305,"127","999","unleashed"
428,3,"PSAB-XA",1.06008066212305,0.192416094262525,5.50931389697949,3.60235022770503e-08,TRUE,2213.14909875872,2236.61210569305,"127","999","unleashed"
428,3,"PSAB-XB",0.288259203137343,0.239734029207223,1.20241254064176,0.229203732820564,FALSE,2213.14909875872,2236.61210569305,"127","999","unleashed"
