"Team_ID","Round_Number","Covariate","Estimate","SE","Z_value","p_value","Significant_at_0.001","AIC","BIC","participant1","participant2","participant3","Vero_type"
"2_3_5",1,"RRecSnd",-1.81279058262557,0.282881368707123,-6.40830674324972,1.47144639265425e-10,TRUE,1988.34871484783,2011.18754617017,"431","716","802","teamwork"
"2_3_5",1,"RSndSnd",1.48679573464191,0.197345604511712,7.5339693443928,4.92206870018426e-14,TRUE,1988.34871484783,2011.18754617017,"431","716","802","teamwork"
"2_3_5",1,"CovSnd.1",-5.29933517162736,0.20869320673119,-25.3929452454733,3.0175385412323e-142,TRUE,1988.34871484783,2011.18754617017,"431","716","802","teamwork"
"2_3_5",1,"PSAB-BA",2.85697805917138,0.310477445661159,9.20188599557521,3.51721373933539e-20,TRUE,1988.34871484783,2011.18754617017,"431","716","802","teamwork"
"2_3_5",1,"PSAB-BY",0.318599954169553,0.239392995189186,1.33086581717971,0.183233166570499,FALSE,1988.34871484783,2011.18754617017,"431","716","802","teamwork"
"2_3_5",1,"PSAB-XA",1.79654149810093,0.230065317041584,7.80883238378869,5.77202006151235e-15,TRUE,1988.34871484783,2011.18754617017,"431","716","802","teamwork"
"2_3_5",1,"PSAB-XB",-0.136033426086206,0.261119254259316,-0.520962831607631,0.602392663952365,FALSE,1988.34871484783,2011.18754617017,"431","716","802","teamwork"
