"Team_ID","Round_Number","Covariate","Estimate","SE","Z_value","p_value","AIC","BIC"
"2_6_1","2","RRecSnd","0.0166966499874219","0.204417336418327","0.0816792268208275","0.934901797749423","2319.98829716406","2336.06297595211"
"2_6_1","2","RSndSnd","2.09787379950595","0.179219832129821","11.7055895799875","1.193269228054e-31","2319.98829716406","2336.06297595211"
"2_6_1","2","CovSnd.1","-6.59134350249476","0.146982481191971","-44.8444158041253","0","2319.98829716406","2336.06297595211"
"2_6_1","2","PSAB-BA","1.30120409564317","0.311853315699265","4.17248760920015","3.01291989190341e-05","2319.98829716406","2336.06297595211"
"2_6_1","2","PSAB-BY","0.20498603219926","0.254445406586904","0.805618914284657","0.420462616239655","2319.98829716406","2336.06297595211"
