"Team_ID","Round_Number","Covariate","Estimate","SE","Z_value","p_value","AIC","BIC"
"4_1_1","2","RRecSnd","-0.352597896447452","0.221147887348158","-1.59439866541592","0.110846771160863","2747.59844968607","2764.95980305443"
"4_1_1","2","RSndSnd","2.08073935190598","0.15804862038825","13.1651851613421","1.39195967266939e-39","2747.59844968607","2764.95980305443"
"4_1_1","2","CovSnd.1","-6.17812048600153","0.134209707021025","-46.0333356143432","0","2747.59844968607","2764.95980305443"
"4_1_1","2","PSAB-BA","1.95643714371836","0.269584838603542","7.25722245306064","3.95119613166349e-13","2747.59844968607","2764.95980305443"
"4_1_1","2","PSAB-BY","0.770416965391567","0.176998839661785","4.35266675682002","1.34491502019085e-05","2747.59844968607","2764.95980305443"
