"file_name","Team_ID","Round_Number","Covariate","Estimate","SE","Z_value","p_value","Significant_at_0.001","Significant_at_0.05","AIC","BIC","participant1","participant2","participant3","Vero_type"
"03_02_2021_vero #1_task_round 3_otter.ai_made_perfect.csv","1_1_5",3,"RRecSnd",-0.2268468260394,0.221878112778721,-1.02239388643816,0.30659451288123,FALSE,FALSE,2394.28130721652,2421.20911533669,"241","597","718","taskwork"
"03_02_2021_vero #1_task_round 3_otter.ai_made_perfect.csv","1_1_5",3,"RSndSnd",2.43738222704229,0.178179870092898,13.6793355263505,1.34919960733315e-42,TRUE,TRUE,2394.28130721652,2421.20911533669,"241","597","718","taskwork"
"03_02_2021_vero #1_task_round 3_otter.ai_made_perfect.csv","1_1_5",3,"CovSnd.1",-7.04258654987448,0.201127656732339,-35.0155053973844,1.3068236922224e-268,TRUE,TRUE,2394.28130721652,2421.20911533669,"241","597","718","taskwork"
"03_02_2021_vero #1_task_round 3_otter.ai_made_perfect.csv","1_1_5",3,"PSAB-BA",2.29889638113044,0.32053249767302,7.17211639325127,7.38471136380047e-13,TRUE,TRUE,2394.28130721652,2421.20911533669,"241","597","718","taskwork"
"03_02_2021_vero #1_task_round 3_otter.ai_made_perfect.csv","1_1_5",3,"PSAB-BY",1.25473708364042,0.238189175662577,5.2678173982931,1.38055328733196e-07,TRUE,TRUE,2394.28130721652,2421.20911533669,"241","597","718","taskwork"
"03_02_2021_vero #1_task_round 3_otter.ai_made_perfect.csv","1_1_5",3,"PSAB-XA",1.39248235268629,0.212702513665463,6.54661916631779,5.88541903367643e-11,TRUE,TRUE,2394.28130721652,2421.20911533669,"241","597","718","taskwork"
"03_02_2021_vero #1_task_round 3_otter.ai_made_perfect.csv","1_1_5",3,"PSAB-XB",0.979099930821521,0.214088982485247,4.57333170280722,4.8002927825942e-06,TRUE,TRUE,2394.28130721652,2421.20911533669,"241","597","718","taskwork"
"03_02_2021_vero #1_task_round 3_otter.ai_made_perfect.csv","1_1_5",3,"PSAB-AY",1.02228269293617,0.266502294808771,3.83592454117406,0.00012509281449678,TRUE,TRUE,2394.28130721652,2421.20911533669,"241","597","718","taskwork"
