"file_name","Team_ID","Round_Number","Covariate","Estimate","SE","Z_value","p_value","Significant_at_0.001","Significant_at_0.05","AIC","BIC","participant1","participant2","participant3","Vero_type"
"03_06_2021AM_vero #9_team_round 3_otter.ai_made_perfect.csv","2_9_7",3,"RRecSnd",0.436642523706997,0.236080025460192,1.84955301854042,0.0643779995581849,FALSE,FALSE,1882.07954959579,1907.84239619642,"630","637",-1,"teamwork"
"03_06_2021AM_vero #9_team_round 3_otter.ai_made_perfect.csv","2_9_7",3,"RSndSnd",2.69059642668812,0.196335362252187,13.7040846632209,9.5969928853632e-43,TRUE,TRUE,1882.07954959579,1907.84239619642,"630","637",-1,"teamwork"
"03_06_2021AM_vero #9_team_round 3_otter.ai_made_perfect.csv","2_9_7",3,"CovSnd.1",-7.29111314095264,0.245957160891561,-29.6438335624112,4.07270979796934e-193,TRUE,TRUE,1882.07954959579,1907.84239619642,"630","637",-1,"teamwork"
"03_06_2021AM_vero #9_team_round 3_otter.ai_made_perfect.csv","2_9_7",3,"PSAB-BA",1.93365713287849,0.270927883414342,7.13716546451316,9.52751331011768e-13,TRUE,TRUE,1882.07954959579,1907.84239619642,"630","637",-1,"teamwork"
"03_06_2021AM_vero #9_team_round 3_otter.ai_made_perfect.csv","2_9_7",3,"PSAB-BY",1.56675242456808,0.253889480770692,6.17100172804378,6.78586805363497e-10,TRUE,TRUE,1882.07954959579,1907.84239619642,"630","637",-1,"teamwork"
"03_06_2021AM_vero #9_team_round 3_otter.ai_made_perfect.csv","2_9_7",3,"PSAB-XA",1.19838266052597,0.261614962607804,4.58071147223527,4.63396780639996e-06,TRUE,TRUE,1882.07954959579,1907.84239619642,"630","637",-1,"teamwork"
"03_06_2021AM_vero #9_team_round 3_otter.ai_made_perfect.csv","2_9_7",3,"PSAB-XB",0.431573283840526,0.304694279710592,1.41641413239017,0.156654288576925,FALSE,FALSE,1882.07954959579,1907.84239619642,"630","637",-1,"teamwork"
"03_06_2021AM_vero #9_team_round 3_otter.ai_made_perfect.csv","2_9_7",3,"PSAB-AY",0.555762471577917,0.338758610981634,1.64058551889637,0.100883483016466,FALSE,FALSE,1882.07954959579,1907.84239619642,"630","637",-1,"teamwork"
