"Team_ID","Round_Number","Covariate","Estimate","SE","Z_value","p_value","Significant_at_0.001","AIC","BIC","participant1","participant2","Vero_type"
3108,1,"RRecSnd",-0.54900626608376,0.278281342833487,-1.97284611499185,0.0485130973852484,FALSE,1887.72740005701,1911.97422269219,"230","541","combined"
3108,1,"RSndSnd",1.9770240417713,0.191224074808847,10.3387821002538,4.70478555228171e-25,TRUE,1887.72740005701,1911.97422269219,"230","541","combined"
3108,1,"CovSnd.1",-6.02922159117268,0.282014651151615,-21.3791076688824,2.09089140783412e-101,TRUE,1887.72740005701,1911.97422269219,"230","541","combined"
3108,1,"PSAB-BA",2.61783059958336,0.27200376052096,9.62424414489531,6.31696285574228e-22,TRUE,1887.72740005701,1911.97422269219,"230","541","combined"
3108,1,"PSAB-BY",1.43074335451362,0.271635033790765,5.26715326276985,1.38555527259947e-07,TRUE,1887.72740005701,1911.97422269219,"230","541","combined"
3108,1,"PSAB-XA",2.03940614226932,0.274182432289403,7.43813571584592,1.02116122761965e-13,TRUE,1887.72740005701,1911.97422269219,"230","541","combined"
3108,1,"PSAB-XB",0.73000122612043,0.351269740584297,2.0781785100708,0.0376929206452689,FALSE,1887.72740005701,1911.97422269219,"230","541","combined"
