"file_name","Team_ID","Round_Number","Covariate","Estimate","SE","Z_value","p_value","Significant_at_0.001","Significant_at_0.05","AIC","BIC","participant1","participant2","participant3","Vero_type"
"03_06_2021PM_vero #10_task+team_round 3_otter.ai_made_perfect.csv",3108,3,"RRecSnd",-0.317163755372169,0.187148211534348,-1.69471967042527,0.0901286123393731,FALSE,FALSE,2959.56777416005,2988.87145800114,"230","541",-1,"combined"
"03_06_2021PM_vero #10_task+team_round 3_otter.ai_made_perfect.csv",3108,3,"RSndSnd",2.71676240039707,0.155696131191623,17.4491323554688,3.49501348771313e-68,TRUE,TRUE,2959.56777416005,2988.87145800114,"230","541",-1,"combined"
"03_06_2021PM_vero #10_task+team_round 3_otter.ai_made_perfect.csv",3108,3,"CovSnd.1",-6.91908371548076,0.187377581970531,-36.9258885866557,1.77588245005983e-298,TRUE,TRUE,2959.56777416005,2988.87145800114,"230","541",-1,"combined"
"03_06_2021PM_vero #10_task+team_round 3_otter.ai_made_perfect.csv",3108,3,"PSAB-BA",2.33802939509531,0.28420110235362,8.22667250666113,1.92485793900194e-16,TRUE,TRUE,2959.56777416005,2988.87145800114,"230","541",-1,"combined"
"03_06_2021PM_vero #10_task+team_round 3_otter.ai_made_perfect.csv",3108,3,"PSAB-BY",1.5559032663208,0.202133633487615,7.69739918822634,1.38863565809003e-14,TRUE,TRUE,2959.56777416005,2988.87145800114,"230","541",-1,"combined"
"03_06_2021PM_vero #10_task+team_round 3_otter.ai_made_perfect.csv",3108,3,"PSAB-XA",1.44410191844925,0.195292948756409,7.39454203362198,1.41896464851094e-13,TRUE,TRUE,2959.56777416005,2988.87145800114,"230","541",-1,"combined"
"03_06_2021PM_vero #10_task+team_round 3_otter.ai_made_perfect.csv",3108,3,"PSAB-XB",0.890708838908797,0.191191428893569,4.65872787322819,3.18169472019493e-06,TRUE,TRUE,2959.56777416005,2988.87145800114,"230","541",-1,"combined"
"03_06_2021PM_vero #10_task+team_round 3_otter.ai_made_perfect.csv",3108,3,"PSAB-AY",0.97973516853162,0.239569714145757,4.08956187147903,4.32188775383537e-05,TRUE,TRUE,2959.56777416005,2988.87145800114,"230","541",-1,"combined"
