"Team_ID","Round_Number","Covariate","Estimate","SE","Z_value","p_value","AIC","BIC"
"2111","3","RRecSnd","0.523442052597081","0.232448479331525","2.25186266695482","0.0243309520048444","1800.43152956754","1816.22680606361"
"2111","3","RSndSnd","2.53380658612592","0.217884832339661","11.629109557181","2.93139397734312e-31","1800.43152956754","1816.22680606361"
"2111","3","CovSnd.1","-7.21498782460081","0.208570906658612","-34.592493939772","3.27629716238177e-262","1800.43152956754","1816.22680606361"
"2111","3","PSAB-BA","1.72335797326776","0.215329841569157","8.00334018132023","1.21088812136983e-15","1800.43152956754","1816.22680606361"
"2111","3","PSAB-BY","1.0982538327242","0.256089786186169","4.28854992258773","1.79843380238103e-05","1800.43152956754","1816.22680606361"
