"file_name","Team_ID","Round_Number","Covariate","Estimate","SE","Z_value","p_value","Significant_at_0.001","Significant_at_0.05","AIC","BIC","participant1","participant2","participant3","Vero_type"
"02_27_2021_vero #3_task_round 3_otter.ai_made_perfect.csv","1_3_4",3,"RRecSnd",-1.14043376512925,0.299705719463053,-3.80517851702138,0.000141701953502509,TRUE,TRUE,1966.53385076314,1991.234621445,"330","424","766","taskwork"
"02_27_2021_vero #3_task_round 3_otter.ai_made_perfect.csv","1_3_4",3,"RSndSnd",1.75042985179042,0.194153324542388,9.01570887810509,1.95601294505737e-19,TRUE,TRUE,1966.53385076314,1991.234621445,"330","424","766","taskwork"
"02_27_2021_vero #3_task_round 3_otter.ai_made_perfect.csv","1_3_4",3,"CovSnd.1",-6.48580461047254,0.190992254571631,-33.9584692846277,9.14690448010536e-253,TRUE,TRUE,1966.53385076314,1991.234621445,"330","424","766","taskwork"
"02_27_2021_vero #3_task_round 3_otter.ai_made_perfect.csv","1_3_4",3,"PSAB-BA",2.48156623360255,0.410226259682313,6.04926226693611,1.45510612554695e-09,TRUE,TRUE,1966.53385076314,1991.234621445,"330","424","766","taskwork"
"02_27_2021_vero #3_task_round 3_otter.ai_made_perfect.csv","1_3_4",3,"PSAB-BY",0.56872699828906,0.258189760019808,2.20274808050261,0.0276125093963409,FALSE,TRUE,1966.53385076314,1991.234621445,"330","424","766","taskwork"
"02_27_2021_vero #3_task_round 3_otter.ai_made_perfect.csv","1_3_4",3,"PSAB-XA",1.54489269986392,0.205708636998421,7.51010128892049,5.90816321041833e-14,TRUE,TRUE,1966.53385076314,1991.234621445,"330","424","766","taskwork"
"02_27_2021_vero #3_task_round 3_otter.ai_made_perfect.csv","1_3_4",3,"PSAB-XB",0.242208124573601,0.266220346285189,0.909803206078526,0.36292630348417,FALSE,FALSE,1966.53385076314,1991.234621445,"330","424","766","taskwork"
"02_27_2021_vero #3_task_round 3_otter.ai_made_perfect.csv","1_3_4",3,"PSAB-AY",-0.292331361455155,0.385715289070011,-0.75789415078668,0.44851435221117,FALSE,FALSE,1966.53385076314,1991.234621445,"330","424","766","taskwork"
