"Team_ID","Round_Number","Covariate","Estimate","SE","Z_value","p_value","AIC","BIC"
"346","2","RRecSnd","-0.0429732718995238","0.196423161440589","-0.21877904613872","0.826822170233544","2478.85150282447","2496.21285619283"
"346","2","RSndSnd","2.60986644272988","0.170278984943306","15.3270025869536","5.04746346738989e-53","2478.85150282447","2496.21285619283"
"346","2","CovSnd.1","-6.06250889876828","0.153421136874132","-39.5154736973564","0","2478.85150282447","2496.21285619283"
"346","2","PSAB-BA","0.36009756036284","0.347225764170281","1.0370703948865","0.299703051261289","2478.85150282447","2496.21285619283"
"346","2","PSAB-BY","0.560127206739031","0.186160062557411","3.0088473276393","0.00262240860106312","2478.85150282447","2496.21285619283"
