"Team_ID","Round_Number","Covariate","Estimate","SE","Z_value","p_value","AIC","BIC"
"2_7_4","3","RRecSnd","-0.377200994332418","0.20119442191082","-1.87480841044198","0.0608190857294964","2609.70903755243","2626.69985106002"
"2_7_4","3","RSndSnd","2.08174957617027","0.163601538542742","12.7245109961261","4.32171942586627e-37","2609.70903755243","2626.69985106002"
"2_7_4","3","CovSnd.1","-6.14366967692184","0.131801920217967","-46.6128996205954","0","2609.70903755243","2626.69985106002"
"2_7_4","3","PSAB-BA","1.62540629341792","0.269983049170172","6.02040127487197","1.73985199152315e-09","2609.70903755243","2626.69985106002"
"2_7_4","3","PSAB-BY","0.238739037254092","0.220926421537805","1.08062691457318","0.279863105236529","2609.70903755243","2626.69985106002"
