"file_name","Team_ID","Round_Number","Covariate","Estimate","SE","Z_value","p_value","Significant_at_0.001","Significant_at_0.05","AIC","BIC","participant1","participant2","participant3","Vero_type"
"05_20_2021_vero #5_round 3_otter.ai_made_perfect.csv","4_5_5",3,"RRecSnd",0.134405370866246,0.201763839211953,0.666151929856239,0.505313994806709,FALSE,FALSE,2264.37571484383,2291.915056528,"188","987",-1,"unleashed"
"05_20_2021_vero #5_round 3_otter.ai_made_perfect.csv","4_5_5",3,"RSndSnd",2.18971259277586,0.165906677523615,13.1984596729941,8.95473962086873e-40,TRUE,TRUE,2264.37571484383,2291.915056528,"188","987",-1,"unleashed"
"05_20_2021_vero #5_round 3_otter.ai_made_perfect.csv","4_5_5",3,"CovSnd.1",-6.7570811730655,0.22648308259754,-29.8348163384583,1.38177989987082e-195,TRUE,TRUE,2264.37571484383,2291.915056528,"188","987",-1,"unleashed"
"05_20_2021_vero #5_round 3_otter.ai_made_perfect.csv","4_5_5",3,"PSAB-BA",2.33148746032179,0.265285345098065,8.78860254968075,1.5143177056475e-18,TRUE,TRUE,2264.37571484383,2291.915056528,"188","987",-1,"unleashed"
"05_20_2021_vero #5_round 3_otter.ai_made_perfect.csv","4_5_5",3,"PSAB-BY",1.7283254847203,0.236091501601798,7.32057474747803,2.46911132229233e-13,TRUE,TRUE,2264.37571484383,2291.915056528,"188","987",-1,"unleashed"
"05_20_2021_vero #5_round 3_otter.ai_made_perfect.csv","4_5_5",3,"PSAB-XA",1.50763135713531,0.23126007088732,6.51920303989654,7.06819238407664e-11,TRUE,TRUE,2264.37571484383,2291.915056528,"188","987",-1,"unleashed"
"05_20_2021_vero #5_round 3_otter.ai_made_perfect.csv","4_5_5",3,"PSAB-XB",0.665482203849236,0.278729073025911,2.38755934795281,0.0169606640736957,FALSE,TRUE,2264.37571484383,2291.915056528,"188","987",-1,"unleashed"
"05_20_2021_vero #5_round 3_otter.ai_made_perfect.csv","4_5_5",3,"PSAB-AY",0.311583000234195,0.346658393255657,0.898818566912371,0.36874930876018,FALSE,FALSE,2264.37571484383,2291.915056528,"188","987",-1,"unleashed"
