"file_name","Team_ID","Round_Number","Covariate","Estimate","SE","Z_value","p_value","Significant_at_0.001","Significant_at_0.05","AIC","BIC","participant1","participant2","participant3","Vero_type"
"03_04_2021_vero #4_task+team_round 2_otter.ai_made_perfect.csv",346,2,"RRecSnd",-0.243614246363764,0.206190269555514,-1.18150214793804,0.237403300667355,FALSE,FALSE,2464.50300179496,2492.28116718433,"522","816",-1,"combined"
"03_04_2021_vero #4_task+team_round 2_otter.ai_made_perfect.csv",346,2,"RSndSnd",2.78075338880671,0.18476809401183,15.0499652208821,3.4541584506402e-51,TRUE,TRUE,2464.50300179496,2492.28116718433,"522","816",-1,"combined"
"03_04_2021_vero #4_task+team_round 2_otter.ai_made_perfect.csv",346,2,"CovSnd.1",-6.44449433743554,0.195571506361496,-32.952112796654,3.94566569602841e-238,TRUE,TRUE,2464.50300179496,2492.28116718433,"522","816",-1,"combined"
"03_04_2021_vero #4_task+team_round 2_otter.ai_made_perfect.csv",346,2,"PSAB-BA",0.835042169672233,0.368365068377229,2.26688750198511,0.0233970989006144,FALSE,TRUE,2464.50300179496,2492.28116718433,"522","816",-1,"combined"
"03_04_2021_vero #4_task+team_round 2_otter.ai_made_perfect.csv",346,2,"PSAB-BY",0.872101800289947,0.208930718276117,4.17411957172042,2.99140623806629e-05,TRUE,TRUE,2464.50300179496,2492.28116718433,"522","816",-1,"combined"
"03_04_2021_vero #4_task+team_round 2_otter.ai_made_perfect.csv",346,2,"PSAB-XA",0.933568044082509,0.201470093717219,4.63377976779449,3.5904896546872e-06,TRUE,TRUE,2464.50300179496,2492.28116718433,"522","816",-1,"combined"
"03_04_2021_vero #4_task+team_round 2_otter.ai_made_perfect.csv",346,2,"PSAB-XB",0.289654274917316,0.18665927319579,1.55178079266114,0.120714683283391,FALSE,FALSE,2464.50300179496,2492.28116718433,"522","816",-1,"combined"
"03_04_2021_vero #4_task+team_round 2_otter.ai_made_perfect.csv",346,2,"PSAB-AY",0.499092891992253,0.245346068966087,2.03424042657574,0.0419273603794462,FALSE,TRUE,2464.50300179496,2492.28116718433,"522","816",-1,"combined"
