"Team_ID","Round_Number","Covariate","Estimate","SE","Z_value","p_value","Significant_at_0.001","AIC","BIC","participant1","participant2","participant3","Vero_type"
241,2,"RRecSnd",0.068728251484516,0.215383775045821,0.319096698300022,0.749653187273856,FALSE,2343.24550912019,2366.12051623363,"227","532","963","teamwork"
241,2,"RSndSnd",2.42675554519015,0.178903667074921,13.5645936434264,6.49385476773039e-42,TRUE,2343.24550912019,2366.12051623363,"227","532","963","teamwork"
241,2,"CovSnd.1",-7.22782290493464,0.176307024762891,-40.9956603524736,0,TRUE,2343.24550912019,2366.12051623363,"227","532","963","teamwork"
241,2,"PSAB-BA",1.76218618188316,0.316540891645289,5.56700959779261,2.59148126538364e-08,TRUE,2343.24550912019,2366.12051623363,"227","532","963","teamwork"
241,2,"PSAB-BY",1.11626310956738,0.220713606593924,5.05751832337694,4.24747628431013e-07,TRUE,2343.24550912019,2366.12051623363,"227","532","963","teamwork"
241,2,"PSAB-XA",0.847161627347202,0.208458627032938,4.06393172307204,4.82529460837732e-05,TRUE,2343.24550912019,2366.12051623363,"227","532","963","teamwork"
241,2,"PSAB-XB",0.678046013424914,0.203704588923947,3.32857505570511,0.000872914808325033,TRUE,2343.24550912019,2366.12051623363,"227","532","963","teamwork"
