"file_name","Team_ID","Round_Number","Covariate","Estimate","SE","Z_value","p_value","Significant_at_0.001","Significant_at_0.05","AIC","BIC","participant1","participant2","participant3","Vero_type"
"02_25_2021_Vero #6_team_round 2_otter.ai_made_perfect.csv","2_6_1",2,"RRecSnd",-0.507069765798631,0.225414700943789,-2.24949732060767,0.0244808730987584,FALSE,TRUE,2276.74004789348,2302.45953395435,"379","461","470","teamwork"
"02_25_2021_Vero #6_team_round 2_otter.ai_made_perfect.csv","2_6_1",2,"RSndSnd",1.95376463619461,0.19262837608375,10.1426626539444,3.57227421549935e-24,TRUE,TRUE,2276.74004789348,2302.45953395435,"379","461","470","teamwork"
"02_25_2021_Vero #6_team_round 2_otter.ai_made_perfect.csv","2_6_1",2,"CovSnd.1",-7.08201824377577,0.197789894814805,-35.8057637393802,8.98335962878833e-281,TRUE,TRUE,2276.74004789348,2302.45953395435,"379","461","470","teamwork"
"02_25_2021_Vero #6_team_round 2_otter.ai_made_perfect.csv","2_6_1",2,"PSAB-BA",2.37224099665228,0.364646284163661,6.50559487283181,7.73865250359572e-11,TRUE,TRUE,2276.74004789348,2302.45953395435,"379","461","470","teamwork"
"02_25_2021_Vero #6_team_round 2_otter.ai_made_perfect.csv","2_6_1",2,"PSAB-BY",0.835160014981257,0.291281036077078,2.86719666418743,0.00414125582007817,FALSE,TRUE,2276.74004789348,2302.45953395435,"379","461","470","teamwork"
"02_25_2021_Vero #6_team_round 2_otter.ai_made_perfect.csv","2_6_1",2,"PSAB-XA",1.57936144276227,0.22759761191921,6.93927071309911,3.9412923661882e-12,TRUE,TRUE,2276.74004789348,2302.45953395435,"379","461","470","teamwork"
"02_25_2021_Vero #6_team_round 2_otter.ai_made_perfect.csv","2_6_1",2,"PSAB-XB",0.771313530253324,0.233389704012037,3.3048310057994,0.000950336833301891,TRUE,TRUE,2276.74004789348,2302.45953395435,"379","461","470","teamwork"
"02_25_2021_Vero #6_team_round 2_otter.ai_made_perfect.csv","2_6_1",2,"PSAB-AY",0.674243381009066,0.299138227281426,2.25395258618934,0.0241991509398284,FALSE,TRUE,2276.74004789348,2302.45953395435,"379","461","470","teamwork"
