"file_name","Team_ID","Round_Number","Covariate","Estimate","SE","Z_value","p_value","Significant_at_0.001","Significant_at_0.05","AIC","BIC","participant1","participant2","participant3","Vero_type"
"02_27_2021_vero #1_task_round 2_otter.ai_made_perfect.csv","1_1_4",2,"RRecSnd",-1.74547154147503,0.374902718136809,-4.65579857662722,3.22727333148541e-06,TRUE,TRUE,2069.53507191548,2095.51126449276,"213","587","992","taskwork"
"02_27_2021_vero #1_task_round 2_otter.ai_made_perfect.csv","1_1_4",2,"RSndSnd",2.74124330482586,0.198837482533932,13.7863508926596,3.07947526852529e-43,TRUE,TRUE,2069.53507191548,2095.51126449276,"213","587","992","taskwork"
"02_27_2021_vero #1_task_round 2_otter.ai_made_perfect.csv","1_1_4",2,"CovSnd.1",-7.21539621482822,0.21809755855941,-33.0833424385296,5.15989397578893e-240,TRUE,TRUE,2069.53507191548,2095.51126449276,"213","587","992","taskwork"
"02_27_2021_vero #1_task_round 2_otter.ai_made_perfect.csv","1_1_4",2,"PSAB-BA",3.22107950052299,0.558455756641447,5.76783292537723,8.02973503810455e-09,TRUE,TRUE,2069.53507191548,2095.51126449276,"213","587","992","taskwork"
"02_27_2021_vero #1_task_round 2_otter.ai_made_perfect.csv","1_1_4",2,"PSAB-BY",1.53582989761678,0.223609978800261,6.86834239624279,6.49521769211192e-12,TRUE,TRUE,2069.53507191548,2095.51126449276,"213","587","992","taskwork"
"02_27_2021_vero #1_task_round 2_otter.ai_made_perfect.csv","1_1_4",2,"PSAB-XA",1.77614627556524,0.199274102363261,8.9130813010888,4.9633560802382e-19,TRUE,TRUE,2069.53507191548,2095.51126449276,"213","587","992","taskwork"
"02_27_2021_vero #1_task_round 2_otter.ai_made_perfect.csv","1_1_4",2,"PSAB-XB",0.541907468013593,0.242447354053519,2.23515521598132,0.0254071604419789,FALSE,TRUE,2069.53507191548,2095.51126449276,"213","587","992","taskwork"
"02_27_2021_vero #1_task_round 2_otter.ai_made_perfect.csv","1_1_4",2,"PSAB-AY",0.856823151277187,0.309707331667891,2.76655753243835,0.00566515877109306,FALSE,TRUE,2069.53507191548,2095.51126449276,"213","587","992","taskwork"
