"file_name","Team_ID","Round_Number","Covariate","Estimate","SE","Z_value","p_value","Significant_at_0.001","Significant_at_0.05","AIC","BIC","participant1","participant2","participant3","Vero_type"
"03_02_2021_vero #3_team_round 1_otter.ai_made_perfect.csv","2_3_5",1,"RRecSnd",-1.84389794009233,0.284794000761822,-6.47449712831002,9.51282204738762e-11,TRUE,TRUE,1988.82253873443,2014.92406024567,"431","716","802","teamwork"
"03_02_2021_vero #3_team_round 1_otter.ai_made_perfect.csv","2_3_5",1,"RSndSnd",1.5546638122595,0.206567517426808,7.52617755020635,5.22472836148856e-14,TRUE,TRUE,1988.82253873443,2014.92406024567,"431","716","802","teamwork"
"03_02_2021_vero #3_team_round 1_otter.ai_made_perfect.csv","2_3_5",1,"CovSnd.1",-5.45668151995167,0.24820729863784,-21.9843717324104,4.0638186214446e-107,TRUE,TRUE,1988.82253873443,2014.92406024567,"431","716","802","teamwork"
"03_02_2021_vero #3_team_round 1_otter.ai_made_perfect.csv","2_3_5",1,"PSAB-BA",3.00875018717527,0.336962203141879,8.9290435518325,4.2970769113825e-19,TRUE,TRUE,1988.82253873443,2014.92406024567,"431","716","802","teamwork"
"03_02_2021_vero #3_team_round 1_otter.ai_made_perfect.csv","2_3_5",1,"PSAB-BY",0.436598744116878,0.260996257228647,1.67281611143716,0.0943635021489642,FALSE,FALSE,1988.82253873443,2014.92406024567,"431","716","802","teamwork"
"03_02_2021_vero #3_team_round 1_otter.ai_made_perfect.csv","2_3_5",1,"PSAB-XA",1.93761581217515,0.260529615804757,7.43721901323962,1.02826994831872e-13,TRUE,TRUE,1988.82253873443,2014.92406024567,"431","716","802","teamwork"
"03_02_2021_vero #3_team_round 1_otter.ai_made_perfect.csv","2_3_5",1,"PSAB-XB",-0.02374242183919,0.279728878661835,-0.0848765488667772,0.932359535790226,FALSE,FALSE,1988.82253873443,2014.92406024567,"431","716","802","teamwork"
"03_02_2021_vero #3_team_round 1_otter.ai_made_perfect.csv","2_3_5",1,"PSAB-AY",0.391329354075067,0.310687235320923,1.25956045046667,0.20782797027582,FALSE,FALSE,1988.82253873443,2014.92406024567,"431","716","802","teamwork"
