"Team_ID","Round_Number","Covariate","Estimate","SE","Z_value","p_value","AIC","BIC"
"4_1_2","3","RRecSnd","-0.0894999477521212","0.217609096006084","-0.411287714506286","0.680861576989221","2354.1317460828","2370.59827020643"
"4_1_2","3","RSndSnd","1.8644020005626","0.170837391853956","10.9133134165173","9.9560061617356e-28","2354.1317460828","2370.59827020643"
"4_1_2","3","CovSnd.1","-6.06524769656737","0.139284171573498","-43.5458503866454","0","2354.1317460828","2370.59827020643"
"4_1_2","3","PSAB-BA","1.44302782411863","0.293810349520115","4.91142611713832","9.04163562667628e-07","2354.1317460828","2370.59827020643"
"4_1_2","3","PSAB-BY","0.533862492682804","0.197125262254467","2.70823986016386","0.00676411167518435","2354.1317460828","2370.59827020643"
