"file_name","Team_ID","Round_Number","Covariate","Estimate","SE","Z_value","p_value","Significant_at_0.001","Significant_at_0.05","AIC","BIC","participant1","participant2","participant3","Vero_type"
"03_04_2021_vero #4_task+team_round 1_otter.ai_made_perfect.csv",346,1,"RRecSnd",-0.610552834547523,0.235835419168269,-2.58889371537484,0.00962848076677609,FALSE,TRUE,2109.15833804754,2137.61296254114,"522","816",-1,"combined"
"03_04_2021_vero #4_task+team_round 1_otter.ai_made_perfect.csv",346,1,"RSndSnd",2.31633307399368,0.208174265852648,11.1268944050618,9.2812998472936e-29,TRUE,TRUE,2109.15833804754,2137.61296254114,"522","816",-1,"combined"
"03_04_2021_vero #4_task+team_round 1_otter.ai_made_perfect.csv",346,1,"CovSnd.1",-5.54415724196255,0.273706981953853,-20.2558122645819,3.15700093170657e-91,TRUE,TRUE,2109.15833804754,2137.61296254114,"522","816",-1,"combined"
"03_04_2021_vero #4_task+team_round 1_otter.ai_made_perfect.csv",346,1,"PSAB-BA",1.88346017995588,0.238565775679082,7.89493033774261,2.90477436492182e-15,TRUE,TRUE,2109.15833804754,2137.61296254114,"522","816",-1,"combined"
"03_04_2021_vero #4_task+team_round 1_otter.ai_made_perfect.csv",346,1,"PSAB-BY",0.647684193094135,0.240311047747186,2.69519108324773,0.00703482753357371,FALSE,TRUE,2109.15833804754,2137.61296254114,"522","816",-1,"combined"
"03_04_2021_vero #4_task+team_round 1_otter.ai_made_perfect.csv",346,1,"PSAB-XA",1.24755802950461,0.253153132861194,4.9280765969768,8.3043062922263e-07,TRUE,TRUE,2109.15833804754,2137.61296254114,"522","816",-1,"combined"
"03_04_2021_vero #4_task+team_round 1_otter.ai_made_perfect.csv",346,1,"PSAB-XB",0.250101056406565,0.285655292973102,0.875534473047957,0.381283161581041,FALSE,FALSE,2109.15833804754,2137.61296254114,"522","816",-1,"combined"
"03_04_2021_vero #4_task+team_round 1_otter.ai_made_perfect.csv",346,1,"PSAB-AY",0.355044342544082,0.289746065649132,1.22536380864623,0.220438176602883,FALSE,FALSE,2109.15833804754,2137.61296254114,"522","816",-1,"combined"
