"Team_ID","Round_Number","Covariate","Estimate","SE","Z_value","p_value","Significant_at_0.001","AIC","BIC","participant1","participant2","participant3","Vero_type"
264,3,"RRecSnd",-0.0628322359324378,0.276174665541673,-0.227509050510488,0.820027932455174,FALSE,1604.03946065347,1624.05814748401,"548","623","872","teamwork"
264,3,"RSndSnd",2.73212968667635,0.228668987495837,11.9479677441003,6.65323022566028e-33,TRUE,1604.03946065347,1624.05814748401,"548","623","872","teamwork"
264,3,"CovSnd.1",-7.23783717184028,0.209855918236972,-34.4895547032761,1.15044127437652e-260,TRUE,1604.03946065347,1624.05814748401,"548","623","872","teamwork"
264,3,"PSAB-BA",1.93367612019771,0.382421373221733,5.05640180073443,4.27240703756977e-07,TRUE,1604.03946065347,1624.05814748401,"548","623","872","teamwork"
264,3,"PSAB-BY",0.0804117525622893,0.342466376326546,0.234801890406945,0.814362500424775,FALSE,1604.03946065347,1624.05814748401,"548","623","872","teamwork"
264,3,"PSAB-XA",0.935333547909688,0.24122399821904,3.87744815945041,0.000105557810042078,TRUE,1604.03946065347,1624.05814748401,"548","623","872","teamwork"
264,3,"PSAB-XB",-0.682027415088967,0.318438322031851,-2.14178812002642,0.0322105358398038,FALSE,1604.03946065347,1624.05814748401,"548","623","872","teamwork"
