"Team_ID","Round_Number","Covariate","Estimate","SE","Z_value","p_value","AIC","BIC"
"2_5_1","3","RRecSnd","-0.497854918052535","0.222271754546558","-2.23984787931411","0.0251008003103772","2437.58789446706","2454.4410846077"
"2_5_1","3","RSndSnd","2.32631804668591","0.167316880981855","13.90366610371","6.01783096523407e-44","2437.58789446706","2454.4410846077"
"2_5_1","3","CovSnd.1","-6.18128282952152","0.142418003000983","-43.4023978659415","0","2437.58789446706","2454.4410846077"
"2_5_1","3","PSAB-BA","1.91393171130263","0.289469943408102","6.61184953701506","3.79547678710508e-11","2437.58789446706","2454.4410846077"
"2_5_1","3","PSAB-BY","0.479728663769649","0.210990065855761","2.27370261165569","0.0229838730485525","2437.58789446706","2454.4410846077"
