"Team_ID","Round_Number","Covariate","Estimate","SE","Z_value","p_value","Significant_at_0.001","AIC","BIC","participant1","participant2","Vero_type"
"1_8_12",1,"RRecSnd",0.0338882755082264,0.35563227974726,0.0952902124978929,0.92408431657387,FALSE,1833.83770688574,1857.9042620482,"128","290","taskwork"
"1_8_12",1,"RSndSnd",2.50452275926963,0.299611680084298,8.35922938172827,6.31292597894561e-17,TRUE,1833.83770688574,1857.9042620482,"128","290","taskwork"
"1_8_12",1,"CovSnd.1",-6.81428527609598,0.371365105241558,-18.3492880184948,3.34466372122089e-75,TRUE,1833.83770688574,1857.9042620482,"128","290","taskwork"
"1_8_12",1,"PSAB-BA",2.04239733540475,0.223762769173729,9.12751188656874,7.0091617482907e-20,TRUE,1833.83770688574,1857.9042620482,"128","290","taskwork"
"1_8_12",1,"PSAB-BY",1.40461814796517,0.366729704680941,3.83011828612901,0.000128081675480917,TRUE,1833.83770688574,1857.9042620482,"128","290","taskwork"
"1_8_12",1,"PSAB-XA",1.63767518749737,0.305792236225019,5.35551591405439,8.53126372391592e-08,TRUE,1833.83770688574,1857.9042620482,"128","290","taskwork"
"1_8_12",1,"PSAB-XB",0.64737460076839,0.525629411155531,1.23161791754616,0.218091844624284,FALSE,1833.83770688574,1857.9042620482,"128","290","taskwork"
