"file_name","Team_ID","Round_Number","Covariate","Estimate","SE","Z_value","p_value","Significant_at_0.001","Significant_at_0.05","AIC","BIC","participant1","participant2","participant3","Vero_type"
"03_06_2021PM_vero #4_task_round 3_otter.ai_made_perfect.csv","1_4_8",3,"RRecSnd",-0.196159579242728,0.200323976054913,-0.979211690511559,0.327475393488048,FALSE,FALSE,2681.78913451496,2709.36303348829,"510","882","888","taskwork"
"03_06_2021PM_vero #4_task_round 3_otter.ai_made_perfect.csv","1_4_8",3,"RSndSnd",1.95540267950047,0.163027452070164,11.9943154031439,3.80550504715278e-33,TRUE,TRUE,2681.78913451496,2709.36303348829,"510","882","888","taskwork"
"03_06_2021PM_vero #4_task_round 3_otter.ai_made_perfect.csv","1_4_8",3,"CovSnd.1",-6.49941955939148,0.167828916473633,-38.7264584432481,0,TRUE,TRUE,2681.78913451496,2709.36303348829,"510","882","888","taskwork"
"03_06_2021PM_vero #4_task_round 3_otter.ai_made_perfect.csv","1_4_8",3,"PSAB-BA",1.79205015807695,0.300653746518703,5.9605116477917,2.51449378933118e-09,TRUE,TRUE,2681.78913451496,2709.36303348829,"510","882","888","taskwork"
"03_06_2021PM_vero #4_task_round 3_otter.ai_made_perfect.csv","1_4_8",3,"PSAB-BY",0.609504749641509,0.240288155420452,2.536557611735,0.0111948321004414,FALSE,TRUE,2681.78913451496,2709.36303348829,"510","882","888","taskwork"
"03_06_2021PM_vero #4_task_round 3_otter.ai_made_perfect.csv","1_4_8",3,"PSAB-XA",1.39029110533265,0.1936028583108,7.18114968685404,6.91276152344053e-13,TRUE,TRUE,2681.78913451496,2709.36303348829,"510","882","888","taskwork"
"03_06_2021PM_vero #4_task_round 3_otter.ai_made_perfect.csv","1_4_8",3,"PSAB-XB",0.818692271849703,0.195396368197928,4.18990526487372,2.79070941848497e-05,TRUE,TRUE,2681.78913451496,2709.36303348829,"510","882","888","taskwork"
"03_06_2021PM_vero #4_task_round 3_otter.ai_made_perfect.csv","1_4_8",3,"PSAB-AY",0.499785676685968,0.254663189575629,1.96253599712943,0.0497001139261183,FALSE,TRUE,2681.78913451496,2709.36303348829,"510","882","888","taskwork"
