"Team_ID","Round_Number","Covariate","Estimate","SE","Z_value","p_value","AIC","BIC"
"2_5_1","1","RRecSnd","-0.460901167198329","0.170724831503463","-2.6996727022043","0.006940772118928","2781.02936566561","2799.02147546061"
"2_5_1","1","RSndSnd","1.61519616177533","0.17344474634351","9.31245365354804","1.24912732616193e-20","2781.02936566561","2799.02147546061"
"2_5_1","1","CovSnd.1","-5.2133632656048","0.169552305238384","-30.7478170719946","1.30776766254132e-207","2781.02936566561","2799.02147546061"
"2_5_1","1","PSAB-BA","1.32099009409554","0.204079576099083","6.47291668939074","9.61289615248076e-11","2781.02936566561","2799.02147546061"
"2_5_1","1","PSAB-BY","0.33014062296238","0.183552465140812","1.7986172112105","0.072079252899145","2781.02936566561","2799.02147546061"
