"Team_ID","Round_Number","Covariate","Estimate","SE","Z_value","p_value","Significant_at_0.001","AIC","BIC","participant1","participant2","participant3","Vero_type"
116,2,"RRecSnd",-0.377510312308391,0.207397334772441,-1.8202274041882,0.0687243814587873,FALSE,2649.58247632494,2673.67940029859,"342","399","429","taskwork"
116,2,"RSndSnd",1.95704682557388,0.157745313256764,12.4063706564034,2.41347035919291e-35,TRUE,2649.58247632494,2673.67940029859,"342","399","429","taskwork"
116,2,"CovSnd.1",-6.23535618172767,0.141108873342259,-44.1882642390873,0,TRUE,2649.58247632494,2673.67940029859,"342","399","429","taskwork"
116,2,"PSAB-BA",2.01274160985008,0.263770003948194,7.63066906669718,2.33538471753772e-14,TRUE,2649.58247632494,2673.67940029859,"342","399","429","taskwork"
116,2,"PSAB-BY",0.3390668164575,0.234997641989959,1.44285199454039,0.149062168685263,FALSE,2649.58247632494,2673.67940029859,"342","399","429","taskwork"
116,2,"PSAB-XA",0.994951321807638,0.184043676459813,5.40606089242568,6.4425901387461e-08,TRUE,2649.58247632494,2673.67940029859,"342","399","429","taskwork"
116,2,"PSAB-XB",0.209107967950682,0.204768569294129,1.02119172230148,0.307163613379544,FALSE,2649.58247632494,2673.67940029859,"342","399","429","taskwork"
