"Team_ID","Round_Number","Covariate","Estimate","SE","Z_value","p_value","Significant_at_0.001","AIC","BIC","participant1","participant2","Vero_type"
"1_2_6",2,"RRecSnd",-0.0288086126237428,0.177105650697633,-0.162663430050162,0.870783442020905,FALSE,2759.27950834863,2784.67285614446,"200","383","taskwork"
"1_2_6",2,"RSndSnd",2.39759864018267,0.148565906015451,16.1382830319987,1.37308047186372e-58,TRUE,2759.27950834863,2784.67285614446,"200","383","taskwork"
"1_2_6",2,"CovSnd.1",-6.0950423206799,0.14964075685129,-40.7311647503698,0,TRUE,2759.27950834863,2784.67285614446,"200","383","taskwork"
"1_2_6",2,"PSAB-BA",1.55456694988469,0.241969090606241,6.42465095847491,1.32172438935989e-10,TRUE,2759.27950834863,2784.67285614446,"200","383","taskwork"
"1_2_6",2,"PSAB-BY",0.880472607200815,0.17625982133782,4.99531090249603,5.87410569410471e-07,TRUE,2759.27950834863,2784.67285614446,"200","383","taskwork"
"1_2_6",2,"PSAB-XA",0.928742398947692,0.160836379555797,5.77445476895664,7.72026642574371e-09,TRUE,2759.27950834863,2784.67285614446,"200","383","taskwork"
"1_2_6",2,"PSAB-XB",-0.206268029040645,0.236695461060972,-0.871449026170853,0.383509026752569,FALSE,2759.27950834863,2784.67285614446,"200","383","taskwork"
