"file_name","Team_ID","Round_Number","Covariate","Estimate","SE","Z_value","p_value","Significant_at_0.001","Significant_at_0.05","AIC","BIC","participant1","participant2","participant3","Vero_type"
"03_09_2021_vero #1_team_round 1_otter.ai_made_perfect.csv","2_1_9",1,"RRecSnd",-1.50719208654143,0.223273271744636,-6.75043669474797,1.47400824242034e-11,TRUE,TRUE,2562.35600981708,2591.20242634745,"215","758","808","teamwork"
"03_09_2021_vero #1_team_round 1_otter.ai_made_perfect.csv","2_1_9",1,"RSndSnd",1.82730912344905,0.173597490377864,10.5261263827697,6.54736153253906e-26,TRUE,TRUE,2562.35600981708,2591.20242634745,"215","758","808","teamwork"
"03_09_2021_vero #1_team_round 1_otter.ai_made_perfect.csv","2_1_9",1,"CovSnd.1",-5.28819832592882,0.203210032971271,-26.0233131632651,2.69799655687102e-149,TRUE,TRUE,2562.35600981708,2591.20242634745,"215","758","808","teamwork"
"03_09_2021_vero #1_team_round 1_otter.ai_made_perfect.csv","2_1_9",1,"PSAB-BA",2.72806785195595,0.263797489093341,10.3415231939174,4.57211782155614e-25,TRUE,TRUE,2562.35600981708,2591.20242634745,"215","758","808","teamwork"
"03_09_2021_vero #1_team_round 1_otter.ai_made_perfect.csv","2_1_9",1,"PSAB-BY",0.385832201597626,0.216854313044904,1.77922309305295,0.0752031937741752,FALSE,FALSE,2562.35600981708,2591.20242634745,"215","758","808","teamwork"
"03_09_2021_vero #1_team_round 1_otter.ai_made_perfect.csv","2_1_9",1,"PSAB-XA",1.71819341275648,0.22006639390526,7.80761379448135,5.82808489332807e-15,TRUE,TRUE,2562.35600981708,2591.20242634745,"215","758","808","teamwork"
"03_09_2021_vero #1_team_round 1_otter.ai_made_perfect.csv","2_1_9",1,"PSAB-XB",0.0908397169183318,0.229521450178956,0.395778768596595,0.692268240826583,FALSE,FALSE,2562.35600981708,2591.20242634745,"215","758","808","teamwork"
"03_09_2021_vero #1_team_round 1_otter.ai_made_perfect.csv","2_1_9",1,"PSAB-AY",0.149155737601884,0.27514875585045,0.542091266743557,0.587755634671273,FALSE,FALSE,2562.35600981708,2591.20242634745,"215","758","808","teamwork"
