"file_name","Team_ID","Round_Number","Covariate","Estimate","SE","Z_value","p_value","Significant_at_0.001","Significant_at_0.05","AIC","BIC","participant1","participant2","participant3","Vero_type"
"02_27_2021_vero #6_team_round 1_otter.ai_made_perfect.csv",264,1,"RRecSnd",-1.08504990192144,0.22703558131464,-4.779206394163,1.75988463686064e-06,TRUE,TRUE,2077.24627510199,2103.90802544811,"548","623","872","teamwork"
"02_27_2021_vero #6_team_round 1_otter.ai_made_perfect.csv",264,1,"RSndSnd",1.86885577966487,0.203185124480655,9.19779823666569,3.65359006069494e-20,TRUE,TRUE,2077.24627510199,2103.90802544811,"548","623","872","teamwork"
"02_27_2021_vero #6_team_round 1_otter.ai_made_perfect.csv",264,1,"CovSnd.1",-5.52126915066044,0.2373918652364,-23.2580385396199,1.17958816285051e-119,TRUE,TRUE,2077.24627510199,2103.90802544811,"548","623","872","teamwork"
"02_27_2021_vero #6_team_round 1_otter.ai_made_perfect.csv",264,1,"PSAB-BA",2.03950049339794,0.304846081501857,6.69026311032153,2.22769700628524e-11,TRUE,TRUE,2077.24627510199,2103.90802544811,"548","623","872","teamwork"
"02_27_2021_vero #6_team_round 1_otter.ai_made_perfect.csv",264,1,"PSAB-BY",0.686130800400166,0.233565765316849,2.93763428672596,0.00330726905523268,FALSE,TRUE,2077.24627510199,2103.90802544811,"548","623","872","teamwork"
"02_27_2021_vero #6_team_round 1_otter.ai_made_perfect.csv",264,1,"PSAB-XA",1.21833766990019,0.226455480839136,5.38003171919533,7.44727158556058e-08,TRUE,TRUE,2077.24627510199,2103.90802544811,"548","623","872","teamwork"
"02_27_2021_vero #6_team_round 1_otter.ai_made_perfect.csv",264,1,"PSAB-XB",0.0687812580455953,0.232562787899269,0.295753498084942,0.767418338176238,FALSE,FALSE,2077.24627510199,2103.90802544811,"548","623","872","teamwork"
"02_27_2021_vero #6_team_round 1_otter.ai_made_perfect.csv",264,1,"PSAB-AY",0.306239285898697,0.294083620993291,1.04133404255684,0.297720542414913,FALSE,FALSE,2077.24627510199,2103.90802544811,"548","623","872","teamwork"
