"Team_ID","Round_Number","Covariate","Estimate","SE","Z_value","p_value","Significant_at_0.001","AIC","BIC","participant1","participant2","participant3","Vero_type"
"2_7_4",1,"RRecSnd",-1.57550927102186,0.266396510034079,-5.91415131834991,3.33591103608066e-09,TRUE,1997.20396337883,2020.07897049228,"185","565","870","teamwork"
"2_7_4",1,"RSndSnd",1.40290924730768,0.194682781898724,7.20612903527075,5.75648566799383e-13,TRUE,1997.20396337883,2020.07897049228,"185","565","870","teamwork"
"2_7_4",1,"CovSnd.1",-5.43637991641461,0.219800994739714,-24.7331906884786,4.70234449123277e-135,TRUE,1997.20396337883,2020.07897049228,"185","565","870","teamwork"
"2_7_4",1,"PSAB-BA",2.61901026096201,0.320293645457419,8.17690359489255,2.91230833176737e-16,TRUE,1997.20396337883,2020.07897049228,"185","565","870","teamwork"
"2_7_4",1,"PSAB-BY",0.60293921459805,0.253711136853358,2.37647910169013,0.0174787514712607,FALSE,1997.20396337883,2020.07897049228,"185","565","870","teamwork"
"2_7_4",1,"PSAB-XA",1.75634765572012,0.238210395111878,7.37309408724686,1.66712740196692e-13,TRUE,1997.20396337883,2020.07897049228,"185","565","870","teamwork"
"2_7_4",1,"PSAB-XB",0.674324612607367,0.213182314579745,3.16313580672342,0.00156079502768493,FALSE,1997.20396337883,2020.07897049228,"185","565","870","teamwork"
