"Team_ID","Round_Number","Covariate","Estimate","SE","Z_value","p_value","AIC","BIC"
"2_3_5","2","RRecSnd","-0.582743534582762","0.250967896072244","-2.32198438008586","0.0202337767096597","2163.04954457885","2178.93029324172"
"2_3_5","2","RSndSnd","2.06065392344764","0.184267044371064","11.1829759384323","4.94049712532723e-29","2163.04954457885","2178.93029324172"
"2_3_5","2","CovSnd.1","-6.20652706125662","0.147696361283937","-42.0222069609755","0","2163.04954457885","2178.93029324172"
"2_3_5","2","PSAB-BA","1.3224911868653","0.385599593122884","3.42970068032164","0.000604247415590645","2163.04954457885","2178.93029324172"
"2_3_5","2","PSAB-BY","0.0920336408528123","0.239708259404059","0.383940215834106","0.701022758498981","2163.04954457885","2178.93029324172"
