"Team_ID","Round_Number","Covariate","Estimate","SE","Z_value","p_value","AIC","BIC"
"2_6_1","3","RRecSnd","0.328174140853267","0.232898517339201","1.40908643216179","0.158809612262048","1636.88737701513","1651.45065144381"
"2_6_1","3","RSndSnd","2.23460405689493","0.207803675861528","10.7534385406348","5.70927483261456e-27","1636.88737701513","1651.45065144381"
"2_6_1","3","CovSnd.1","-6.5119394594174","0.176600433694167","-36.8738588190256","1.21289756408432e-297","1636.88737701513","1651.45065144381"
"2_6_1","3","PSAB-BA","0.818349926814913","0.384488100231112","2.12841418583049","0.0333027580052625","1636.88737701513","1651.45065144381"
"2_6_1","3","PSAB-BY","0.364261423920838","0.257190278357138","1.41631101396072","0.156684464528649","1636.88737701513","1651.45065144381"
