"Team_ID","Round_Number","Covariate","Estimate","SE","Z_value","p_value","Significant_at_0.001","AIC","BIC","participant1","participant2","participant3","Vero_type"
"4_1_1",2,"RRecSnd",-0.855786706036488,0.231423031982948,-3.69793230476535,0.000217362834680311,TRUE,2680.66994090297,2704.97583561867,"193","272","705","unleashed"
"4_1_1",2,"RSndSnd",2.05760956329424,0.157666670601421,13.0503774541916,6.32333396429968e-39,TRUE,2680.66994090297,2704.97583561867,"193","272","705","unleashed"
"4_1_1",2,"CovSnd.1",-6.608591310173,0.157706831989216,-41.9042804095189,0,TRUE,2680.66994090297,2704.97583561867,"193","272","705","unleashed"
"4_1_1",2,"PSAB-BA",2.90149898592194,0.302361489952216,9.5961261018408,8.30056688111057e-22,TRUE,2680.66994090297,2704.97583561867,"193","272","705","unleashed"
"4_1_1",2,"PSAB-BY",1.28395124939219,0.19997930809711,6.42042050054851,1.35898427277832e-10,TRUE,2680.66994090297,2704.97583561867,"193","272","705","unleashed"
"4_1_1",2,"PSAB-XA",1.60216774783898,0.18312535419762,8.74902197382234,2.15209758390263e-18,TRUE,2680.66994090297,2704.97583561867,"193","272","705","unleashed"
"4_1_1",2,"PSAB-XB",0.681916800762491,0.202068971946656,3.37467348001606,0.000739033195508223,TRUE,2680.66994090297,2704.97583561867,"193","272","705","unleashed"
