"file_name","Team_ID","Round_Number","Covariate","Estimate","SE","Z_value","p_value","Significant_at_0.001","Significant_at_0.05","AIC","BIC","participant1","participant2","participant3","Vero_type"
"03_06_2021PM_vero #4_task_round 1_otter.ai_made_perfect.csv","1_4_8",1,"RRecSnd",-0.919710156690555,0.260601210832831,-3.52918604541913,0.000416839974197765,TRUE,TRUE,1674.7278279491,1699.07522888446,"510","882","888","taskwork"
"03_06_2021PM_vero #4_task_round 1_otter.ai_made_perfect.csv","1_4_8",1,"RSndSnd",1.79065907693677,0.221231491322832,8.09405146721972,5.77122859716287e-16,TRUE,TRUE,1674.7278279491,1699.07522888446,"510","882","888","taskwork"
"03_06_2021PM_vero #4_task_round 1_otter.ai_made_perfect.csv","1_4_8",1,"CovSnd.1",-6.24505044419282,0.28823240607996,-21.6667186355873,4.22835818338861e-104,TRUE,TRUE,1674.7278279491,1699.07522888446,"510","882","888","taskwork"
"03_06_2021PM_vero #4_task_round 1_otter.ai_made_perfect.csv","1_4_8",1,"PSAB-BA",2.18357665751411,0.360444151129379,6.05801661830914,1.37810161978726e-09,TRUE,TRUE,1674.7278279491,1699.07522888446,"510","882","888","taskwork"
"03_06_2021PM_vero #4_task_round 1_otter.ai_made_perfect.csv","1_4_8",1,"PSAB-BY",1.1024822744313,0.28809251988335,3.82683408398698,0.00012980194135636,TRUE,TRUE,1674.7278279491,1699.07522888446,"510","882","888","taskwork"
"03_06_2021PM_vero #4_task_round 1_otter.ai_made_perfect.csv","1_4_8",1,"PSAB-XA",1.56262956242377,0.300256930013069,5.20430806494876,1.94720757318922e-07,TRUE,TRUE,1674.7278279491,1699.07522888446,"510","882","888","taskwork"
"03_06_2021PM_vero #4_task_round 1_otter.ai_made_perfect.csv","1_4_8",1,"PSAB-XB",0.76871950448816,0.292252819474613,2.63032365562836,0.00853036127053657,FALSE,TRUE,1674.7278279491,1699.07522888446,"510","882","888","taskwork"
"03_06_2021PM_vero #4_task_round 1_otter.ai_made_perfect.csv","1_4_8",1,"PSAB-AY",0.965055000604524,0.324110908047523,2.97754557666113,0.00290566439665171,FALSE,TRUE,1674.7278279491,1699.07522888446,"510","882","888","taskwork"
