"file_name","Team_ID","Round_Number","Covariate","Estimate","SE","Z_value","p_value","Significant_at_0.001","Significant_at_0.05","AIC","BIC","participant1","participant2","participant3","Vero_type"
"03_02_2021_vero #3_team_round 2_otter.ai_made_perfect.csv","2_3_5",2,"RRecSnd",-0.890145101062948,0.267059889886597,-3.33312913983801,0.000858750727466966,TRUE,TRUE,2125.77992679472,2151.18912465531,"431","716","802","teamwork"
"03_02_2021_vero #3_team_round 2_otter.ai_made_perfect.csv","2_3_5",2,"RSndSnd",2.18208035469318,0.193813604373888,11.258654219565,2.09940211031575e-29,TRUE,TRUE,2125.77992679472,2151.18912465531,"431","716","802","teamwork"
"03_02_2021_vero #3_team_round 2_otter.ai_made_perfect.csv","2_3_5",2,"CovSnd.1",-6.72093320644304,0.195162597038059,-34.4376089908886,6.90251358428917e-260,TRUE,TRUE,2125.77992679472,2151.18912465531,"431","716","802","teamwork"
"03_02_2021_vero #3_team_round 2_otter.ai_made_perfect.csv","2_3_5",2,"PSAB-BA",2.09517157911254,0.417114786154723,5.02300960948281,5.08679984714197e-07,TRUE,TRUE,2125.77992679472,2151.18912465531,"431","716","802","teamwork"
"03_02_2021_vero #3_team_round 2_otter.ai_made_perfect.csv","2_3_5",2,"PSAB-BY",0.589065036773931,0.266330209480746,2.21178452839581,0.0269815566353447,FALSE,TRUE,2125.77992679472,2151.18912465531,"431","716","802","teamwork"
"03_02_2021_vero #3_team_round 2_otter.ai_made_perfect.csv","2_3_5",2,"PSAB-XA",1.44547530784603,0.21313098737691,6.78209830318943,1.18442832359625e-11,TRUE,TRUE,2125.77992679472,2151.18912465531,"431","716","802","teamwork"
"03_02_2021_vero #3_team_round 2_otter.ai_made_perfect.csv","2_3_5",2,"PSAB-XB",0.603463205011339,0.221522788091129,2.72415858526974,0.00644655438247973,FALSE,TRUE,2125.77992679472,2151.18912465531,"431","716","802","teamwork"
"03_02_2021_vero #3_team_round 2_otter.ai_made_perfect.csv","2_3_5",2,"PSAB-AY",0.525899889222066,0.288781347874351,1.82110061156334,0.0685915643477572,FALSE,FALSE,2125.77992679472,2151.18912465531,"431","716","802","teamwork"
