"file_name","Team_ID","Round_Number","Covariate","Estimate","SE","Z_value","p_value","Significant_at_0.001","Significant_at_0.05","AIC","BIC","participant1","participant2","participant3","Vero_type"
"03_04_2021_vero #4_task+team_round 3_otter.ai_made_perfect.csv",346,3,"RRecSnd",-0.0755551860726317,0.195295303384033,-0.386876615891056,0.698847553573765,FALSE,FALSE,2429.41732229168,2457.22903070713,"522","816",-1,"combined"
"03_04_2021_vero #4_task+team_round 3_otter.ai_made_perfect.csv",346,3,"RSndSnd",2.50405652930027,0.171590985525897,14.5931706238866,3.10428437241042e-48,TRUE,TRUE,2429.41732229168,2457.22903070713,"522","816",-1,"combined"
"03_04_2021_vero #4_task+team_round 3_otter.ai_made_perfect.csv",346,3,"CovSnd.1",-6.47353185895171,0.19624161390255,-32.9875592144609,1.22492786262248e-238,TRUE,TRUE,2429.41732229168,2457.22903070713,"522","816",-1,"combined"
"03_04_2021_vero #4_task+team_round 3_otter.ai_made_perfect.csv",346,3,"PSAB-BA",1.78060218775709,0.247274317947965,7.20091840727185,5.98083308325104e-13,TRUE,TRUE,2429.41732229168,2457.22903070713,"522","816",-1,"combined"
"03_04_2021_vero #4_task+team_round 3_otter.ai_made_perfect.csv",346,3,"PSAB-BY",0.80413145484404,0.227562671919346,3.53367029865533,0.000409831969322299,TRUE,TRUE,2429.41732229168,2457.22903070713,"522","816",-1,"combined"
"03_04_2021_vero #4_task+team_round 3_otter.ai_made_perfect.csv",346,3,"PSAB-XA",0.979620607728419,0.194710491413416,5.03116499073723,4.87508375595558e-07,TRUE,TRUE,2429.41732229168,2457.22903070713,"522","816",-1,"combined"
"03_04_2021_vero #4_task+team_round 3_otter.ai_made_perfect.csv",346,3,"PSAB-XB",0.459179921253399,0.224213118417375,2.04796188775462,0.0405637339619718,FALSE,TRUE,2429.41732229168,2457.22903070713,"522","816",-1,"combined"
"03_04_2021_vero #4_task+team_round 3_otter.ai_made_perfect.csv",346,3,"PSAB-AY",0.318559251518726,0.274427930758936,1.16081205960976,0.245718337608052,FALSE,FALSE,2429.41732229168,2457.22903070713,"522","816",-1,"combined"
