"Team_ID","Round_Number","Covariate","Estimate","SE","Z_value","p_value","AIC","BIC"
"3_5_6","2","RRecSnd","-0.226780974502476","0.245750183439955","-0.922811008024683","0.356105703197477","1823.97055336853","1839.73701134102"
"3_5_6","2","RSndSnd","2.3859796436229","0.185081276229124","12.8915236172736","5.02413028492462e-38","1823.97055336853","1839.73701134102"
"3_5_6","2","CovSnd.1","-6.36754407598505","0.168462600610974","-37.7979685276819","0","1823.97055336853","1839.73701134102"
"3_5_6","2","PSAB-BA","2.21382866270823","0.260498165991755","8.4984424142867","1.92151532463105e-17","1823.97055336853","1839.73701134102"
"3_5_6","2","PSAB-BY","0.493472910900219","0.249412457343978","1.97854155383925","0.0478676456482487","1823.97055336853","1839.73701134102"
