"Team_ID","Round_Number","Covariate","Estimate","SE","Z_value","p_value","Significant_at_0.001","AIC","BIC","participant1","participant2","participant3","Vero_type"
"2_3_5",3,"RRecSnd",-0.485888196383895,0.274466987179824,-1.77029740944966,0.0766776094033743,FALSE,1886.72792998202,1908.07692203276,"431","716","802","teamwork"
"2_3_5",3,"RSndSnd",2.26664020848167,0.200426912208085,11.3090611610502,1.18349061958972e-29,TRUE,1886.72792998202,1908.07692203276,"431","716","802","teamwork"
"2_3_5",3,"CovSnd.1",-7.09440475072279,0.196361582827938,-36.1292909160305,7.86832846332308e-286,TRUE,1886.72792998202,1908.07692203276,"431","716","802","teamwork"
"2_3_5",3,"PSAB-BA",2.59333684122448,0.352584226751472,7.35522648054379,1.90603667700294e-13,TRUE,1886.72792998202,1908.07692203276,"431","716","802","teamwork"
"2_3_5",3,"PSAB-BY",0.785226791503731,0.292335250898975,2.68604894240103,0.00723024970778462,FALSE,1886.72792998202,1908.07692203276,"431","716","802","teamwork"
"2_3_5",3,"PSAB-XA",1.51608480539702,0.229805397823135,6.59725498077223,4.18840079218164e-11,TRUE,1886.72792998202,1908.07692203276,"431","716","802","teamwork"
"2_3_5",3,"PSAB-XB",0.690855991973268,0.227791388445342,3.03284508114334,0.00242259934031554,FALSE,1886.72792998202,1908.07692203276,"431","716","802","teamwork"
