"Team_ID","Round_Number","Covariate","Estimate","SE","Z_value","p_value","AIC","BIC"
"4_5_4","1","RRecSnd","0.78767465699778","0.411017235609621","1.91640298448677","0.05531382123612","1338.26833556176","1354.37011468715"
"4_5_4","1","RSndSnd","2.15925658049658","0.26584209053945","8.12232771761231","4.57326427556867e-16","1338.26833556176","1354.37011468715"
"4_5_4","1","CovSnd.1","-6.68054919173952","0.417255692249704","-16.0106843736995","1.07619525897006e-57","1338.26833556176","1354.37011468715"
"4_5_4","1","PSAB-BA","2.02099950455793","0.206837201928977","9.77096714570665","1.50013114862583e-22","1338.26833556176","1354.37011468715"
"4_5_4","1","PSAB-BY","1.70574337637396","0.403491711161188","4.2274558043958","2.36348579205262e-05","1338.26833556176","1354.37011468715"
