"file_name","Team_ID","Round_Number","Covariate","Estimate","SE","Z_value","p_value","Significant_at_0.001","Significant_at_0.05","AIC","BIC","participant1","participant2","participant3","Vero_type"
"03_02_2021_vero #1_task_round 2_otter.ai_made_perfect.csv","1_1_5",2,"RRecSnd",-0.783158235756848,0.214164430872943,-3.65680814766795,0.00025537536958718,TRUE,TRUE,2989.14532933123,3017.96227989827,"241","597","718","taskwork"
"03_02_2021_vero #1_task_round 2_otter.ai_made_perfect.csv","1_1_5",2,"RSndSnd",2.3383504513562,0.160118563288017,14.6038685542665,2.65350969920211e-48,TRUE,TRUE,2989.14532933123,3017.96227989827,"241","597","718","taskwork"
"03_02_2021_vero #1_task_round 2_otter.ai_made_perfect.csv","1_1_5",2,"CovSnd.1",-6.74995488892049,0.173879515073182,-38.8197246011388,0,TRUE,TRUE,2989.14532933123,3017.96227989827,"241","597","718","taskwork"
"03_02_2021_vero #1_task_round 2_otter.ai_made_perfect.csv","1_1_5",2,"PSAB-BA",2.89780423711662,0.310179790856308,9.34233732351392,9.42305489157522e-21,TRUE,TRUE,2989.14532933123,3017.96227989827,"241","597","718","taskwork"
"03_02_2021_vero #1_task_round 2_otter.ai_made_perfect.csv","1_1_5",2,"PSAB-BY",1.13525684782374,0.21082843001133,5.38474269225798,7.25483556819022e-08,TRUE,TRUE,2989.14532933123,3017.96227989827,"241","597","718","taskwork"
"03_02_2021_vero #1_task_round 2_otter.ai_made_perfect.csv","1_1_5",2,"PSAB-XA",1.40040573007244,0.190703565498527,7.34336417052073,2.08290772208455e-13,TRUE,TRUE,2989.14532933123,3017.96227989827,"241","597","718","taskwork"
"03_02_2021_vero #1_task_round 2_otter.ai_made_perfect.csv","1_1_5",2,"PSAB-XB",0.843160836946557,0.193064504175758,4.36724938406584,1.25821038067933e-05,TRUE,TRUE,2989.14532933123,3017.96227989827,"241","597","718","taskwork"
"03_02_2021_vero #1_task_round 2_otter.ai_made_perfect.csv","1_1_5",2,"PSAB-AY",1.36471620026495,0.211480010937244,6.45316876151441,1.09535262396646e-10,TRUE,TRUE,2989.14532933123,3017.96227989827,"241","597","718","taskwork"
