"file_name","Team_ID","Round_Number","Covariate","Estimate","SE","Z_value","p_value","Significant_at_0.001","Significant_at_0.05","AIC","BIC","participant1","participant2","participant3","Vero_type"
"02_25_2021_vero #5_team_round 3_otter.ai_made_perfect.csv","2_5_1",3,"RRecSnd",-0.946441460661202,0.237275020817255,-3.98879518544067,6.6409728316896e-05,TRUE,TRUE,2399.80677959678,2426.7718838218,"524","739","997","teamwork"
"02_25_2021_vero #5_team_round 3_otter.ai_made_perfect.csv","2_5_1",3,"RSndSnd",2.52319942909036,0.180120139700013,14.0084247841063,1.38441655887915e-44,TRUE,TRUE,2399.80677959678,2426.7718838218,"524","739","997","teamwork"
"02_25_2021_vero #5_team_round 3_otter.ai_made_perfect.csv","2_5_1",3,"CovSnd.1",-6.65736444311719,0.184452090419872,-36.0926483834524,2.95787500019615e-285,TRUE,TRUE,2399.80677959678,2426.7718838218,"524","739","997","teamwork"
"02_25_2021_vero #5_team_round 3_otter.ai_made_perfect.csv","2_5_1",3,"PSAB-BA",2.7322130658658,0.326560973098816,8.36662458449696,5.92922253729615e-17,TRUE,TRUE,2399.80677959678,2426.7718838218,"524","739","997","teamwork"
"02_25_2021_vero #5_team_round 3_otter.ai_made_perfect.csv","2_5_1",3,"PSAB-BY",0.92469069921015,0.235321598681476,3.92947653080405,8.51309846499069e-05,TRUE,TRUE,2399.80677959678,2426.7718838218,"524","739","997","teamwork"
"02_25_2021_vero #5_team_round 3_otter.ai_made_perfect.csv","2_5_1",3,"PSAB-XA",1.23614110616497,0.206100592130845,5.99775620916311,2.00062565165438e-09,TRUE,TRUE,2399.80677959678,2426.7718838218,"524","739","997","teamwork"
"02_25_2021_vero #5_team_round 3_otter.ai_made_perfect.csv","2_5_1",3,"PSAB-XB",0.137315818401433,0.226949353532164,0.605050493708379,0.545145446941952,FALSE,FALSE,2399.80677959678,2426.7718838218,"524","739","997","teamwork"
"02_25_2021_vero #5_team_round 3_otter.ai_made_perfect.csv","2_5_1",3,"PSAB-AY",1.07542598245494,0.231719378495848,4.64107054591556,3.46608758011432e-06,TRUE,TRUE,2399.80677959678,2426.7718838218,"524","739","997","teamwork"
