"Team_ID","Round_Number","Covariate","Estimate","SE","Z_value","p_value","AIC","BIC"
NA,"3","RRecSnd","-0.0406044524965782","0.209135367024469","-0.194153925633379","0.846055358337642","2234.91036952902","2251.99087154004"
NA,"3","RSndSnd","2.32913961749935","0.165223543669023","14.096899060373","3.96827333515752e-45","2234.91036952902","2251.99087154004"
NA,"3","CovSnd.1","-6.14107605299374","0.15332737693559","-40.0520518626852","0","2234.91036952902","2251.99087154004"
NA,"3","PSAB-BA","2.01554855868362","0.221321173606266","9.10689440979248","8.47738323945383e-20","2234.91036952902","2251.99087154004"
NA,"3","PSAB-BY","0.876395176637908","0.190115940739192","4.60979323054336","4.03069651795077e-06","2234.91036952902","2251.99087154004"
