"file_name","Team_ID","Round_Number","Covariate","Estimate","SE","Z_value","p_value","Significant_at_0.001","Significant_at_0.05","AIC","BIC","participant1","participant2","participant3","Vero_type"
"03_06_2021AM_vero #10_team_round 3_otter.ai_made_perfect.csv",2107,3,"RRecSnd",0.448959763540285,0.229271839336761,1.95819846361873,0.0502067293521144,FALSE,FALSE,1798.15573475952,1823.65482120625,"514","539",-1,"teamwork"
"03_06_2021AM_vero #10_team_round 3_otter.ai_made_perfect.csv",2107,3,"RSndSnd",2.84573793959075,0.222237430783857,12.8049443766224,1.5383600885902e-37,TRUE,TRUE,1798.15573475952,1823.65482120625,"514","539",-1,"teamwork"
"03_06_2021AM_vero #10_team_round 3_otter.ai_made_perfect.csv",2107,3,"CovSnd.1",-7.5601508633238,0.279181108294213,-27.0797365535085,1.70607931265283e-161,TRUE,TRUE,1798.15573475952,1823.65482120625,"514","539",-1,"teamwork"
"03_06_2021AM_vero #10_team_round 3_otter.ai_made_perfect.csv",2107,3,"PSAB-BA",1.94143750685276,0.265028319146466,7.32539644482232,2.38193499430523e-13,TRUE,TRUE,1798.15573475952,1823.65482120625,"514","539",-1,"teamwork"
"03_06_2021AM_vero #10_team_round 3_otter.ai_made_perfect.csv",2107,3,"PSAB-BY",1.69339966660682,0.287905278466617,5.88179444165062,4.05842183579572e-09,TRUE,TRUE,1798.15573475952,1823.65482120625,"514","539",-1,"teamwork"
"03_06_2021AM_vero #10_team_round 3_otter.ai_made_perfect.csv",2107,3,"PSAB-XA",0.986586607669183,0.263996936827365,3.73711384505321,0.000186144655452292,TRUE,TRUE,1798.15573475952,1823.65482120625,"514","539",-1,"teamwork"
"03_06_2021AM_vero #10_team_round 3_otter.ai_made_perfect.csv",2107,3,"PSAB-XB",0.668205928978156,0.310882241710223,2.14938597104237,0.0316038165948316,FALSE,TRUE,1798.15573475952,1823.65482120625,"514","539",-1,"teamwork"
"03_06_2021AM_vero #10_team_round 3_otter.ai_made_perfect.csv",2107,3,"PSAB-AY",0.856886596347093,0.34317151405555,2.4969630673028,0.0125262002065759,FALSE,TRUE,1798.15573475952,1823.65482120625,"514","539",-1,"teamwork"
