"Team_ID","Round_Number","Covariate","Estimate","SE","Z_value","p_value","Significant_at_0.001","AIC","BIC","participant1","participant2","Vero_type"
346,3,"RRecSnd",-0.0785497640742081,0.195185258637629,-0.402436969997,0.687362466541503,FALSE,2428.70292643785,2453.03817130137,"522","816","combined"
346,3,"RSndSnd",2.45812670581685,0.164747500609255,14.9205705502446,2.42193585164677e-50,TRUE,2428.70292643785,2453.03817130137,"522","816","combined"
346,3,"CovSnd.1",-6.36968189704254,0.170303424052883,-37.4019602510435,3.63095284681801e-306,TRUE,2428.70292643785,2453.03817130137,"522","816","combined"
346,3,"PSAB-BA",1.71541878257104,0.238943787175231,7.17917298813475,7.01343605063167e-13,TRUE,2428.70292643785,2453.03817130137,"522","816","combined"
346,3,"PSAB-BY",0.724715926516894,0.214879721621357,3.37265853217144,0.000744462156847415,TRUE,2428.70292643785,2453.03817130137,"522","816","combined"
346,3,"PSAB-XA",0.908396345440916,0.182351626520548,4.98156426007286,6.30723322183796e-07,TRUE,2428.70292643785,2453.03817130137,"522","816","combined"
346,3,"PSAB-XB",0.386255599628083,0.213051178271444,1.81297096200971,0.0698363001216462,FALSE,2428.70292643785,2453.03817130137,"522","816","combined"
