"file_name","Team_ID","Round_Number","Covariate","Estimate","SE","Z_value","p_value","Significant_at_0.001","Significant_at_0.05","AIC","BIC","participant1","participant2","participant3","Vero_type"
"05_20_2021_vero #3_round 2_otter.ai_made_perfect.csv","4_5_3",2,"RRecSnd",-0.662205019354875,0.223606785393938,-2.96147104028279,0.00306173285176474,FALSE,TRUE,2687.42288116736,2715.13353560757,"142","194","753","unleashed"
"05_20_2021_vero #3_round 2_otter.ai_made_perfect.csv","4_5_3",2,"RSndSnd",1.83259572712448,0.164640120079629,11.130918309815,8.87167831853028e-29,TRUE,TRUE,2687.42288116736,2715.13353560757,"142","194","753","unleashed"
"05_20_2021_vero #3_round 2_otter.ai_made_perfect.csv","4_5_3",2,"CovSnd.1",-6.12604426253413,0.161184956594211,-38.0063027715214,0,TRUE,TRUE,2687.42288116736,2715.13353560757,"142","194","753","unleashed"
"05_20_2021_vero #3_round 2_otter.ai_made_perfect.csv","4_5_3",2,"PSAB-BA",1.5777132755392,0.404899544979916,3.89655482477131,9.75707282052034e-05,TRUE,TRUE,2687.42288116736,2715.13353560757,"142","194","753","unleashed"
"05_20_2021_vero #3_round 2_otter.ai_made_perfect.csv","4_5_3",2,"PSAB-BY",0.379394711971984,0.246771628389218,1.53743246113199,0.124187442303056,FALSE,FALSE,2687.42288116736,2715.13353560757,"142","194","753","unleashed"
"05_20_2021_vero #3_round 2_otter.ai_made_perfect.csv","4_5_3",2,"PSAB-XA",1.22909544813975,0.18368340818219,6.69137980563083,2.21076044355619e-11,TRUE,TRUE,2687.42288116736,2715.13353560757,"142","194","753","unleashed"
"05_20_2021_vero #3_round 2_otter.ai_made_perfect.csv","4_5_3",2,"PSAB-XB",0.829504210881307,0.176066626766067,4.71130858878461,2.46131207180678e-06,TRUE,TRUE,2687.42288116736,2715.13353560757,"142","194","753","unleashed"
"05_20_2021_vero #3_round 2_otter.ai_made_perfect.csv","4_5_3",2,"PSAB-AY",0.170138783507243,0.26913942290936,0.632158535780695,0.527283288667852,FALSE,FALSE,2687.42288116736,2715.13353560757,"142","194","753","unleashed"
