"file_name","Team_ID","Round_Number","Covariate","Estimate","SE","Z_value","p_value","Significant_at_0.001","Significant_at_0.05","AIC","BIC","participant1","participant2","participant3","Vero_type"
"02_25_2021_vero #4_team_round 1_otter.ai_made_perfect.csv",241,1,"RRecSnd",-1.16372809204653,0.268194423484081,-4.33912113804858,1.43053656221327e-05,TRUE,TRUE,1913.20906195209,1938.61825981268,"227","532","963","teamwork"
"02_25_2021_vero #4_team_round 1_otter.ai_made_perfect.csv",241,1,"RSndSnd",1.36813267039289,0.221768575165232,6.1691908755492,6.86403275695327e-10,TRUE,TRUE,1913.20906195209,1938.61825981268,"227","532","963","teamwork"
"02_25_2021_vero #4_team_round 1_otter.ai_made_perfect.csv",241,1,"CovSnd.1",-5.75108806924976,0.283595627282961,-20.2791845711766,1.9635944048813e-91,TRUE,TRUE,1913.20906195209,1938.61825981268,"227","532","963","teamwork"
"02_25_2021_vero #4_team_round 1_otter.ai_made_perfect.csv",241,1,"PSAB-BA",2.3218845040665,0.352652922164341,6.5840500904299,4.57802775908965e-11,TRUE,TRUE,1913.20906195209,1938.61825981268,"227","532","963","teamwork"
"02_25_2021_vero #4_team_round 1_otter.ai_made_perfect.csv",241,1,"PSAB-BY",0.872301225999242,0.285861708011378,3.05147979443446,0.0022771637432939,FALSE,TRUE,1913.20906195209,1938.61825981268,"227","532","963","teamwork"
"02_25_2021_vero #4_team_round 1_otter.ai_made_perfect.csv",241,1,"PSAB-XA",1.47481426905299,0.285200989828293,5.17114007893489,2.32670064490108e-07,TRUE,TRUE,1913.20906195209,1938.61825981268,"227","532","963","teamwork"
"02_25_2021_vero #4_team_round 1_otter.ai_made_perfect.csv",241,1,"PSAB-XB",0.632758608295753,0.269215410331794,2.35038034232851,0.0187542365275949,FALSE,TRUE,1913.20906195209,1938.61825981268,"227","532","963","teamwork"
"02_25_2021_vero #4_team_round 1_otter.ai_made_perfect.csv",241,1,"PSAB-AY",1.18975476830673,0.284271958549616,4.18526953687931,2.84827921419031e-05,TRUE,TRUE,1913.20906195209,1938.61825981268,"227","532","963","teamwork"
