"Team_ID","Round_Number","Covariate","Estimate","SE","Z_value","p_value","Significant_at_0.001","AIC","BIC","participant1","participant2","Vero_type"
NA,1,"RRecSnd",-0.200423208125886,0.543249111480062,-0.368934258502218,0.712176727239461,FALSE,641.013541249617,656.852300388907,"10","370",NA
NA,1,"RSndSnd",2.29897826272197,0.381925182166278,6.01944666146958,1.75014314557548e-09,TRUE,641.013541249617,656.852300388907,"10","370",NA
NA,1,"CovSnd.1",-6.87557413268097,0.556133746948319,-12.3631665411592,4.13539596702778e-35,TRUE,641.013541249617,656.852300388907,"10","370",NA
NA,1,"PSAB-BA",2.30421079858011,0.448708432933344,5.1352072514367,2.81833268300974e-07,TRUE,641.013541249617,656.852300388907,"10","370",NA
NA,1,"PSAB-BY",1.49398265068418,0.543484994575298,2.74889401841102,0.00597967171125139,FALSE,641.013541249617,656.852300388907,"10","370",NA
NA,1,"PSAB-XA",1.97650285957826,0.488965259521376,4.04221531303259,5.29485783757695e-05,TRUE,641.013541249617,656.852300388907,"10","370",NA
NA,1,"PSAB-XB",1.43070321853437,0.664485816097673,2.15309820597295,0.0313109612304684,FALSE,641.013541249617,656.852300388907,"10","370",NA
