"file_name","Team_ID","Round_Number","Covariate","Estimate","SE","Z_value","p_value","Significant_at_0.001","Significant_at_0.05","AIC","BIC","participant1","participant2","participant3","Vero_type"
"05_13_2021_vero #7_round 3_otter.ai_made_perfect.csv","4_3_7",3,"RRecSnd",0.21782761213941,0.219673441546851,0.991597393865898,0.321393961099963,FALSE,FALSE,2029.68650262096,2056.27058245406,"631","842",-1,"unleashed"
"05_13_2021_vero #7_round 3_otter.ai_made_perfect.csv","4_3_7",3,"RSndSnd",2.69481615026563,0.190422108218094,14.151802936554,1.82029813458958e-45,TRUE,TRUE,2029.68650262096,2056.27058245406,"631","842",-1,"unleashed"
"05_13_2021_vero #7_round 3_otter.ai_made_perfect.csv","4_3_7",3,"CovSnd.1",-7.03616021474707,0.236233977574168,-29.7847087324176,6.16412033106531e-195,TRUE,TRUE,2029.68650262096,2056.27058245406,"631","842",-1,"unleashed"
"05_13_2021_vero #7_round 3_otter.ai_made_perfect.csv","4_3_7",3,"PSAB-BA",1.90780061455558,0.27688321448978,6.89027183562261,5.56858745576376e-12,TRUE,TRUE,2029.68650262096,2056.27058245406,"631","842",-1,"unleashed"
"05_13_2021_vero #7_round 3_otter.ai_made_perfect.csv","4_3_7",3,"PSAB-BY",1.64536754886289,0.230114921308526,7.15019929827525,8.66520009352341e-13,TRUE,TRUE,2029.68650262096,2056.27058245406,"631","842",-1,"unleashed"
"05_13_2021_vero #7_round 3_otter.ai_made_perfect.csv","4_3_7",3,"PSAB-XA",1.08803520808131,0.22711676698823,4.790642375328,1.66248208023472e-06,TRUE,TRUE,2029.68650262096,2056.27058245406,"631","842",-1,"unleashed"
"05_13_2021_vero #7_round 3_otter.ai_made_perfect.csv","4_3_7",3,"PSAB-XB",0.274282317731484,0.309979097979518,0.884841331300369,0.376242214195969,FALSE,FALSE,2029.68650262096,2056.27058245406,"631","842",-1,"unleashed"
"05_13_2021_vero #7_round 3_otter.ai_made_perfect.csv","4_3_7",3,"PSAB-AY",0.591686746275167,0.318617388800731,1.85704474103646,0.0633047889586891,FALSE,FALSE,2029.68650262096,2056.27058245406,"631","842",-1,"unleashed"
