"Team_ID","Round_Number","Covariate","Estimate","SE","Z_value","p_value","Significant_at_0.001","AIC","BIC","participant1","participant2","participant3","Vero_type"
116,3,"RRecSnd",-0.113711344426437,0.201693874753781,-0.563781842979867,0.572902610207741,FALSE,2474.54104199003,2498.07008714999,"342","399","429","taskwork"
116,3,"RSndSnd",1.97589053640212,0.164176738354152,12.0351430794042,2.32231057885109e-33,TRUE,2474.54104199003,2498.07008714999,"342","399","429","taskwork"
116,3,"CovSnd.1",-6.31863753492635,0.148025983301278,-42.6860027814575,0,TRUE,2474.54104199003,2498.07008714999,"342","399","429","taskwork"
116,3,"PSAB-BA",1.6488239383767,0.266953701123059,6.17644157559976,6.5562455068508e-10,TRUE,2474.54104199003,2498.07008714999,"342","399","429","taskwork"
116,3,"PSAB-BY",0.429046160150404,0.218131737782552,1.96691304306256,0.0491932365858408,FALSE,2474.54104199003,2498.07008714999,"342","399","429","taskwork"
116,3,"PSAB-XA",0.911291394438335,0.183343839762215,4.97039549089962,6.68164692580475e-07,TRUE,2474.54104199003,2498.07008714999,"342","399","429","taskwork"
116,3,"PSAB-XB",-0.00214147250772122,0.243087577995129,-0.0088094691032058,0.992971151528143,FALSE,2474.54104199003,2498.07008714999,"342","399","429","taskwork"
