"file_name","Team_ID","Round_Number","Covariate","Estimate","SE","Z_value","p_value","Significant_at_0.001","Significant_at_0.05","AIC","BIC","participant1","participant2","participant3","Vero_type"
"05_20_2021_vero #1_round 2_otter.ai_made_perfect.csv",451,2,"RRecSnd",-0.316168294584708,0.214327677023537,-1.47516316593114,0.140168681635863,FALSE,FALSE,2689.68998098967,2717.66732679201,"108","179","326","unleashed"
"05_20_2021_vero #1_round 2_otter.ai_made_perfect.csv",451,2,"RSndSnd",2.16761580550033,0.161636279122638,13.4104535025562,5.25167010080015e-41,TRUE,TRUE,2689.68998098967,2717.66732679201,"108","179","326","unleashed"
"05_20_2021_vero #1_round 2_otter.ai_made_perfect.csv",451,2,"CovSnd.1",-6.60645828979069,0.176520885856549,-37.4259298424294,1.48002411854401e-306,TRUE,TRUE,2689.68998098967,2717.66732679201,"108","179","326","unleashed"
"05_20_2021_vero #1_round 2_otter.ai_made_perfect.csv",451,2,"PSAB-BA",2.22516890406856,0.299705471342927,7.42451879205933,1.13190672878732e-13,TRUE,TRUE,2689.68998098967,2717.66732679201,"108","179","326","unleashed"
"05_20_2021_vero #1_round 2_otter.ai_made_perfect.csv",451,2,"PSAB-BY",1.25301202970414,0.217996124934437,5.74786377547302,9.03780052071138e-09,TRUE,TRUE,2689.68998098967,2717.66732679201,"108","179","326","unleashed"
"05_20_2021_vero #1_round 2_otter.ai_made_perfect.csv",451,2,"PSAB-XA",1.34421909042159,0.194968892318034,6.89453109385725,5.40427645767226e-12,TRUE,TRUE,2689.68998098967,2717.66732679201,"108","179","326","unleashed"
"05_20_2021_vero #1_round 2_otter.ai_made_perfect.csv",451,2,"PSAB-XB",0.845305012875809,0.20069979149997,4.21178819648118,2.53357047821166e-05,TRUE,TRUE,2689.68998098967,2717.66732679201,"108","179","326","unleashed"
"05_20_2021_vero #1_round 2_otter.ai_made_perfect.csv",451,2,"PSAB-AY",0.552233271022497,0.267492055254058,2.06448475824075,0.0389717775612751,FALSE,TRUE,2689.68998098967,2717.66732679201,"108","179","326","unleashed"
