"Team_ID","Round_Number","Covariate","Estimate","SE","Z_value","p_value","Significant_at_0.001","AIC","BIC","participant1","participant2","participant3","Vero_type"
116,1,"RRecSnd",-0.929135010380033,0.22361464980618,-4.15507217968665,3.25184869690775e-05,TRUE,2080.45154706426,2103.46941627912,"342","399","429","taskwork"
116,1,"RSndSnd",1.45468387078053,0.193976288654095,7.49928705654621,6.41658696652389e-14,TRUE,2080.45154706426,2103.46941627912,"342","399","429","taskwork"
116,1,"CovSnd.1",-5.20837557208025,0.200564665821638,-25.968560068861,1.12230251358811e-148,TRUE,2080.45154706426,2103.46941627912,"342","399","429","taskwork"
116,1,"PSAB-BA",1.5765478823832,0.276922560623684,5.69310018957105,1.24753131077831e-08,TRUE,2080.45154706426,2103.46941627912,"342","399","429","taskwork"
116,1,"PSAB-BY",0.261710728916978,0.232219159596371,1.12699886336626,0.259742961553927,FALSE,2080.45154706426,2103.46941627912,"342","399","429","taskwork"
116,1,"PSAB-XA",0.795526301261684,0.210089080342431,3.78661423033044,0.000152713908350457,TRUE,2080.45154706426,2103.46941627912,"342","399","429","taskwork"
116,1,"PSAB-XB",0.111282041957306,0.218052458534418,0.510345275193219,0.609809588904085,FALSE,2080.45154706426,2103.46941627912,"342","399","429","taskwork"
