"file_name","Team_ID","Round_Number","Covariate","Estimate","SE","Z_value","p_value","Significant_at_0.001","Significant_at_0.05","AIC","BIC","participant1","participant2","participant3","Vero_type"
"03_06_2021PM_vero #4_task_round 2_otter.ai_made_perfect.csv","1_4_8",2,"RRecSnd",-0.748227039622976,0.247676958740434,-3.02097959950776,0.00251958335141834,FALSE,TRUE,2370.09882510287,2396.52526436734,"510","882","888","taskwork"
"03_06_2021PM_vero #4_task_round 2_otter.ai_made_perfect.csv","1_4_8",2,"RSndSnd",1.94878759798759,0.178156458225546,10.9386301086005,7.5329498841739e-28,TRUE,TRUE,2370.09882510287,2396.52526436734,"510","882","888","taskwork"
"03_06_2021PM_vero #4_task_round 2_otter.ai_made_perfect.csv","1_4_8",2,"CovSnd.1",-6.61515638425915,0.185157896847789,-35.7271091154011,1.50019492917092e-279,TRUE,TRUE,2370.09882510287,2396.52526436734,"510","882","888","taskwork"
"03_06_2021PM_vero #4_task_round 2_otter.ai_made_perfect.csv","1_4_8",2,"PSAB-BA",1.49330542813225,0.52043605526947,2.86933507587026,0.00411335784517977,FALSE,TRUE,2370.09882510287,2396.52526436734,"510","882","888","taskwork"
"03_06_2021PM_vero #4_task_round 2_otter.ai_made_perfect.csv","1_4_8",2,"PSAB-BY",0.874096249102863,0.248533187091874,3.51702023915116,0.000436420503700215,TRUE,TRUE,2370.09882510287,2396.52526436734,"510","882","888","taskwork"
"03_06_2021PM_vero #4_task_round 2_otter.ai_made_perfect.csv","1_4_8",2,"PSAB-XA",1.55241753802541,0.20441536903943,7.59442670734784,3.09158072657154e-14,TRUE,TRUE,2370.09882510287,2396.52526436734,"510","882","888","taskwork"
"03_06_2021PM_vero #4_task_round 2_otter.ai_made_perfect.csv","1_4_8",2,"PSAB-XB",0.859062501812714,0.208410699963215,4.1219692749189,3.75647312341068e-05,TRUE,TRUE,2370.09882510287,2396.52526436734,"510","882","888","taskwork"
"03_06_2021PM_vero #4_task_round 2_otter.ai_made_perfect.csv","1_4_8",2,"PSAB-AY",0.855666356542723,0.256291499959649,3.33864508451291,0.000841880535369021,TRUE,TRUE,2370.09882510287,2396.52526436734,"510","882","888","taskwork"
