"Team_ID","Round_Number","Covariate","Estimate","SE","Z_value","p_value","AIC","BIC"
"1_3_4","3","RRecSnd","-0.703329123507442","0.287752073472031","-2.44421913288422","0.0145166062800468","2019.87355768422","2035.31153936038"
"1_3_4","3","RSndSnd","1.79227766838379","0.193014105366857","9.28573414350858","1.60596181370388e-20","2019.87355768422","2035.31153936038"
"1_3_4","3","CovSnd.1","-6.17132523127437","0.152401824660348","-40.4937752223647","0","2019.87355768422","2035.31153936038"
"1_3_4","3","PSAB-BA","1.7127261259911","0.376849604301441","4.54485318928739","5.49735565707952e-06","2019.87355768422","2035.31153936038"
"1_3_4","3","PSAB-BY","0.183704866877044","0.231609732179836","0.793165577059622","0.427681360197815","2019.87355768422","2035.31153936038"
