"Team_ID","Round_Number","Covariate","Estimate","SE","Z_value","p_value","Significant_at_0.001","AIC","BIC","participant1","participant2","participant3","Vero_type"
"3_2_4",2,"RRecSnd",-1.54705909108183,0.271567254722913,-5.69678068388744,1.22090816680863e-08,TRUE,2651.26171479995,2675.3586387736,"307","454","836","combined"
"3_2_4",2,"RSndSnd",2.20728650947958,0.163242366832787,13.5215296880653,1.1672318876149e-41,TRUE,2651.26171479995,2675.3586387736,"307","454","836","combined"
"3_2_4",2,"CovSnd.1",-6.45285079383233,0.151952379850739,-42.4662700259838,0,TRUE,2651.26171479995,2675.3586387736,"307","454","836","combined"
"3_2_4",2,"PSAB-BA",2.79749611024885,0.371524760725952,7.5297703032837,5.08296588563436e-14,TRUE,2651.26171479995,2675.3586387736,"307","454","836","combined"
"3_2_4",2,"PSAB-BY",0.830000557379655,0.208737171588576,3.97629493138672,6.99973054235876e-05,TRUE,2651.26171479995,2675.3586387736,"307","454","836","combined"
"3_2_4",2,"PSAB-XA",1.33322795118991,0.175193601167521,7.61002652097479,2.74039684253493e-14,TRUE,2651.26171479995,2675.3586387736,"307","454","836","combined"
"3_2_4",2,"PSAB-XB",0.355537113507753,0.190092148884781,1.87034086149056,0.0614364986582058,FALSE,2651.26171479995,2675.3586387736,"307","454","836","combined"
