"Team_ID","Round_Number","Covariate","Estimate","SE","Z_value","p_value","Significant_at_0.001","AIC","BIC","participant1","participant2","participant3","Vero_type"
"4_1_2",1,"RRecSnd",-1.21260608228144,0.258160890270522,-4.69709443986954,2.6388845762969e-06,TRUE,1980.72014318831,2003.70256928947,"498","664","928","unleashed"
"4_1_2",1,"RSndSnd",1.29886100657126,0.191193285577174,6.79344466857327,1.09487242187731e-11,TRUE,1980.72014318831,2003.70256928947,"498","664","928","unleashed"
"4_1_2",1,"CovSnd.1",-5.28448407703381,0.21785580427204,-24.2567972640977,5.60564831927313e-130,TRUE,1980.72014318831,2003.70256928947,"498","664","928","unleashed"
"4_1_2",1,"PSAB-BA",2.556357813797,0.288717407802697,8.85418663617247,8.42962358592913e-19,TRUE,1980.72014318831,2003.70256928947,"498","664","928","unleashed"
"4_1_2",1,"PSAB-BY",0.579818084031871,0.247258160382421,2.34499068963022,0.0190275547303774,FALSE,1980.72014318831,2003.70256928947,"498","664","928","unleashed"
"4_1_2",1,"PSAB-XA",1.64311476136012,0.226820638806974,7.24411486539555,4.35272413850106e-13,TRUE,1980.72014318831,2003.70256928947,"498","664","928","unleashed"
"4_1_2",1,"PSAB-XB",0.418850881596127,0.235885448312139,1.77565375309577,0.0757900043631644,FALSE,1980.72014318831,2003.70256928947,"498","664","928","unleashed"
