"Team_ID","Round_Number","Covariate","Estimate","SE","Z_value","p_value","AIC","BIC"
"1_2_6","3","RRecSnd","0.229267223054286","0.184085456889391","1.24543908534851","0.212970393670006","2516.69884797317","2534.2861124555"
"1_2_6","3","RSndSnd","2.47067663857198","0.158048834717613","15.6323622568072","4.38250083751527e-55","2516.69884797317","2534.2861124555"
"1_2_6","3","CovSnd.1","-6.15625088184883","0.146675340480537","-41.9719556244406","0","2516.69884797317","2534.2861124555"
"1_2_6","3","PSAB-BA","1.33473920573442","0.215304570004639","6.19930736122167","5.67121838947855e-10","2516.69884797317","2534.2861124555"
"1_2_6","3","PSAB-BY","0.7569261089578","0.170429991638487","4.44127293371801","8.94282802886706e-06","2516.69884797317","2534.2861124555"
