"Team_ID","Round_Number","Covariate","Estimate","SE","Z_value","p_value","AIC","BIC"
"3108","1","RRecSnd","0.127224536506557","0.220232592574446","0.57768259919817","0.56347842926042","1944.21984501749","1961.53900404262"
"3108","1","RSndSnd","1.82334353370321","0.192856649243559","9.45439807678349","3.24885774307973e-21","1944.21984501749","1961.53900404262"
"3108","1","CovSnd.1","-5.46445239128731","0.229542712533969","-23.8058195399196","2.90704292306061e-125","1944.21984501749","1961.53900404262"
"3108","1","PSAB-BA","1.50479285588192","0.169745798946404","8.86497848678452","7.65188448488847e-19","1944.21984501749","1961.53900404262"
"3108","1","PSAB-BY","0.932331531356359","0.22325708599576","4.17604452372932","2.96621786168041e-05","1944.21984501749","1961.53900404262"
