"Team_ID","Round_Number","Covariate","Estimate","SE","Z_value","p_value","AIC","BIC"
"451","1","RRecSnd","-0.371864973373746","0.178750448056917","-2.08035827275431","0.0374926835636483","2392.08618032439","2409.51016499184"
"451","1","RSndSnd","1.53225717279797","0.176240736707697","8.69411466055822","3.49544563677813e-18","2392.08618032439","2409.51016499184"
"451","1","CovSnd.1","-5.03673118504956","0.170216296958399","-29.590181874774","1.99877269442475e-192","2392.08618032439","2409.51016499184"
"451","1","PSAB-BA","1.40174835391286","0.210533511454917","6.65807711193295","2.77433217725664e-11","2392.08618032439","2409.51016499184"
"451","1","PSAB-BY","0.437798683575096","0.185419829366795","2.36112116525062","0.0182197766316626","2392.08618032439","2409.51016499184"
