"Team_ID","Round_Number","Covariate","Estimate","SE","Z_value","p_value","Significant_at_0.001","AIC","BIC","participant1","participant2","Vero_type"
2107,2,"RRecSnd",0.192889556244308,0.230887546853795,0.835426418066849,0.403477660518621,FALSE,1759.33879350881,1781.12270802731,"514","539","teamwork"
2107,2,"RSndSnd",2.66585715258747,0.197311614714207,13.510898263383,1.34865774152802e-41,TRUE,1759.33879350881,1781.12270802731,"514","539","teamwork"
2107,2,"CovSnd.1",-6.940265926098,0.213294803208764,-32.5383732828464,3.05787390417438e-232,TRUE,1759.33879350881,1781.12270802731,"514","539","teamwork"
2107,2,"PSAB-BA",1.73519478786125,0.283083747668143,6.12961641971549,8.80911955020001e-10,TRUE,1759.33879350881,1781.12270802731,"514","539","teamwork"
2107,2,"PSAB-BY",0.976123880181665,0.250019007940956,3.90419867761488,9.45380961667356e-05,TRUE,1759.33879350881,1781.12270802731,"514","539","teamwork"
2107,2,"PSAB-XA",1.08151987898767,0.227536119911011,4.75317887731692,2.00243037088538e-06,TRUE,1759.33879350881,1781.12270802731,"514","539","teamwork"
2107,2,"PSAB-XB",0.310306565058232,0.252813745405159,1.22741176339496,0.219667867300841,FALSE,1759.33879350881,1781.12270802731,"514","539","teamwork"
