"file_name","Team_ID","Round_Number","Covariate","Estimate","SE","Z_value","p_value","Significant_at_0.001","Significant_at_0.05","AIC","BIC","participant1","participant2","participant3","Vero_type"
"02_25_2021_vero #7_task+team_round 1_otter.ai_made_perfect.csv","3_7_1",1,"RRecSnd",-1.28965694638352,0.271153566411205,-4.75618655307579,1.9728417133743e-06,TRUE,TRUE,1803.88451627111,1828.6834476937,"152","857","945","combined"
"02_25_2021_vero #7_task+team_round 1_otter.ai_made_perfect.csv","3_7_1",1,"RSndSnd",1.36526318382335,0.239823519330951,5.69278270801836,1.24985408623782e-08,TRUE,TRUE,1803.88451627111,1828.6834476937,"152","857","945","combined"
"02_25_2021_vero #7_task+team_round 1_otter.ai_made_perfect.csv","3_7_1",1,"CovSnd.1",-5.6310335853363,0.293129617921925,-19.2100464813355,3.0499288094228e-82,TRUE,TRUE,1803.88451627111,1828.6834476937,"152","857","945","combined"
"02_25_2021_vero #7_task+team_round 1_otter.ai_made_perfect.csv","3_7_1",1,"PSAB-BA",1.91980990497661,0.383074323174481,5.01158597388473,5.39832549690245e-07,TRUE,TRUE,1803.88451627111,1828.6834476937,"152","857","945","combined"
"02_25_2021_vero #7_task+team_round 1_otter.ai_made_perfect.csv","3_7_1",1,"PSAB-BY",0.623497413209571,0.280482624535906,2.222944876679,0.026219517201086,FALSE,TRUE,1803.88451627111,1828.6834476937,"152","857","945","combined"
"02_25_2021_vero #7_task+team_round 1_otter.ai_made_perfect.csv","3_7_1",1,"PSAB-XA",1.62800148142515,0.255223727815837,6.37872307311441,1.78570597692103e-10,TRUE,TRUE,1803.88451627111,1828.6834476937,"152","857","945","combined"
"02_25_2021_vero #7_task+team_round 1_otter.ai_made_perfect.csv","3_7_1",1,"PSAB-XB",0.286497307401543,0.276047415431884,1.0378554240521,0.2993373689788,FALSE,FALSE,1803.88451627111,1828.6834476937,"152","857","945","combined"
"02_25_2021_vero #7_task+team_round 1_otter.ai_made_perfect.csv","3_7_1",1,"PSAB-AY",0.655408025944651,0.306484994890793,2.1384669294436,0.0324788654164621,FALSE,TRUE,1803.88451627111,1828.6834476937,"152","857","945","combined"
