"file_name","Team_ID","Round_Number","Covariate","Estimate","SE","Z_value","p_value","Significant_at_0.001","Significant_at_0.05","AIC","BIC","participant1","participant2","participant3","Vero_type"
"03_09_2021_vero #1_team_round 2_otter.ai_made_perfect.csv","2_1_9",2,"RRecSnd",-0.609522572121684,0.211271650604124,-2.88501827092644,0.00391390946249837,FALSE,TRUE,2804.48310689083,2832.93773138443,"215","758","808","teamwork"
"03_09_2021_vero #1_team_round 2_otter.ai_made_perfect.csv","2_1_9",2,"RSndSnd",2.36347560893552,0.15638001883184,15.1136675042675,1.316063750484e-51,TRUE,TRUE,2804.48310689083,2832.93773138443,"215","758","808","teamwork"
"03_09_2021_vero #1_team_round 2_otter.ai_made_perfect.csv","2_1_9",2,"CovSnd.1",-6.54464165122395,0.163695914489703,-39.9804825406051,0,TRUE,TRUE,2804.48310689083,2832.93773138443,"215","758","808","teamwork"
"03_09_2021_vero #1_team_round 2_otter.ai_made_perfect.csv","2_1_9",2,"PSAB-BA",2.57770151269507,0.278556986928391,9.25376721337714,2.16716719987437e-20,TRUE,TRUE,2804.48310689083,2832.93773138443,"215","758","808","teamwork"
"03_09_2021_vero #1_team_round 2_otter.ai_made_perfect.csv","2_1_9",2,"PSAB-BY",0.425284549731195,0.237979802802948,1.78706152674367,0.073927544850893,FALSE,FALSE,2804.48310689083,2832.93773138443,"215","758","808","teamwork"
"03_09_2021_vero #1_team_round 2_otter.ai_made_perfect.csv","2_1_9",2,"PSAB-XA",1.59297964389837,0.173649739656356,9.17352163643205,4.57812951747837e-20,TRUE,TRUE,2804.48310689083,2832.93773138443,"215","758","808","teamwork"
"03_09_2021_vero #1_team_round 2_otter.ai_made_perfect.csv","2_1_9",2,"PSAB-XB",0.521933938005362,0.187231470572686,2.78764000736052,0.00530935066306286,FALSE,TRUE,2804.48310689083,2832.93773138443,"215","758","808","teamwork"
"03_09_2021_vero #1_team_round 2_otter.ai_made_perfect.csv","2_1_9",2,"PSAB-AY",-0.387865895011635,0.359208251472726,-1.07978002571326,0.28024014790265,FALSE,FALSE,2804.48310689083,2832.93773138443,"215","758","808","teamwork"
