"file_name","Team_ID","Round_Number","Covariate","Estimate","SE","Z_value","p_value","Significant_at_0.001","Significant_at_0.05","AIC","BIC","participant1","participant2","participant3","Vero_type"
"03_04_2021_vero #5_task+team_round 1_otter.ai_made_perfect.csv","3_5_6",1,"RRecSnd",0.18595063718519,0.403641818999684,0.460682289179101,0.645026563458767,FALSE,FALSE,1414.89615678837,1439.64615839483,"296","770",-1,"combined"
"03_04_2021_vero #5_task+team_round 1_otter.ai_made_perfect.csv","3_5_6",1,"RSndSnd",2.3799743466611,0.262348167156285,9.07181617641456,1.17049448664127e-19,TRUE,TRUE,1414.89615678837,1439.64615839483,"296","770",-1,"combined"
"03_04_2021_vero #5_task+team_round 1_otter.ai_made_perfect.csv","3_5_6",1,"CovSnd.1",-7.98924805681545,0.579231046292624,-13.7928519335259,2.81410941597849e-43,TRUE,TRUE,1414.89615678837,1439.64615839483,"296","770",-1,"combined"
"03_04_2021_vero #5_task+team_round 1_otter.ai_made_perfect.csv","3_5_6",1,"PSAB-BA",3.07792588576859,0.441218727229035,6.97596383793303,3.03780865531072e-12,TRUE,TRUE,1414.89615678837,1439.64615839483,"296","770",-1,"combined"
"03_04_2021_vero #5_task+team_round 1_otter.ai_made_perfect.csv","3_5_6",1,"PSAB-BY",2.77778883781847,0.526505267972032,5.27589941980605,1.32106534142935e-07,TRUE,TRUE,1414.89615678837,1439.64615839483,"296","770",-1,"combined"
"03_04_2021_vero #5_task+team_round 1_otter.ai_made_perfect.csv","3_5_6",1,"PSAB-XA",2.55595733602895,0.464180440205419,5.50638741886202,3.66272009636362e-08,TRUE,TRUE,1414.89615678837,1439.64615839483,"296","770",-1,"combined"
"03_04_2021_vero #5_task+team_round 1_otter.ai_made_perfect.csv","3_5_6",1,"PSAB-XB",2.1336557483169,0.572318811498881,3.72808949391151,0.000192936868414,TRUE,TRUE,1414.89615678837,1439.64615839483,"296","770",-1,"combined"
"03_04_2021_vero #5_task+team_round 1_otter.ai_made_perfect.csv","3_5_6",1,"PSAB-AY",1.8629948961093,0.544047360882722,3.42432484754006,0.000616328997300873,TRUE,TRUE,1414.89615678837,1439.64615839483,"296","770",-1,"combined"
