"Team_ID","Round_Number","Covariate","Estimate","SE","Z_value","p_value","AIC","BIC"
"4_5_5","1","RRecSnd","0.517307502982542","0.352391743286363","1.46798985174339","0.142106979528885","1625.46347280866","1642.19901046225"
"4_5_5","1","RSndSnd","1.55437308555918","0.246786283509718","6.29845817787507","3.00620809868681e-10","1625.46347280866","1642.19901046225"
"4_5_5","1","CovSnd.1","-6.02872422008994","0.336665906566396","-17.9071420732083","1.03726499625807e-71","1625.46347280866","1642.19901046225"
"4_5_5","1","PSAB-BA","1.94006488275259","0.201680167895825","9.61951243393801","6.6143938002427e-22","1625.46347280866","1642.19901046225"
"4_5_5","1","PSAB-BY","1.40946520541058","0.342002161537666","4.12121724340433","3.76875828235343e-05","1625.46347280866","1642.19901046225"
