"Team_ID","Round_Number","Covariate","Estimate","SE","Z_value","p_value","Significant_at_0.001","AIC","BIC","participant1","participant2","participant3","Vero_type"
"4_1_2",2,"RRecSnd",-0.612921006019745,0.241205901886059,-2.54106968870636,0.0110513889569964,FALSE,2245.14374770981,2267.64829801307,"498","664","928","unleashed"
"4_1_2",2,"RSndSnd",1.9819451072059,0.182597611476677,10.854167758153,1.90534507644678e-27,TRUE,2245.14374770981,2267.64829801307,"498","664","928","unleashed"
"4_1_2",2,"CovSnd.1",-6.76412791888511,0.16802358383251,-40.2570149058823,0,TRUE,2245.14374770981,2267.64829801307,"498","664","928","unleashed"
"4_1_2",2,"PSAB-BA",2.27894757923675,0.363624174567462,6.26731592295149,3.67324442815179e-10,TRUE,2245.14374770981,2267.64829801307,"498","664","928","unleashed"
"4_1_2",2,"PSAB-BY",0.727650253484638,0.228982542108191,3.17775428111385,0.00148420478168264,FALSE,2245.14374770981,2267.64829801307,"498","664","928","unleashed"
"4_1_2",2,"PSAB-XA",1.47406276140087,0.194810972605562,7.56663108697393,3.83027651348488e-14,TRUE,2245.14374770981,2267.64829801307,"498","664","928","unleashed"
"4_1_2",2,"PSAB-XB",0.456684005170978,0.228234740872134,2.00093992450882,0.0453988643836826,FALSE,2245.14374770981,2267.64829801307,"498","664","928","unleashed"
