"Team_ID","Round_Number","Covariate","Estimate","SE","Z_value","p_value","AIC","BIC"
"3_13_8","2","RRecSnd","-0.13628450514323","0.18758180656766","-0.726533706210324","0.46751165208569","2724.01812434093","2741.87889450182"
"3_13_8","2","RSndSnd","2.45202583532243","0.153503532576543","15.9737420642078","1.94743573826278e-57","2724.01812434093","2741.87889450182"
"3_13_8","2","CovSnd.1","-5.93541504608705","0.135812239609412","-43.7030937944691","0","2724.01812434093","2741.87889450182"
"3_13_8","2","PSAB-BA","1.24102691373414","0.247697531053684","5.01025144842953","5.43589635453281e-07","2724.01812434093","2741.87889450182"
"3_13_8","2","PSAB-BY","0.354385755990967","0.168044872180738","2.1088757508162","0.0349553078213035","2724.01812434093","2741.87889450182"
