"file_name","Team_ID","Round_Number","Covariate","Estimate","SE","Z_value","p_value","Significant_at_0.001","Significant_at_0.05","AIC","BIC","participant1","participant2","participant3","Vero_type"
"02_25_2021_vero #2_task_round 2_otter.ai_made_perfect.csv",121,2,"RRecSnd",-0.253859083565479,0.199648726322074,-1.27152869062612,0.203540627267647,FALSE,FALSE,2840.90247189213,2868.84696343886,"177","346","823","taskwork"
"02_25_2021_vero #2_task_round 2_otter.ai_made_perfect.csv",121,2,"RSndSnd",2.1870378658413,0.158481052828123,13.799995815356,2.54867423269628e-43,TRUE,TRUE,2840.90247189213,2868.84696343886,"177","346","823","taskwork"
"02_25_2021_vero #2_task_round 2_otter.ai_made_perfect.csv",121,2,"CovSnd.1",-6.9928578228344,0.174989751287155,-39.9615278689051,0,TRUE,TRUE,2840.90247189213,2868.84696343886,"177","346","823","taskwork"
"02_25_2021_vero #2_task_round 2_otter.ai_made_perfect.csv",121,2,"PSAB-BA",2.13946332350402,0.289775905036655,7.38316501240291,1.54570256861532e-13,TRUE,TRUE,2840.90247189213,2868.84696343886,"177","346","823","taskwork"
"02_25_2021_vero #2_task_round 2_otter.ai_made_perfect.csv",121,2,"PSAB-BY",0.999062862005671,0.218420644765133,4.5740312829859,4.78428358280745e-06,TRUE,TRUE,2840.90247189213,2868.84696343886,"177","346","823","taskwork"
"02_25_2021_vero #2_task_round 2_otter.ai_made_perfect.csv",121,2,"PSAB-XA",1.6165693021282,0.184488683398563,8.76243069411373,1.91084594876597e-18,TRUE,TRUE,2840.90247189213,2868.84696343886,"177","346","823","taskwork"
"02_25_2021_vero #2_task_round 2_otter.ai_made_perfect.csv",121,2,"PSAB-XB",0.496841060552281,0.223281886066672,2.22517405824816,0.0260695556410522,FALSE,TRUE,2840.90247189213,2868.84696343886,"177","346","823","taskwork"
"02_25_2021_vero #2_task_round 2_otter.ai_made_perfect.csv",121,2,"PSAB-AY",0.666614892568908,0.258746133633176,2.57632793660974,0.00998558904539891,FALSE,TRUE,2840.90247189213,2868.84696343886,"177","346","823","taskwork"
