"Team_ID","Round_Number","Covariate","Estimate","SE","Z_value","p_value","Significant_at_0.001","AIC","BIC","participant1","participant2","Vero_type"
"2_3_6",2,"RRecSnd",-0.118833503133892,0.232065808857403,-0.512068122912978,0.608603333342632,FALSE,1840.54090077139,1862.61394193287,"425","446","teamwork"
"2_3_6",2,"RSndSnd",2.55736243910437,0.188764076103824,13.5479297326561,8.14963269125253e-42,TRUE,1840.54090077139,1862.61394193287,"425","446","teamwork"
"2_3_6",2,"CovSnd.1",-6.76600108189909,0.197086540178681,-34.3301022777353,2.79081076273993e-258,TRUE,1840.54090077139,1862.61394193287,"425","446","teamwork"
"2_3_6",2,"PSAB-BA",1.97477578871288,0.289700908207098,6.81660199456876,9.32190526006553e-12,TRUE,1840.54090077139,1862.61394193287,"425","446","teamwork"
"2_3_6",2,"PSAB-BY",1.01927448975035,0.240849270801853,4.23200155996698,2.31620802004324e-05,TRUE,1840.54090077139,1862.61394193287,"425","446","teamwork"
"2_3_6",2,"PSAB-XA",1.26013379575836,0.225968574884365,5.57658867567408,2.45280907834945e-08,TRUE,1840.54090077139,1862.61394193287,"425","446","teamwork"
"2_3_6",2,"PSAB-XB",0.232299821828523,0.260450039292733,0.891917015867405,0.372437413436733,FALSE,1840.54090077139,1862.61394193287,"425","446","teamwork"
