"file_name","Team_ID","Round_Number","Covariate","Estimate","SE","Z_value","p_value","Significant_at_0.001","Significant_at_0.05","AIC","BIC","participant1","participant2","participant3","Vero_type"
"03_06_2021PM_vero #13_task+team_round 1_otter.ai_made_perfect.csv","3_13_8",1,"RRecSnd",-0.737026748276669,0.411627626054372,-1.79051818105939,0.0733706471226633,FALSE,FALSE,1375.85611024838,1400.20351118373,"744","824",-1,"combined"
"03_06_2021PM_vero #13_task+team_round 1_otter.ai_made_perfect.csv","3_13_8",1,"RSndSnd",2.0179170417339,0.240285005815709,8.39801482778157,4.54089866925422e-17,TRUE,TRUE,1375.85611024838,1400.20351118373,"744","824",-1,"combined"
"03_06_2021PM_vero #13_task+team_round 1_otter.ai_made_perfect.csv","3_13_8",1,"CovSnd.1",-6.6839878691677,0.445535345479237,-15.0021495196484,7.10795747565265e-51,TRUE,TRUE,1375.85611024838,1400.20351118373,"744","824",-1,"combined"
"03_06_2021PM_vero #13_task+team_round 1_otter.ai_made_perfect.csv","3_13_8",1,"PSAB-BA",2.91975168108766,0.424863245235191,6.8722152688717,6.32124653331822e-12,TRUE,TRUE,1375.85611024838,1400.20351118373,"744","824",-1,"combined"
"03_06_2021PM_vero #13_task+team_round 1_otter.ai_made_perfect.csv","3_13_8",1,"PSAB-BY",1.76423874830669,0.419330974767541,4.20727028163065,2.5847393153117e-05,TRUE,TRUE,1375.85611024838,1400.20351118373,"744","824",-1,"combined"
"03_06_2021PM_vero #13_task+team_round 1_otter.ai_made_perfect.csv","3_13_8",1,"PSAB-XA",2.63425896762126,0.42900088457011,6.14045113277791,8.22874468480545e-10,TRUE,TRUE,1375.85611024838,1400.20351118373,"744","824",-1,"combined"
"03_06_2021PM_vero #13_task+team_round 1_otter.ai_made_perfect.csv","3_13_8",1,"PSAB-XB",0.756586040805014,0.527477100159926,1.43434860124852,0.151472807440018,FALSE,FALSE,1375.85611024838,1400.20351118373,"744","824",-1,"combined"
"03_06_2021PM_vero #13_task+team_round 1_otter.ai_made_perfect.csv","3_13_8",1,"PSAB-AY",0.577542899205982,0.526039049199924,1.09790879609488,0.272244316644625,FALSE,FALSE,1375.85611024838,1400.20351118373,"744","824",-1,"combined"
