"file_name","Team_ID","Round_Number","Covariate","Estimate","SE","Z_value","p_value","Significant_at_0.001","Significant_at_0.05","AIC","BIC","participant1","participant2","participant3","Vero_type"
"03_06_2021AM_vero #2_task_round 3_otter.ai_made_perfect.csv","1_2_7",3,"RRecSnd",-0.475025153842992,0.299324214519804,-1.5869920667964,0.112514441389227,FALSE,FALSE,1612.33180427285,1636.09031066945,"516","773",-1,"taskwork"
"03_06_2021AM_vero #2_task_round 3_otter.ai_made_perfect.csv","1_2_7",3,"RSndSnd",2.42777549921954,0.22536588525351,10.7725954018665,4.63740988531474e-27,TRUE,TRUE,1612.33180427285,1636.09031066945,"516","773",-1,"taskwork"
"03_06_2021AM_vero #2_task_round 3_otter.ai_made_perfect.csv","1_2_7",3,"CovSnd.1",-6.84004077407478,0.251507417313646,-27.1961791311499,7.20716135674543e-163,TRUE,TRUE,1612.33180427285,1636.09031066945,"516","773",-1,"taskwork"
"03_06_2021AM_vero #2_task_round 3_otter.ai_made_perfect.csv","1_2_7",3,"PSAB-BA",2.04088076507101,0.367478658999484,5.55373955763205,2.7962200706922e-08,TRUE,TRUE,1612.33180427285,1636.09031066945,"516","773",-1,"taskwork"
"03_06_2021AM_vero #2_task_round 3_otter.ai_made_perfect.csv","1_2_7",3,"PSAB-BY",1.03136816895712,0.279841228402603,3.68554760441984,0.000228211418585496,TRUE,TRUE,1612.33180427285,1636.09031066945,"516","773",-1,"taskwork"
"03_06_2021AM_vero #2_task_round 3_otter.ai_made_perfect.csv","1_2_7",3,"PSAB-XA",0.886263407846594,0.250996692679423,3.53097643791883,0.000414028627725627,TRUE,TRUE,1612.33180427285,1636.09031066945,"516","773",-1,"taskwork"
"03_06_2021AM_vero #2_task_round 3_otter.ai_made_perfect.csv","1_2_7",3,"PSAB-XB",0.437978337596704,0.284429474149477,1.53984863525969,0.123597253647553,FALSE,FALSE,1612.33180427285,1636.09031066945,"516","773",-1,"taskwork"
"03_06_2021AM_vero #2_task_round 3_otter.ai_made_perfect.csv","1_2_7",3,"PSAB-AY",0.268379129689348,0.357709237670885,0.75027173308919,0.453091063421933,FALSE,FALSE,1612.33180427285,1636.09031066945,"516","773",-1,"taskwork"
