"file_name","Team_ID","Round_Number","Covariate","Estimate","SE","Z_value","p_value","Significant_at_0.001","Significant_at_0.05","AIC","BIC","participant1","participant2","participant3","Vero_type"
"02_25_2021_vero #4_team_round 2_otter.ai_made_perfect.csv",241,2,"RRecSnd",0.0204515894761801,0.216200014726305,0.094595689561217,0.924635973715619,FALSE,FALSE,2336.346466239,2362.48933151151,"227","532","963","teamwork"
"02_25_2021_vero #4_team_round 2_otter.ai_made_perfect.csv",241,2,"RSndSnd",2.53355059743726,0.187807341568229,13.490157393644,1.78718616653511e-41,TRUE,TRUE,2336.346466239,2362.48933151151,"227","532","963","teamwork"
"02_25_2021_vero #4_team_round 2_otter.ai_made_perfect.csv",241,2,"CovSnd.1",-7.50064027665577,0.208442928323812,-35.9841436549176,1.48089034107848e-283,TRUE,TRUE,2336.346466239,2362.48933151151,"227","532","963","teamwork"
"02_25_2021_vero #4_team_round 2_otter.ai_made_perfect.csv",241,2,"PSAB-BA",2.0280648332986,0.333439652491674,6.08225451935188,1.18504250880031e-09,TRUE,TRUE,2336.346466239,2362.48933151151,"227","532","963","teamwork"
"02_25_2021_vero #4_team_round 2_otter.ai_made_perfect.csv",241,2,"PSAB-BY",1.34275814315718,0.239761764937157,5.60038479658808,2.13876507207592e-08,TRUE,TRUE,2336.346466239,2362.48933151151,"227","532","963","teamwork"
"02_25_2021_vero #4_team_round 2_otter.ai_made_perfect.csv",241,2,"PSAB-XA",1.06629843147852,0.227845070234162,4.67992759458283,2.86976247101564e-06,TRUE,TRUE,2336.346466239,2362.48933151151,"227","532","963","teamwork"
"02_25_2021_vero #4_team_round 2_otter.ai_made_perfect.csv",241,2,"PSAB-XB",0.876017885488287,0.221898023120859,3.94783997246859,7.88594866427631e-05,TRUE,TRUE,2336.346466239,2362.48933151151,"227","532","963","teamwork"
"02_25_2021_vero #4_team_round 2_otter.ai_made_perfect.csv",241,2,"PSAB-AY",0.888218767990327,0.282492020504654,3.14422604363684,0.00166526752661851,FALSE,TRUE,2336.346466239,2362.48933151151,"227","532","963","teamwork"
