"Team_ID","Round_Number","Covariate","Estimate","SE","Z_value","p_value","Significant_at_0.001","AIC","BIC","participant1","participant2","Vero_type"
2107,1,"RRecSnd",-0.367034242602324,0.243795400314411,-1.50550109694021,0.132195295049645,FALSE,1816.12966286919,1839.32210472249,"514","539","teamwork"
2107,1,"RSndSnd",2.09451558975727,0.210534700882369,9.94855280853455,2.55877042139183e-23,TRUE,1816.12966286919,1839.32210472249,"514","539","teamwork"
2107,1,"CovSnd.1",-5.5574949456934,0.248320487390442,-22.3803319818521,6.11873271957808e-111,TRUE,1816.12966286919,1839.32210472249,"514","539","teamwork"
2107,1,"PSAB-BA",1.34283333949285,0.234070927071369,5.73686513012964,9.64449965295493e-09,TRUE,1816.12966286919,1839.32210472249,"514","539","teamwork"
2107,1,"PSAB-BY",0.576814932828343,0.240158722419618,2.401807134119,0.0163143073230491,FALSE,1816.12966286919,1839.32210472249,"514","539","teamwork"
2107,1,"PSAB-XA",1.12543543564148,0.24370838965375,4.61795934575926,3.87532149829332e-06,TRUE,1816.12966286919,1839.32210472249,"514","539","teamwork"
2107,1,"PSAB-XB",-0.245238231457493,0.318086667877582,-0.770979284022914,0.440719210727189,FALSE,1816.12966286919,1839.32210472249,"514","539","teamwork"
