"Team_ID","Round_Number","Covariate","Estimate","SE","Z_value","p_value","AIC","BIC"
"2_7_8","1","RRecSnd","-0.193559282012056","0.266081309796482","-0.727444111576659","0.466953940391332","1254.90242797442","1269.12336340671"
"2_7_8","1","RSndSnd","1.72734622784096","0.262974562105151","6.56849169749837","5.08274660359659e-11","1254.90242797442","1269.12336340671"
"2_7_8","1","CovSnd.1","-5.58359381876822","0.277125947035508","-20.1482173664987","2.78980391563385e-90","1254.90242797442","1269.12336340671"
"2_7_8","1","PSAB-BA","1.10016230263983","0.234334962858822","4.69482781919586","2.66831380279327e-06","1254.90242797442","1269.12336340671"
"2_7_8","1","PSAB-BY","0.423464260076399","0.278173815939541","1.52230093492493","0.127933693931514","1254.90242797442","1269.12336340671"
