"file_name","Team_ID","Round_Number","Covariate","Estimate","SE","Z_value","p_value","Significant_at_0.001","Significant_at_0.05","AIC","BIC","participant1","participant2","participant3","Vero_type"
"05_05_2021_vero #2_round 2_otter.ai_made_perfect.csv","4_1_2",2,"RRecSnd",-0.624199466059971,0.240936400333094,-2.59072296754254,0.00957745563296776,FALSE,TRUE,2245.44624679123,2271.16573285211,"498","664","928","unleashed"
"05_05_2021_vero #2_round 2_otter.ai_made_perfect.csv","4_1_2",2,"RSndSnd",2.02081809865934,0.18693901671917,10.8100391995488,3.0853819759966e-27,TRUE,TRUE,2245.44624679123,2271.16573285211,"498","664","928","unleashed"
"05_05_2021_vero #2_round 2_otter.ai_made_perfect.csv","4_1_2",2,"CovSnd.1",-6.87144988443762,0.19080521185601,-36.0129045616591,5.25447801580597e-284,TRUE,TRUE,2245.44624679123,2271.16573285211,"498","664","928","unleashed"
"05_05_2021_vero #2_round 2_otter.ai_made_perfect.csv","4_1_2",2,"PSAB-BA",2.38671847820093,0.37421719038026,6.37789641832239,1.79536869523826e-10,TRUE,TRUE,2245.44624679123,2271.16573285211,"498","664","928","unleashed"
"05_05_2021_vero #2_round 2_otter.ai_made_perfect.csv","4_1_2",2,"PSAB-BY",0.814903112531628,0.240978215553465,3.38164638932197,0.00072052830055188,TRUE,TRUE,2245.44624679123,2271.16573285211,"498","664","928","unleashed"
"05_05_2021_vero #2_round 2_otter.ai_made_perfect.csv","4_1_2",2,"PSAB-XA",1.56458660532527,0.209483391393404,7.46878592578743,8.09380873917993e-14,TRUE,TRUE,2245.44624679123,2271.16573285211,"498","664","928","unleashed"
"05_05_2021_vero #2_round 2_otter.ai_made_perfect.csv","4_1_2",2,"PSAB-XB",0.538218826472914,0.239202629082343,2.25005397531663,0.0244455192026213,FALSE,TRUE,2245.44624679123,2271.16573285211,"498","664","928","unleashed"
"05_05_2021_vero #2_round 2_otter.ai_made_perfect.csv","4_1_2",2,"PSAB-AY",0.408284267465149,0.30312603327023,1.3469125797624,0.17800838950835,FALSE,FALSE,2245.44624679123,2271.16573285211,"498","664","928","unleashed"
