"Team_ID","Round_Number","Covariate","Estimate","SE","Z_value","p_value","Significant_at_0.001","AIC","BIC","participant1","participant2","Vero_type"
"3_5_6",3,"RRecSnd",-0.115320986523075,0.216763916030941,-0.532011917087776,0.594717741761077,FALSE,1927.56550157402,1949.95498079288,"296","770","combined"
"3_5_6",3,"RSndSnd",2.44371292763615,0.183213310634792,13.3380752695819,1.39002196971945e-40,TRUE,1927.56550157402,1949.95498079288,"296","770","combined"
"3_5_6",3,"CovSnd.1",-6.57677900611238,0.188966255820497,-34.8039864448592,2.11692863275792e-265,TRUE,1927.56550157402,1949.95498079288,"296","770","combined"
"3_5_6",3,"PSAB-BA",1.89755542486247,0.282295855590607,6.72186781096196,1.794096839182e-11,TRUE,1927.56550157402,1949.95498079288,"296","770","combined"
"3_5_6",3,"PSAB-BY",1.04895887211108,0.227642415247994,4.60792366382311,4.06709913844906e-06,TRUE,1927.56550157402,1949.95498079288,"296","770","combined"
"3_5_6",3,"PSAB-XA",0.835967790574449,0.211233058804556,3.95756135571531,7.57188417530535e-05,TRUE,1927.56550157402,1949.95498079288,"296","770","combined"
"3_5_6",3,"PSAB-XB",0.264565446547484,0.252758021205802,1.04671434475295,0.29523134573404,FALSE,1927.56550157402,1949.95498079288,"296","770","combined"
