"Team_ID","Round_Number","Covariate","Estimate","SE","Z_value","p_value","Significant_at_0.001","AIC","BIC","participant1","participant2","Vero_type"
"2_7_8",1,"RRecSnd",-0.400992872095433,0.351846536901831,-1.13968116789313,0.25441915568927,FALSE,1225.18192754619,1245.0912371514,"219","493","teamwork"
"2_7_8",1,"RSndSnd",2.1209875936628,0.263352179108403,8.05380688644215,8.02578142210827e-16,TRUE,1225.18192754619,1245.0912371514,"219","493","teamwork"
"2_7_8",1,"CovSnd.1",-6.54218014361936,0.37120587648505,-17.6241287060628,1.60827289235725e-69,TRUE,1225.18192754619,1245.0912371514,"219","493","teamwork"
"2_7_8",1,"PSAB-BA",1.93558938561742,0.326300626900296,5.93192052373486,2.99411557578446e-09,TRUE,1225.18192754619,1245.0912371514,"219","493","teamwork"
"2_7_8",1,"PSAB-BY",1.10006031860578,0.350855514251107,3.13536562466129,0.00171640042093951,FALSE,1225.18192754619,1245.0912371514,"219","493","teamwork"
"2_7_8",1,"PSAB-XA",1.81061507342238,0.353167041839544,5.12679513918232,2.94715897753579e-07,TRUE,1225.18192754619,1245.0912371514,"219","493","teamwork"
"2_7_8",1,"PSAB-XB",1.35480719556691,0.35229176515913,3.84569646399469,0.000120210500740986,TRUE,1225.18192754619,1245.0912371514,"219","493","teamwork"
