"file_name","Team_ID","Round_Number","Covariate","Estimate","SE","Z_value","p_value","Significant_at_0.001","Significant_at_0.05","AIC","BIC","participant1","participant2","participant3","Vero_type"
"03_10_2021_vero#1_team_round 3_otter.ai_made_perfect.csv",2111,3,"RRecSnd",0.253674843575561,0.263459881952101,0.962859474831468,0.33561804905536,FALSE,FALSE,1774.63453233775,1799.90697473147,"112","781",-1,"teamwork"
"03_10_2021_vero#1_team_round 3_otter.ai_made_perfect.csv",2111,3,"RSndSnd",2.77046635132961,0.236749340426012,11.7021080031073,1.24326119127308e-31,TRUE,TRUE,1774.63453233775,1799.90697473147,"112","781",-1,"teamwork"
"03_10_2021_vero#1_team_round 3_otter.ai_made_perfect.csv",2111,3,"CovSnd.1",-8.08708332946579,0.316886851045144,-25.5204130521455,1.17014487319789e-143,TRUE,TRUE,1774.63453233775,1799.90697473147,"112","781",-1,"teamwork"
"03_10_2021_vero#1_team_round 3_otter.ai_made_perfect.csv",2111,3,"PSAB-BA",2.65069787438778,0.310485500129425,8.5372678378953,1.37432735582091e-17,TRUE,TRUE,1774.63453233775,1799.90697473147,"112","781",-1,"teamwork"
"03_10_2021_vero#1_team_round 3_otter.ai_made_perfect.csv",2111,3,"PSAB-BY",1.90154923732871,0.335648125761505,5.66530569182996,1.46762651920198e-08,TRUE,TRUE,1774.63453233775,1799.90697473147,"112","781",-1,"teamwork"
"03_10_2021_vero#1_team_round 3_otter.ai_made_perfect.csv",2111,3,"PSAB-XA",1.65311596626731,0.308819079156179,5.35302407734751,8.64963345356219e-08,TRUE,TRUE,1774.63453233775,1799.90697473147,"112","781",-1,"teamwork"
"03_10_2021_vero#1_team_round 3_otter.ai_made_perfect.csv",2111,3,"PSAB-XB",0.855305381488857,0.352694676020767,2.42505895223237,0.015305901060083,FALSE,TRUE,1774.63453233775,1799.90697473147,"112","781",-1,"teamwork"
"03_10_2021_vero#1_team_round 3_otter.ai_made_perfect.csv",2111,3,"PSAB-AY",1.15448849480364,0.379147005600864,3.04496271300898,0.00232709158691878,FALSE,TRUE,1774.63453233775,1799.90697473147,"112","781",-1,"teamwork"
