"Team_ID","Round_Number","Covariate","Estimate","SE","Z_value","p_value","Significant_at_0.001","AIC","BIC","participant1","participant2","participant3","Vero_type"
264,1,"RRecSnd",-1.06179331708985,0.226016722847394,-4.69785290094116,2.6291066594127e-06,TRUE,2076.29242204244,2099.6214535953,"548","623","872","teamwork"
264,1,"RSndSnd",1.81337504425318,0.194110221802582,9.34198635915965,9.45434905138858e-21,TRUE,2076.29242204244,2099.6214535953,"548","623","872","teamwork"
264,1,"CovSnd.1",-5.40642913773115,0.206272080839037,-26.2101837327661,2.03418166829573e-151,TRUE,2076.29242204244,2099.6214535953,"548","623","872","teamwork"
264,1,"PSAB-BA",1.93045231579571,0.284082528470243,6.79539261422028,1.08017951610895e-11,TRUE,2076.29242204244,2099.6214535953,"548","623","872","teamwork"
264,1,"PSAB-BY",0.601595695519683,0.216496449986282,2.77877856915345,0.00545637058562779,FALSE,2076.29242204244,2099.6214535953,"548","623","872","teamwork"
264,1,"PSAB-XA",1.12610992128078,0.205460011551183,5.4809201692284,4.23119382909734e-08,TRUE,2076.29242204244,2099.6214535953,"548","623","872","teamwork"
264,1,"PSAB-XB",-0.00466763419294151,0.218881213928153,-0.0213249648481648,0.982986429296336,FALSE,2076.29242204244,2099.6214535953,"548","623","872","teamwork"
