"Team_ID","Round_Number","Covariate","Estimate","SE","Z_value","p_value","Significant_at_0.001","AIC","BIC","participant1","participant2","Vero_type"
"1_8_12",2,"RRecSnd",-0.291780168444909,0.20254395962409,-1.44057699368787,0.149704223861822,FALSE,2441.5419491163,2465.90642157969,"128","290","taskwork"
"1_8_12",2,"RSndSnd",2.25930849154063,0.157925950660019,14.3061256373529,2.00369304902897e-46,TRUE,2441.5419491163,2465.90642157969,"128","290","taskwork"
"1_8_12",2,"CovSnd.1",-6.30652694042933,0.1661853774935,-37.9487475706219,0,TRUE,2441.5419491163,2465.90642157969,"128","290","taskwork"
"1_8_12",2,"PSAB-BA",2.13864851158193,0.255566197993449,8.36827611935108,5.84672607214172e-17,TRUE,2441.5419491163,2465.90642157969,"128","290","taskwork"
"1_8_12",2,"PSAB-BY",1.04998117434191,0.192555161862198,5.45288510672767,4.95590914830166e-08,TRUE,2441.5419491163,2465.90642157969,"128","290","taskwork"
"1_8_12",2,"PSAB-XA",1.25083624330674,0.177197634548281,7.05898950906097,1.6771773289006e-12,TRUE,2441.5419491163,2465.90642157969,"128","290","taskwork"
"1_8_12",2,"PSAB-XB",-0.0678078364070661,0.26535305600366,-0.255538177808402,0.798307460484112,FALSE,2441.5419491163,2465.90642157969,"128","290","taskwork"
