"file_name","Team_ID","Round_Number","Covariate","Estimate","SE","Z_value","p_value","Significant_at_0.001","Significant_at_0.05","AIC","BIC","participant1","participant2","participant3","Vero_type"
"03_11_2021_vero #8_task_round 2_otter.ai_made_perfect.csv","1_8_12",2,"RRecSnd",-0.294194280046071,0.202408161796468,-1.45347044029725,0.146093181141038,FALSE,FALSE,2440.66839449159,2468.51350587832,"128","290",-1,"taskwork"
"03_11_2021_vero #8_task_round 2_otter.ai_made_perfect.csv","1_8_12",2,"RSndSnd",2.31732015202688,0.163912595622296,14.1375355763793,2.22956438372327e-45,TRUE,TRUE,2440.66839449159,2468.51350587832,"128","290",-1,"taskwork"
"03_11_2021_vero #8_task_round 2_otter.ai_made_perfect.csv","1_8_12",2,"CovSnd.1",-6.46316638469616,0.194623604597359,-33.2085432189342,8.10448726069009e-242,TRUE,TRUE,2440.66839449159,2468.51350587832,"128","290",-1,"taskwork"
"03_11_2021_vero #8_task_round 2_otter.ai_made_perfect.csv","1_8_12",2,"PSAB-BA",2.25884741886956,0.267747761224915,8.43647546681846,3.27050287736043e-17,TRUE,TRUE,2440.66839449159,2468.51350587832,"128","290",-1,"taskwork"
"03_11_2021_vero #8_task_round 2_otter.ai_made_perfect.csv","1_8_12",2,"PSAB-BY",1.17467654019694,0.209386533384067,5.61008638527048,2.02225644531882e-08,TRUE,TRUE,2440.66839449159,2468.51350587832,"128","290",-1,"taskwork"
"03_11_2021_vero #8_task_round 2_otter.ai_made_perfect.csv","1_8_12",2,"PSAB-XA",1.37023981478416,0.194246883525713,7.0541147940877,1.73702937253136e-12,TRUE,TRUE,2440.66839449159,2468.51350587832,"128","290",-1,"taskwork"
"03_11_2021_vero #8_task_round 2_otter.ai_made_perfect.csv","1_8_12",2,"PSAB-XB",0.0518360994649861,0.277112187628207,0.187058172751799,0.85161502254482,FALSE,FALSE,2440.66839449159,2468.51350587832,"128","290",-1,"taskwork"
"03_11_2021_vero #8_task_round 2_otter.ai_made_perfect.csv","1_8_12",2,"PSAB-AY",0.478586751148888,0.273537840437969,1.74961807983352,0.0801842378500492,FALSE,FALSE,2440.66839449159,2468.51350587832,"128","290",-1,"taskwork"
