"file_name","Team_ID","Round_Number","Covariate","Estimate","SE","Z_value","p_value","Significant_at_0.001","Significant_at_0.05","AIC","BIC","participant1","participant2","participant3","Vero_type"
"02_25_2021_vero #5_team_round 2_otter.ai_made_perfect.csv","2_5_1",2,"RRecSnd",-0.166694648608802,0.177128261868103,-0.941095717028654,0.346655810204212,FALSE,FALSE,3584.17593984571,3614.47111889665,"524","739","997","teamwork"
"02_25_2021_vero #5_team_round 2_otter.ai_made_perfect.csv","2_5_1",2,"RSndSnd",2.46688736995701,0.142062663442649,17.3647833299487,1.5247436847752e-67,TRUE,TRUE,3584.17593984571,3614.47111889665,"524","739","997","teamwork"
"02_25_2021_vero #5_team_round 2_otter.ai_made_perfect.csv","2_5_1",2,"CovSnd.1",-6.78670665623892,0.15388853458688,-44.1014444283203,0,TRUE,TRUE,3584.17593984571,3614.47111889665,"524","739","997","teamwork"
"02_25_2021_vero #5_team_round 2_otter.ai_made_perfect.csv","2_5_1",2,"PSAB-BA",2.19155626161269,0.246654857446655,8.88511292378124,6.38558753863567e-19,TRUE,TRUE,3584.17593984571,3614.47111889665,"524","739","997","teamwork"
"02_25_2021_vero #5_team_round 2_otter.ai_made_perfect.csv","2_5_1",2,"PSAB-BY",0.93108928170843,0.181589597855963,5.12743732406395,2.93712712517042e-07,TRUE,TRUE,3584.17593984571,3614.47111889665,"524","739","997","teamwork"
"02_25_2021_vero #5_team_round 2_otter.ai_made_perfect.csv","2_5_1",2,"PSAB-XA",1.23425348274717,0.160060750139568,7.71115643073608,1.24682720541167e-14,TRUE,TRUE,3584.17593984571,3614.47111889665,"524","739","997","teamwork"
"02_25_2021_vero #5_team_round 2_otter.ai_made_perfect.csv","2_5_1",2,"PSAB-XB",0.605414977317228,0.172460990895443,3.51044589372833,0.000447355839326907,TRUE,TRUE,3584.17593984571,3614.47111889665,"524","739","997","teamwork"
"02_25_2021_vero #5_team_round 2_otter.ai_made_perfect.csv","2_5_1",2,"PSAB-AY",0.272400036486391,0.249651112596242,1.09112286203563,0.275218824285068,FALSE,FALSE,3584.17593984571,3614.47111889665,"524","739","997","teamwork"
