"file_name","Team_ID","Round_Number","Covariate","Estimate","SE","Z_value","p_value","Significant_at_0.001","Significant_at_0.05","AIC","BIC","participant1","participant2","participant3","Vero_type"
"02_27_2021_vero #3_task_round 2_otter.ai_made_perfect.csv","1_3_4",2,"RRecSnd",-1.95474090671569,0.369690568133793,-5.2875054848796,1.23995644398965e-07,TRUE,TRUE,1987.28740721562,2012.23135771495,"330","424","766","taskwork"
"02_27_2021_vero #3_task_round 2_otter.ai_made_perfect.csv","1_3_4",2,"RSndSnd",1.87466034770445,0.196689026813441,9.53108761620224,1.55643927523084e-21,TRUE,TRUE,1987.28740721562,2012.23135771495,"330","424","766","taskwork"
"02_27_2021_vero #3_task_round 2_otter.ai_made_perfect.csv","1_3_4",2,"CovSnd.1",-6.49681938186981,0.195173953677489,-33.2873278398885,5.88973875887879e-243,TRUE,TRUE,1987.28740721562,2012.23135771495,"330","424","766","taskwork"
"02_27_2021_vero #3_task_round 2_otter.ai_made_perfect.csv","1_3_4",2,"PSAB-BA",3.14583173011551,0.500395325717396,6.28669287748734,3.24300038866163e-10,TRUE,TRUE,1987.28740721562,2012.23135771495,"330","424","766","taskwork"
"02_27_2021_vero #3_task_round 2_otter.ai_made_perfect.csv","1_3_4",2,"PSAB-BY",0.68636353630823,0.259356064964934,2.64641405783601,0.00813501734840117,FALSE,TRUE,1987.28740721562,2012.23135771495,"330","424","766","taskwork"
"02_27_2021_vero #3_task_round 2_otter.ai_made_perfect.csv","1_3_4",2,"PSAB-XA",1.67699721991053,0.209251185990617,8.01427820813269,1.10785682017439e-15,TRUE,TRUE,1987.28740721562,2012.23135771495,"330","424","766","taskwork"
"02_27_2021_vero #3_task_round 2_otter.ai_made_perfect.csv","1_3_4",2,"PSAB-XB",0.456436607962103,0.244557966458874,1.86637390951179,0.0619890707655022,FALSE,FALSE,1987.28740721562,2012.23135771495,"330","424","766","taskwork"
"02_27_2021_vero #3_task_round 2_otter.ai_made_perfect.csv","1_3_4",2,"PSAB-AY",0.344777130250091,0.309987462208569,1.11222927467342,0.266039583991577,FALSE,FALSE,1987.28740721562,2012.23135771495,"330","424","766","taskwork"
