"Team_ID","Round_Number","Covariate","Estimate","SE","Z_value","p_value","AIC","BIC"
"2_6_1","1","RRecSnd","-0.500890033417681","0.213851678463097","-2.34223101271621","0.0191688459367184","1804.73016940857","1820.46764179264"
"2_6_1","1","RSndSnd","1.30768053791034","0.208298111811548","6.27792794921459","3.43114840576619e-10","1804.73016940857","1820.46764179264"
"2_6_1","1","CovSnd.1","-4.92903331793788","0.193329229155366","-25.4955411526352","2.20898138355145e-143","1804.73016940857","1820.46764179264"
"2_6_1","1","PSAB-BA","0.886869944081654","0.264097384754222","3.35811710103456","0.000784753603990643","1804.73016940857","1820.46764179264"
"2_6_1","1","PSAB-BY","-0.0256191262717942","0.22859675494315","-0.112071259621185","0.910766905336251","1804.73016940857","1820.46764179264"
