"Team_ID","Round_Number","Covariate","Estimate","SE","Z_value","p_value","Significant_at_0.001","AIC","BIC","participant1","participant2","participant3","Vero_type"
"2_3_1",2,"RRecSnd",-0.282347369654431,0.208906496381418,-1.35154901616332,0.176519629501617,FALSE,2504.89133226457,2528.42037742453,"224","499","650","teamwork"
"2_3_1",2,"RSndSnd",2.41960942914812,0.168924799011522,14.3235892142934,1.55861102023437e-46,TRUE,2504.89133226457,2528.42037742453,"224","499","650","teamwork"
"2_3_1",2,"CovSnd.1",-6.96978346888746,0.157648817020347,-44.2108199770881,0,TRUE,2504.89133226457,2528.42037742453,"224","499","650","teamwork"
"2_3_1",2,"PSAB-BA",2.08501360460287,0.259356697286574,8.03917395007175,9.04461089404893e-16,TRUE,2504.89133226457,2528.42037742453,"224","499","650","teamwork"
"2_3_1",2,"PSAB-BY",0.701587790038263,0.217134261984032,3.23112429898262,0.00123304305646949,FALSE,2504.89133226457,2528.42037742453,"224","499","650","teamwork"
"2_3_1",2,"PSAB-XA",1.07870835246141,0.198664470482629,5.42980005353164,5.64172239906099e-08,TRUE,2504.89133226457,2528.42037742453,"224","499","650","teamwork"
"2_3_1",2,"PSAB-XB",0.248391673650525,0.225892671475163,1.09960040769997,0.271506264262574,FALSE,2504.89133226457,2528.42037742453,"224","499","650","teamwork"
