"Team_ID","Round_Number","Covariate","Estimate","SE","Z_value","p_value","AIC","BIC"
"428","3","RRecSnd","0.227605523614709","0.189640633072787","1.20019386102424","0.230064058985688","2238.15971994918","2254.91901061656"
"428","3","RSndSnd","2.07583727411464","0.164109964023431","12.649063001551","1.13217003038801e-36","2238.15971994918","2254.91901061656"
"428","3","CovSnd.1","-5.9231682205718","0.145680479703544","-40.6586265546716","0","2238.15971994918","2254.91901061656"
"428","3","PSAB-BA","1.19579190999965","0.232940480079772","5.13346546547059","2.84455244989245e-07","2238.15971994918","2254.91901061656"
"428","3","PSAB-BY","0.732400086302815","0.190341794669976","3.84781538690798","0.000119175803531865","2238.15971994918","2254.91901061656"
