"Team_ID","Round_Number","Covariate","Estimate","SE","Z_value","p_value","AIC","BIC"
"4_5_5","2","RRecSnd","0.00392882068922544","0.193110111809268","0.020344976513223","0.983768177132057","2363.90028934703","2381.15548161486"
"4_5_5","2","RSndSnd","2.31258422651799","0.163974923501778","14.1032798011516","3.62521633914681e-45","2363.90028934703","2381.15548161486"
"4_5_5","2","CovSnd.1","-5.98330233832702","0.145880672709933","-41.015044880031","0","2363.90028934703","2381.15548161486"
"4_5_5","2","PSAB-BA","1.37395168555851","0.22013566585591","6.2413861025947","4.33710193421402e-10","2363.90028934703","2381.15548161486"
"4_5_5","2","PSAB-BY","0.761037422630504","0.179023671127323","4.25104355104666","2.12776784290628e-05","2363.90028934703","2381.15548161486"
