"Team_ID","Round_Number","Covariate","Estimate","SE","Z_value","p_value","AIC","BIC"
"1_8_12","3","RRecSnd","0.135073769631546","0.203750358459702","0.66293758034424","0.507370531907648","2334.68960246618","2351.85821248395"
"1_8_12","3","RSndSnd","2.48938447002901","0.172188043306513","14.4573596530024","2.2527505245081e-47","2334.68960246618","2351.85821248395"
"1_8_12","3","CovSnd.1","-6.32906451120925","0.158343489856572","-39.9704750535822","0","2334.68960246618","2351.85821248395"
"1_8_12","3","PSAB-BA","1.43139447173548","0.22219654080455","6.44201960369211","1.17894048373722e-10","2334.68960246618","2351.85821248395"
"1_8_12","3","PSAB-BY","0.737928620870578","0.188659680289977","3.9114272839663","9.17522821719042e-05","2334.68960246618","2351.85821248395"
