"file_name","Team_ID","Round_Number","Covariate","Estimate","SE","Z_value","p_value","Significant_at_0.001","Significant_at_0.05","AIC","BIC","participant1","participant2","participant3","Vero_type"
"05_13_2021_vero #3_round 1_otter.ai_made_perfect.csv","4_3_3",1,"RRecSnd",-0.710659580723342,0.48309100658198,-1.47106770989483,0.141272806445473,FALSE,FALSE,1405.23723895045,1430.60111091076,"690","693",-1,"unleashed"
"05_13_2021_vero #3_round 1_otter.ai_made_perfect.csv","4_3_3",1,"RSndSnd",2.31740465705146,0.246074937598481,9.41747534173008,4.62064232171315e-21,TRUE,TRUE,1405.23723895045,1430.60111091076,"690","693",-1,"unleashed"
"05_13_2021_vero #3_round 1_otter.ai_made_perfect.csv","4_3_3",1,"CovSnd.1",-7.47445408009397,0.565353465144544,-13.2208512743138,6.65069539657455e-40,TRUE,TRUE,1405.23723895045,1430.60111091076,"690","693",-1,"unleashed"
"05_13_2021_vero #3_round 1_otter.ai_made_perfect.csv","4_3_3",1,"PSAB-BA",3.67336354604651,0.514504859875284,7.13960903486301,9.35967497086624e-13,TRUE,TRUE,1405.23723895045,1430.60111091076,"690","693",-1,"unleashed"
"05_13_2021_vero #3_round 1_otter.ai_made_perfect.csv","4_3_3",1,"PSAB-BY",2.54552483856654,0.537785548344575,4.73334556200374,2.20849016880821e-06,TRUE,TRUE,1405.23723895045,1430.60111091076,"690","693",-1,"unleashed"
"05_13_2021_vero #3_round 1_otter.ai_made_perfect.csv","4_3_3",1,"PSAB-XA",3.20465730943143,0.520330444023597,6.15888873357197,7.32571720765034e-10,TRUE,TRUE,1405.23723895045,1430.60111091076,"690","693",-1,"unleashed"
"05_13_2021_vero #3_round 1_otter.ai_made_perfect.csv","4_3_3",1,"PSAB-XB",2.22268701807002,0.569518751919424,3.90274597733436,9.51075037191185e-05,TRUE,TRUE,1405.23723895045,1430.60111091076,"690","693",-1,"unleashed"
"05_13_2021_vero #3_round 1_otter.ai_made_perfect.csv","4_3_3",1,"PSAB-AY",-71.8380566984585,108.206329205932,-0.663898842384171,0.506755057225955,FALSE,FALSE,1405.23723895045,1430.60111091076,"690","693",-1,"unleashed"
