"Team_ID","Round_Number","Covariate","Estimate","SE","Z_value","p_value","AIC","BIC"
"2_3_5","1","RRecSnd","-0.86605637642198","0.218550231060979","-3.96273374874784","7.40964013679057e-05","2051.92776808385","2068.24121902837"
"2_3_5","1","RSndSnd","1.28156776177558","0.195366624064368","6.55980911741266","5.38766991716761e-11","2051.92776808385","2068.24121902837"
"2_3_5","1","CovSnd.1","-5.02481187903226","0.182614945892784","-27.5158851564231","1.13347278277081e-166","2051.92776808385","2068.24121902837"
"2_3_5","1","PSAB-BA","1.7416411582605","0.230163683712666","7.56696769084888","3.82036868467432e-14","2051.92776808385","2068.24121902837"
"2_3_5","1","PSAB-BY","-0.000518682874477172","0.215978509047466","-0.00240154854649534","0.998083843334618","2051.92776808385","2068.24121902837"
