"Team_ID","Round_Number","Covariate","Estimate","SE","Z_value","p_value","Significant_at_0.001","AIC","BIC","participant1","participant2","participant3","Vero_type"
"1_3_4",3,"RRecSnd",-1.14376763619958,0.299508010429262,-3.81882152186952,0.000134090731663347,TRUE,1965.14705639083,1986.76023073746,"330","424","766","taskwork"
"1_3_4",3,"RSndSnd",1.77256177312091,0.193143027935649,9.17745668619985,4.41392921577002e-20,TRUE,1965.14705639083,1986.76023073746,"330","424","766","taskwork"
"1_3_4",3,"CovSnd.1",-6.5448891111215,0.177487475458826,-36.8752166551594,1.15362115896383e-297,TRUE,1965.14705639083,1986.76023073746,"330","424","766","taskwork"
"1_3_4",3,"PSAB-BA",2.53499574765652,0.405096753713414,6.25775379441797,3.90561748947196e-10,TRUE,1965.14705639083,1986.76023073746,"330","424","766","taskwork"
"1_3_4",3,"PSAB-BY",0.617096408833419,0.251801556256511,2.45072515836551,0.0142568765682933,FALSE,1965.14705639083,1986.76023073746,"330","424","766","taskwork"
"1_3_4",3,"PSAB-XA",1.59305148460696,0.197679567628444,8.05875641938494,7.70745047834647e-16,TRUE,1965.14705639083,1986.76023073746,"330","424","766","taskwork"
"1_3_4",3,"PSAB-XB",0.287921193622575,0.260925072100901,1.10346311799134,0.269826099682686,FALSE,1965.14705639083,1986.76023073746,"330","424","766","taskwork"
