"Team_ID","Round_Number","Covariate","Estimate","SE","Z_value","p_value","Significant_at_0.001","AIC","BIC","participant1","participant2","participant3","Vero_type"
"3_2_4",1,"RRecSnd",-0.75091412642788,0.238352733140941,-3.15043220412268,0.00163029088917394,FALSE,2052.17330035441,2075.04830746786,"307","454","836","combined"
"3_2_4",1,"RSndSnd",1.86635574676083,0.188006756651713,9.92706740970108,3.1745469238848e-23,TRUE,2052.17330035441,2075.04830746786,"307","454","836","combined"
"3_2_4",1,"CovSnd.1",-6.03727015250041,0.207629751593514,-29.0770956771158,6.99474655771675e-186,TRUE,2052.17330035441,2075.04830746786,"307","454","836","combined"
"3_2_4",1,"PSAB-BA",1.91038914155826,0.277319544497551,6.88876489040652,5.62788613829301e-12,TRUE,2052.17330035441,2075.04830746786,"307","454","836","combined"
"3_2_4",1,"PSAB-BY",0.845913188757369,0.224214252803335,3.77278954473669,0.000161432453227577,TRUE,2052.17330035441,2075.04830746786,"307","454","836","combined"
"3_2_4",1,"PSAB-XA",1.35931168559279,0.22654093542501,6.00029166050105,1.96963419934556e-09,TRUE,2052.17330035441,2075.04830746786,"307","454","836","combined"
"3_2_4",1,"PSAB-XB",0.179392557696267,0.251702975011404,0.712715285499263,0.47602195587634,FALSE,2052.17330035441,2075.04830746786,"307","454","836","combined"
