"Team_ID","Round_Number","Covariate","Estimate","SE","Z_value","p_value","Significant_at_0.001","AIC","BIC","participant1","participant2","participant3","Vero_type"
121,2,"RRecSnd",-0.233939429646877,0.199582261056449,-1.17214540214428,0.241138684243723,FALSE,2844.94101914293,2869.39244924631,"177","346","823","taskwork"
121,2,"RSndSnd",2.11816043612953,0.153245309423294,13.8220245963859,1.8771503982647e-43,TRUE,2844.94101914293,2869.39244924631,"177","346","823","taskwork"
121,2,"CovSnd.1",-6.80481900787182,0.15113153405471,-45.0258051731843,0,TRUE,2844.94101914293,2869.39244924631,"177","346","823","taskwork"
121,2,"PSAB-BA",1.97259766339925,0.27877620847603,7.0759182578124,1.48462359125468e-12,TRUE,2844.94101914293,2869.39244924631,"177","346","823","taskwork"
121,2,"PSAB-BY",0.841693616442296,0.204978398275788,4.10625521285341,4.02125176724175e-05,TRUE,2844.94101914293,2869.39244924631,"177","346","823","taskwork"
121,2,"PSAB-XA",1.46161536190758,0.168699466026973,8.66401889899216,4.55417837578525e-18,TRUE,2844.94101914293,2869.39244924631,"177","346","823","taskwork"
121,2,"PSAB-XB",0.353343968818797,0.21149721231405,1.67067908343926,0.0947850824748702,FALSE,2844.94101914293,2869.39244924631,"177","346","823","taskwork"
