"file_name","Team_ID","Round_Number","Covariate","Estimate","SE","Z_value","p_value","Significant_at_0.001","Significant_at_0.05","AIC","BIC","participant1","participant2","participant3","Vero_type"
"05_05_2021_vero #1_round 2_otter.ai_made_perfect.csv","4_1_1",2,"RRecSnd",-0.895553159416132,0.231246459267509,-3.87272160729667,0.000107626740013807,TRUE,TRUE,2675.08026375973,2702.8584291491,"193","272","705","unleashed"
"05_05_2021_vero #1_round 2_otter.ai_made_perfect.csv","4_1_1",2,"RSndSnd",2.13460996955251,0.162589873762667,13.1288002146333,2.25196154616088e-39,TRUE,TRUE,2675.08026375973,2702.8584291491,"193","272","705","unleashed"
"05_05_2021_vero #1_round 2_otter.ai_made_perfect.csv","4_1_1",2,"CovSnd.1",-6.82891035807322,0.183648554332679,-37.18466710989,1.20750261608386e-302,TRUE,TRUE,2675.08026375973,2702.8584291491,"193","272","705","unleashed"
"05_05_2021_vero #1_round 2_otter.ai_made_perfect.csv","4_1_1",2,"PSAB-BA",3.12321278983132,0.315984343838955,9.88407448257344,4.88070864674274e-23,TRUE,TRUE,2675.08026375973,2702.8584291491,"193","272","705","unleashed"
"05_05_2021_vero #1_round 2_otter.ai_made_perfect.csv","4_1_1",2,"PSAB-BY",1.47590651187178,0.216654622263548,6.81225489884275,9.60806665919273e-12,TRUE,TRUE,2675.08026375973,2702.8584291491,"193","272","705","unleashed"
"05_05_2021_vero #1_round 2_otter.ai_made_perfect.csv","4_1_1",2,"PSAB-XA",1.79280621091156,0.201009316389294,8.91902048678899,4.70430350212632e-19,TRUE,TRUE,2675.08026375973,2702.8584291491,"193","272","705","unleashed"
"05_05_2021_vero #1_round 2_otter.ai_made_perfect.csv","4_1_1",2,"PSAB-XB",0.852443911243512,0.216726756497201,3.93326567065807,8.37995297550904e-05,TRUE,TRUE,2675.08026375973,2702.8584291491,"193","272","705","unleashed"
"05_05_2021_vero #1_round 2_otter.ai_made_perfect.csv","4_1_1",2,"PSAB-AY",0.796245077643519,0.2734079671065,2.91229654377029,0.00358781844287895,FALSE,TRUE,2675.08026375973,2702.8584291491,"193","272","705","unleashed"
