"Team_ID","Round_Number","Covariate","Estimate","SE","Z_value","p_value","AIC","BIC"
"264","2","RRecSnd","-0.490014454817377","0.229835885435116","-2.13201891379887","0.0330052917247984","2330.22658047984","2346.93825173966"
"264","2","RSndSnd","2.16505308296902","0.167534872641629","12.9229995452961","3.33867538147497e-38","2330.22658047984","2346.93825173966"
"264","2","CovSnd.1","-5.82893781161831","0.137712607613705","-42.326827678472","0","2330.22658047984","2346.93825173966"
"264","2","PSAB-BA","1.54001221684956","0.335439077223664","4.59103402500332","4.41055419999061e-06","2330.22658047984","2346.93825173966"
"264","2","PSAB-BY","0.350608524834111","0.20960220043285","1.6727330348158","0.094379862889456","2330.22658047984","2346.93825173966"
