"file_name","Team_ID","Round_Number","Covariate","Estimate","SE","Z_value","p_value","Significant_at_0.001","Significant_at_0.05","AIC","BIC","participant1","participant2","participant3","Vero_type"
"03_11_2021_vero #2_team_round 3_otter.ai_made_perfect.csv","2_2_12",3,"RRecSnd",-0.119129683359513,0.228926235251929,-0.520384582520273,0.602795553643582,FALSE,FALSE,1911.442409772,1936.19241137846,"226","685","840","teamwork"
"03_11_2021_vero #2_team_round 3_otter.ai_made_perfect.csv","2_2_12",3,"RSndSnd",2.56256192739633,0.202526905544606,12.6529456444587,1.07757554989991e-36,TRUE,TRUE,1911.442409772,1936.19241137846,"226","685","840","teamwork"
"03_11_2021_vero #2_team_round 3_otter.ai_made_perfect.csv","2_2_12",3,"CovSnd.1",-7.6181964065048,0.24084160050984,-31.631563610181,1.35972621991167e-219,TRUE,TRUE,1911.442409772,1936.19241137846,"226","685","840","teamwork"
"03_11_2021_vero #2_team_round 3_otter.ai_made_perfect.csv","2_2_12",3,"PSAB-BA",2.0185059660368,0.380531635756317,5.30443667850366,1.13021466039788e-07,TRUE,TRUE,1911.442409772,1936.19241137846,"226","685","840","teamwork"
"03_11_2021_vero #2_team_round 3_otter.ai_made_perfect.csv","2_2_12",3,"PSAB-BY",1.44678114112025,0.269409515315719,5.37019317756752,7.86523439537737e-08,TRUE,TRUE,1911.442409772,1936.19241137846,"226","685","840","teamwork"
"03_11_2021_vero #2_team_round 3_otter.ai_made_perfect.csv","2_2_12",3,"PSAB-XA",1.86660838359271,0.253076409475818,7.37567119534729,1.6351912762308e-13,TRUE,TRUE,1911.442409772,1936.19241137846,"226","685","840","teamwork"
"03_11_2021_vero #2_team_round 3_otter.ai_made_perfect.csv","2_2_12",3,"PSAB-XB",1.02187811227425,0.258701595305455,3.95002632692581,7.81425975637952e-05,TRUE,TRUE,1911.442409772,1936.19241137846,"226","685","840","teamwork"
"03_11_2021_vero #2_team_round 3_otter.ai_made_perfect.csv","2_2_12",3,"PSAB-AY",1.17884664920267,0.317893002033982,3.70831267646671,0.000208644924078679,TRUE,TRUE,1911.442409772,1936.19241137846,"226","685","840","teamwork"
