"file_name","Team_ID","Round_Number","Covariate","Estimate","SE","Z_value","p_value","Significant_at_0.001","Significant_at_0.05","AIC","BIC","participant1","participant2","participant3","Vero_type"
"02_25_2021_vero #8_task+team_round 1_otter.ai_made_perfect.csv","3_8_1",1,"RRecSnd",-1.63059530084316,0.232151802265136,-7.0238321862386,2.15864059708628e-12,TRUE,TRUE,2273.83968854096,2301.6847999277,"466","710","988","combined"
"02_25_2021_vero #8_task+team_round 1_otter.ai_made_perfect.csv","3_8_1",1,"RSndSnd",2.13678100152496,0.193384192787685,11.0494087997716,2.20663230601765e-28,TRUE,TRUE,2273.83968854096,2301.6847999277,"466","710","988","combined"
"02_25_2021_vero #8_task+team_round 1_otter.ai_made_perfect.csv","3_8_1",1,"CovSnd.1",-5.58102242662001,0.229270670518532,-24.3425049265902,6.95999143950124e-131,TRUE,TRUE,2273.83968854096,2301.6847999277,"466","710","988","combined"
"02_25_2021_vero #8_task+team_round 1_otter.ai_made_perfect.csv","3_8_1",1,"PSAB-BA",2.43132864764253,0.300410555644773,8.09335291972067,5.80443729243598e-16,TRUE,TRUE,2273.83968854096,2301.6847999277,"466","710","988","combined"
"02_25_2021_vero #8_task+team_round 1_otter.ai_made_perfect.csv","3_8_1",1,"PSAB-BY",0.923149376706335,0.205759764822296,4.48653981259947,7.23891955779628e-06,TRUE,TRUE,2273.83968854096,2301.6847999277,"466","710","988","combined"
"02_25_2021_vero #8_task+team_round 1_otter.ai_made_perfect.csv","3_8_1",1,"PSAB-XA",1.56009282435184,0.207488752530841,7.51892719640287,5.52275261377831e-14,TRUE,TRUE,2273.83968854096,2301.6847999277,"466","710","988","combined"
"02_25_2021_vero #8_task+team_round 1_otter.ai_made_perfect.csv","3_8_1",1,"PSAB-XB",-0.0920247997925238,0.247951786265148,-0.371139894487861,0.710533338113674,FALSE,FALSE,2273.83968854096,2301.6847999277,"466","710","988","combined"
"02_25_2021_vero #8_task+team_round 1_otter.ai_made_perfect.csv","3_8_1",1,"PSAB-AY",0.188458981786111,0.308310448478396,0.611263688000884,0.541025026312333,FALSE,FALSE,2273.83968854096,2301.6847999277,"466","710","988","combined"
