"Team_ID","Round_Number","Covariate","Estimate","SE","Z_value","p_value","Significant_at_0.001","AIC","BIC","participant1","participant2","Vero_type"
"1_2_7",3,"RRecSnd",-0.480984510328848,0.298931587337973,-1.60901199706622,0.107613718357744,FALSE,1610.87238169683,1631.66107479386,"516","773","taskwork"
"1_2_7",3,"RSndSnd",2.39211212588498,0.217754558461153,10.9853595846156,4.4944519620418e-28,TRUE,1610.87238169683,1631.66107479386,"516","773","taskwork"
"1_2_7",3,"CovSnd.1",-6.75493582773301,0.219587961778136,-30.7618676954521,8.48522227386903e-208,TRUE,1610.87238169683,1631.66107479386,"516","773","taskwork"
"1_2_7",3,"PSAB-BA",1.99006806410721,0.359127472619618,5.54139745865406,3.00067269657514e-08,TRUE,1610.87238169683,1631.66107479386,"516","773","taskwork"
"1_2_7",3,"PSAB-BY",0.963278946113999,0.262141480390445,3.67465288087657,0.000238172998194506,TRUE,1610.87238169683,1631.66107479386,"516","773","taskwork"
"1_2_7",3,"PSAB-XA",0.829165692606136,0.236403740470236,3.50741359234343,0.000452485277595083,TRUE,1610.87238169683,1631.66107479386,"516","773","taskwork"
"1_2_7",3,"PSAB-XB",0.378112132103729,0.270534077961463,1.39765065810892,0.162217998072416,FALSE,1610.87238169683,1631.66107479386,"516","773","taskwork"
