"Team_ID","Round_Number","Covariate","Estimate","SE","Z_value","p_value","AIC","BIC"
"3_2_4","2","RRecSnd","-1.17331158300895","0.262299862142836","-4.47316888931503","7.70688581455408e-06","2697.85264994086","2715.06473849347"
"3_2_4","2","RSndSnd","2.23043859369126","0.164018369587085","13.5987121400266","4.07546624143355e-42","2697.85264994086","2715.06473849347"
"3_2_4","2","CovSnd.1","-6.15773645619156","0.136215869566991","-45.2057199779002","0","2697.85264994086","2715.06473849347"
"3_2_4","2","PSAB-BA","2.11771960827038","0.35187882584088","6.0183206625454","1.76235816935152e-09","2697.85264994086","2715.06473849347"
"3_2_4","2","PSAB-BY","0.484005013278131","0.193915285800154","2.49596111663389","0.0125616370277498","2697.85264994086","2715.06473849347"
