"file_name","Team_ID","Round_Number","Covariate","Estimate","SE","Z_value","p_value","Significant_at_0.001","Significant_at_0.05","AIC","BIC","participant1","participant2","participant3","Vero_type"
"05_20_2021_vero #1_round 3_otter.ai_made_perfect.csv",451,3,"RRecSnd",-0.363016003357741,0.206842306275497,-1.75503749641156,0.0792528942367272,FALSE,FALSE,2634.8066958371,2662.55117696618,"108","179","326","unleashed"
"05_20_2021_vero #1_round 3_otter.ai_made_perfect.csv",451,3,"RSndSnd",2.09584256287528,0.166719252560532,12.5710890055384,3.04500407480408e-36,TRUE,TRUE,2634.8066958371,2662.55117696618,"108","179","326","unleashed"
"05_20_2021_vero #1_round 3_otter.ai_made_perfect.csv",451,3,"CovSnd.1",-6.56029142268889,0.176110259919329,-37.2510461667252,1.01905138853189e-303,TRUE,TRUE,2634.8066958371,2662.55117696618,"108","179","326","unleashed"
"05_20_2021_vero #1_round 3_otter.ai_made_perfect.csv",451,3,"PSAB-BA",2.50176093420242,0.278935448090306,8.96896020685212,2.99326669698635e-19,TRUE,TRUE,2634.8066958371,2662.55117696618,"108","179","326","unleashed"
"05_20_2021_vero #1_round 3_otter.ai_made_perfect.csv",451,3,"PSAB-BY",0.845289103929952,0.242622446776751,3.48396908513475,0.000494036549278004,TRUE,TRUE,2634.8066958371,2662.55117696618,"108","179","326","unleashed"
"05_20_2021_vero #1_round 3_otter.ai_made_perfect.csv",451,3,"PSAB-XA",1.48354482795248,0.19920608482888,7.44728670927325,9.52794108988364e-14,TRUE,TRUE,2634.8066958371,2662.55117696618,"108","179","326","unleashed"
"05_20_2021_vero #1_round 3_otter.ai_made_perfect.csv",451,3,"PSAB-XB",0.670789175400414,0.209528048545303,3.20142902135309,0.00136747760789173,FALSE,TRUE,2634.8066958371,2662.55117696618,"108","179","326","unleashed"
"05_20_2021_vero #1_round 3_otter.ai_made_perfect.csv",451,3,"PSAB-AY",0.859291717933323,0.243080280077732,3.53501204482132,0.000407756571402616,TRUE,TRUE,2634.8066958371,2662.55117696618,"108","179","326","unleashed"
