"Team_ID","Round_Number","Covariate","Estimate","SE","Z_value","p_value","AIC","BIC"
"2_1_9","1","RRecSnd","-0.676421364075222","0.177199219133759","-3.81729314261043","0.000134923826509701","2630.22082220225","2648.24983253373"
"2_1_9","1","RSndSnd","1.64532467830849","0.166696653740278","9.87017220436826","5.60682712632894e-23","2630.22082220225","2648.24983253373"
"2_1_9","1","CovSnd.1","-4.96628772396575","0.156214193413266","-31.7915268481872","8.47671373054106e-222","2630.22082220225","2648.24983253373"
"2_1_9","1","PSAB-BA","1.69289819281174","0.183345555246655","9.23337459986026","2.62237064017102e-20","2630.22082220225","2648.24983253373"
"2_1_9","1","PSAB-BY","0.045794588204478","0.183011972813448","0.250227280218209","0.802411589601109","2630.22082220225","2648.24983253373"
