"file_name","Team_ID","Round_Number","Covariate","Estimate","SE","Z_value","p_value","Significant_at_0.001","Significant_at_0.05","AIC","BIC","participant1","participant2","participant3","Vero_type"
"03_06_2021AM_vero #10_team_round 2_otter.ai_made_perfect.csv",2107,2,"RRecSnd",0.192780228933771,0.230632977224059,0.835874519134728,0.403225498554226,FALSE,FALSE,1758.38976270546,1783.28566501231,"514","539",-1,"teamwork"
"03_06_2021AM_vero #10_team_round 2_otter.ai_made_perfect.csv",2107,2,"RSndSnd",2.74885000823945,0.207262450545007,13.2626532254695,3.81167425356164e-40,TRUE,TRUE,1758.38976270546,1783.28566501231,"514","539",-1,"teamwork"
"03_06_2021AM_vero #10_team_round 2_otter.ai_made_perfect.csv",2107,2,"CovSnd.1",-7.14094084285604,0.249809935968043,-28.585495669674,1.0176941543157e-179,TRUE,TRUE,1758.38976270546,1783.28566501231,"514","539",-1,"teamwork"
"03_06_2021AM_vero #10_team_round 2_otter.ai_made_perfect.csv",2107,2,"PSAB-BA",1.87533479560131,0.298496581272594,6.28260058324994,3.32955710920952e-10,TRUE,TRUE,1758.38976270546,1783.28566501231,"514","539",-1,"teamwork"
"03_06_2021AM_vero #10_team_round 2_otter.ai_made_perfect.csv",2107,2,"PSAB-BY",1.12809495242791,0.269669986344755,4.18324251696931,2.87380538874617e-05,TRUE,TRUE,1758.38976270546,1783.28566501231,"514","539",-1,"teamwork"
"03_06_2021AM_vero #10_team_round 2_otter.ai_made_perfect.csv",2107,2,"PSAB-XA",1.22856843022173,0.247880254590449,4.95629808131186,7.18489609083203e-07,TRUE,TRUE,1758.38976270546,1783.28566501231,"514","539",-1,"teamwork"
"03_06_2021AM_vero #10_team_round 2_otter.ai_made_perfect.csv",2107,2,"PSAB-XB",0.443426932641697,0.26941884470158,1.6458645761504,0.0997916435316578,FALSE,FALSE,1758.38976270546,1783.28566501231,"514","539",-1,"teamwork"
"03_06_2021AM_vero #10_team_round 2_otter.ai_made_perfect.csv",2107,2,"PSAB-AY",0.589305921058841,0.330515336397003,1.782991154005,0.0745877433162794,FALSE,FALSE,1758.38976270546,1783.28566501231,"514","539",-1,"teamwork"
