"Team_ID","Round_Number","Covariate","Estimate","SE","Z_value","p_value","AIC","BIC"
"3_6_12","2","RRecSnd","-1.02155444737868","0.323510091002868","-3.15772050328291","0.0015900793050565","1646.72363300645","1661.67579594034"
"3_6_12","2","RSndSnd","2.30710512196994","0.205599987005408","11.2213291234754","3.2041809536818e-29","1646.72363300645","1661.67579594034"
"3_6_12","2","CovSnd.1","-6.17220415673942","0.17528839469504","-35.2117102074988","1.32354978319717e-271","1646.72363300645","1661.67579594034"
"3_6_12","2","PSAB-BA","2.18823442086096","0.364505079124362","6.00330296114852","1.93343364867579e-09","1646.72363300645","1661.67579594034"
"3_6_12","2","PSAB-BY","-0.15733716844778","0.295101356510454","-0.533163148784803","0.593920648603881","1646.72363300645","1661.67579594034"
