"file_name","Team_ID","Round_Number","Covariate","Estimate","SE","Z_value","p_value","Significant_at_0.001","Significant_at_0.05","AIC","BIC","participant1","participant2","participant3","Vero_type"
"05_13_2021_vero #3_round 3_otter.ai_made_perfect.csv","4_3_3",3,"RRecSnd",0.113440943030096,0.24876819846796,0.456010630493455,0.648382333880562,FALSE,FALSE,1665.21615095371,1689.86738587359,"690","693",-1,"unleashed"
"05_13_2021_vero #3_round 3_otter.ai_made_perfect.csv","4_3_3",3,"RSndSnd",2.53464073024209,0.209879397667086,12.0766533467119,1.40315285750119e-33,TRUE,TRUE,1665.21615095371,1689.86738587359,"690","693",-1,"unleashed"
"05_13_2021_vero #3_round 3_otter.ai_made_perfect.csv","4_3_3",3,"CovSnd.1",-7.33120938404282,0.283483304453561,-25.8611680789257,1.822078542397e-147,TRUE,TRUE,1665.21615095371,1689.86738587359,"690","693",-1,"unleashed"
"05_13_2021_vero #3_round 3_otter.ai_made_perfect.csv","4_3_3",3,"PSAB-BA",2.3573679131153,0.329786105862696,7.1481723189902,8.79408775963374e-13,TRUE,TRUE,1665.21615095371,1689.86738587359,"690","693",-1,"unleashed"
"05_13_2021_vero #3_round 3_otter.ai_made_perfect.csv","4_3_3",3,"PSAB-BY",1.96216700449429,0.286158844696237,6.85691545399258,7.0363244419034e-12,TRUE,TRUE,1665.21615095371,1689.86738587359,"690","693",-1,"unleashed"
"05_13_2021_vero #3_round 3_otter.ai_made_perfect.csv","4_3_3",3,"PSAB-XA",1.35025192318513,0.276322506496889,4.88650722050514,1.02640564942951e-06,TRUE,TRUE,1665.21615095371,1689.86738587359,"690","693",-1,"unleashed"
"05_13_2021_vero #3_round 3_otter.ai_made_perfect.csv","4_3_3",3,"PSAB-XB",1.01965223921471,0.315277415080459,3.2341429815215,0.00122008357242066,FALSE,TRUE,1665.21615095371,1689.86738587359,"690","693",-1,"unleashed"
"05_13_2021_vero #3_round 3_otter.ai_made_perfect.csv","4_3_3",3,"PSAB-AY",0.628949634275684,0.393467000719567,1.59848127829137,0.109935908705284,FALSE,FALSE,1665.21615095371,1689.86738587359,"690","693",-1,"unleashed"
