"file_name","Team_ID","Round_Number","Covariate","Estimate","SE","Z_value","p_value","Significant_at_0.001","Significant_at_0.05","AIC","BIC","participant1","participant2","participant3","Vero_type"
"03_04_2021_vero #2_task_round 3_otter.ai_made_perfect.csv","1_2_6",3,"RRecSnd",0.0377488056379636,0.189405030332827,0.199302022610648,0.842026497097616,FALSE,FALSE,2492.41930765406,2520.55893082577,"200","383",-1,"taskwork"
"03_04_2021_vero #2_task_round 3_otter.ai_made_perfect.csv","1_2_6",3,"RSndSnd",2.54973130697093,0.169377168432209,15.05357144987,3.27088703077054e-51,TRUE,TRUE,2492.41930765406,2520.55893082577,"200","383",-1,"taskwork"
"03_04_2021_vero #2_task_round 3_otter.ai_made_perfect.csv","1_2_6",3,"CovSnd.1",-6.48361841016903,0.192550261099895,-33.6723428632762,1.46875912586859e-248,TRUE,TRUE,2492.41930765406,2520.55893082577,"200","383",-1,"taskwork"
"03_04_2021_vero #2_task_round 3_otter.ai_made_perfect.csv","1_2_6",3,"PSAB-BA",1.79591220869599,0.250966547679126,7.1559824418996,8.30757769369553e-13,TRUE,TRUE,2492.41930765406,2520.55893082577,"200","383",-1,"taskwork"
"03_04_2021_vero #2_task_round 3_otter.ai_made_perfect.csv","1_2_6",3,"PSAB-BY",1.0584489456202,0.201964953409439,5.24075552590763,1.59920470235925e-07,TRUE,TRUE,2492.41930765406,2520.55893082577,"200","383",-1,"taskwork"
"03_04_2021_vero #2_task_round 3_otter.ai_made_perfect.csv","1_2_6",3,"PSAB-XA",0.856899248859336,0.193552238407476,4.42722469091443,9.54532866308944e-06,TRUE,TRUE,2492.41930765406,2520.55893082577,"200","383",-1,"taskwork"
"03_04_2021_vero #2_task_round 3_otter.ai_made_perfect.csv","1_2_6",3,"PSAB-XB",-0.265068503681534,0.284356942639374,-0.932168215135501,0.351249599014382,FALSE,FALSE,2492.41930765406,2520.55893082577,"200","383",-1,"taskwork"
"03_04_2021_vero #2_task_round 3_otter.ai_made_perfect.csv","1_2_6",3,"PSAB-AY",0.760835695963253,0.236520837437838,3.21678083083574,0.0012963758992555,FALSE,TRUE,2492.41930765406,2520.55893082577,"200","383",-1,"taskwork"
