"file_name","Team_ID","Round_Number","Covariate","Estimate","SE","Z_value","p_value","Significant_at_0.001","Significant_at_0.05","AIC","BIC","participant1","participant2","participant3","Vero_type"
"03_11_2021_Vero #6_task+team_round 1_otter.ai_made_perfect.csv","3_6_12",1,"RRecSnd",-1.09599392637145,0.571939922346413,-1.91627456582342,0.0553301565168791,FALSE,FALSE,959.048810604699,979.479825737504,"175","208",-1,"combined"
"03_11_2021_Vero #6_task+team_round 1_otter.ai_made_perfect.csv","3_6_12",1,"RSndSnd",2.01092725594925,0.293064428850816,6.86172410563313,6.80343660980539e-12,TRUE,TRUE,959.048810604699,979.479825737504,"175","208",-1,"combined"
"03_11_2021_Vero #6_task+team_round 1_otter.ai_made_perfect.csv","3_6_12",1,"CovSnd.1",-7.86040721782852,0.665049278583241,-11.8192853837442,3.1031289922185e-32,TRUE,TRUE,959.048810604699,979.479825737504,"175","208",-1,"combined"
"03_11_2021_Vero #6_task+team_round 1_otter.ai_made_perfect.csv","3_6_12",1,"PSAB-BA",3.86411149176893,0.722148607189707,5.35085362389106,8.75403100262192e-08,TRUE,TRUE,959.048810604699,979.479825737504,"175","208",-1,"combined"
"03_11_2021_Vero #6_task+team_round 1_otter.ai_made_perfect.csv","3_6_12",1,"PSAB-BY",2.55680004880158,0.637030966155223,4.01361972124063,5.97946524795583e-05,TRUE,TRUE,959.048810604699,979.479825737504,"175","208",-1,"combined"
"03_11_2021_Vero #6_task+team_round 1_otter.ai_made_perfect.csv","3_6_12",1,"PSAB-XA",3.30058888183001,0.710968669985531,4.64238302075558,3.44413638774316e-06,TRUE,TRUE,959.048810604699,979.479825737504,"175","208",-1,"combined"
"03_11_2021_Vero #6_task+team_round 1_otter.ai_made_perfect.csv","3_6_12",1,"PSAB-XB",1.83308066116474,0.711292255490307,2.57711320067891,0.00996293169312696,FALSE,TRUE,959.048810604699,979.479825737504,"175","208",-1,"combined"
"03_11_2021_Vero #6_task+team_round 1_otter.ai_made_perfect.csv","3_6_12",1,"PSAB-AY",0.492841067866878,0.925934749335135,0.532263281209353,0.594543659839038,FALSE,FALSE,959.048810604699,979.479825737504,"175","208",-1,"combined"
