"Team_ID","Round_Number","Covariate","Estimate","SE","Z_value","p_value","Significant_at_0.001","AIC","BIC","participant1","participant2","participant3","Vero_type"
"2_5_1",2,"RRecSnd",-0.162000818370908,0.177093317044444,-0.914776576974114,0.360308933710839,FALSE,3583.30825877886,3609.81654044842,"524","739","997","teamwork"
"2_5_1",2,"RSndSnd",2.43853399745588,0.138545397051177,17.6009744773774,2.42122161900399e-69,TRUE,3583.30825877886,3609.81654044842,"524","739","997","teamwork"
"2_5_1",2,"CovSnd.1",-6.72044175655725,0.138989750747154,-48.3520671159621,0,TRUE,3583.30825877886,3609.81654044842,"524","739","997","teamwork"
"2_5_1",2,"PSAB-BA",2.13518668248,0.240234855348168,8.8879137849731,6.22669660106091e-19,TRUE,3583.30825877886,3609.81654044842,"524","739","997","teamwork"
"2_5_1",2,"PSAB-BY",0.88030114042064,0.174215829980749,5.05293428569559,4.35073622471746e-07,TRUE,3583.30825877886,3609.81654044842,"524","739","997","teamwork"
"2_5_1",2,"PSAB-XA",1.18476735278037,0.152040889075372,7.79242584008466,6.57347535018487e-15,TRUE,3583.30825877886,3609.81654044842,"524","739","997","teamwork"
"2_5_1",2,"PSAB-XB",0.559665323630624,0.165884618004271,3.37382290391875,0.000741320439078321,TRUE,3583.30825877886,3609.81654044842,"524","739","997","teamwork"
