"Team_ID","Round_Number","Covariate","Estimate","SE","Z_value","p_value","Significant_at_0.001","AIC","BIC","participant1","participant2","participant3","Vero_type"
"4_1_1",3,"RRecSnd",-1.08567587965367,0.276546736587159,-3.92583146361411,8.64306590228362e-05,TRUE,2257.69959127264,2280.71746048751,"193","272","705","unleashed"
"4_1_1",3,"RSndSnd",2.07276635589134,0.176139002148299,11.7677875462596,5.72051339653219e-32,TRUE,2257.69959127264,2280.71746048751,"193","272","705","unleashed"
"4_1_1",3,"CovSnd.1",-6.4181873119491,0.167168944020258,-38.3934190023436,0,TRUE,2257.69959127264,2280.71746048751,"193","272","705","unleashed"
"4_1_1",3,"PSAB-BA",2.61588114214585,0.390045891436889,6.70659837617881,1.99213563560845e-11,TRUE,2257.69959127264,2280.71746048751,"193","272","705","unleashed"
"4_1_1",3,"PSAB-BY",0.99224530434182,0.221837559250118,4.47284629210639,7.71852607792512e-06,TRUE,2257.69959127264,2280.71746048751,"193","272","705","unleashed"
"4_1_1",3,"PSAB-XA",1.24463712863407,0.196738455453569,6.32635407127006,2.51021464745194e-10,TRUE,2257.69959127264,2280.71746048751,"193","272","705","unleashed"
"4_1_1",3,"PSAB-XB",0.707879752899309,0.198550392099598,3.56523976313387,0.000363523709903102,TRUE,2257.69959127264,2280.71746048751,"193","272","705","unleashed"
