"file_name","Team_ID","Round_Number","Covariate","Estimate","SE","Z_value","p_value","Significant_at_0.001","Significant_at_0.05","AIC","BIC","participant1","participant2","participant3","Vero_type"
"03_06_2021AM_vero #10_team_round 1_otter.ai_made_perfect.csv",2107,1,"RRecSnd",-0.304581731854312,0.24866323773229,-1.22487640164255,0.22062179295295,FALSE,FALSE,1805.99688398267,1832.50253181501,"514","539",-1,"teamwork"
"03_06_2021AM_vero #10_team_round 1_otter.ai_made_perfect.csv",2107,1,"RSndSnd",2.40091851503083,0.240072762185968,10.0007951471438,1.51178245097403e-23,TRUE,TRUE,1805.99688398267,1832.50253181501,"514","539",-1,"teamwork"
"03_06_2021AM_vero #10_team_round 1_otter.ai_made_perfect.csv",2107,1,"CovSnd.1",-6.21005272556749,0.324382872496285,-19.1442065907429,1.08173680408794e-81,TRUE,TRUE,1805.99688398267,1832.50253181501,"514","539",-1,"teamwork"
"03_06_2021AM_vero #10_team_round 1_otter.ai_made_perfect.csv",2107,1,"PSAB-BA",1.68010048627155,0.263746631056013,6.37013060430238,1.88867300649452e-10,TRUE,TRUE,1805.99688398267,1832.50253181501,"514","539",-1,"teamwork"
"03_06_2021AM_vero #10_team_round 1_otter.ai_made_perfect.csv",2107,1,"PSAB-BY",1.00453855426696,0.280558340369996,3.58049792047597,0.000342940072907185,TRUE,TRUE,1805.99688398267,1832.50253181501,"514","539",-1,"teamwork"
"03_06_2021AM_vero #10_team_round 1_otter.ai_made_perfect.csv",2107,1,"PSAB-XA",1.49284108889358,0.275693435593944,5.41485902875219,6.1337011341771e-08,TRUE,TRUE,1805.99688398267,1832.50253181501,"514","539",-1,"teamwork"
"03_06_2021AM_vero #10_team_round 1_otter.ai_made_perfect.csv",2107,1,"PSAB-XB",0.174950294756469,0.349079884929744,0.501175525457961,0.616247597338432,FALSE,FALSE,1805.99688398267,1832.50253181501,"514","539",-1,"teamwork"
"03_06_2021AM_vero #10_team_round 1_otter.ai_made_perfect.csv",2107,1,"PSAB-AY",1.04469642614179,0.294742399580951,3.54443889860124,0.000393449687532106,TRUE,TRUE,1805.99688398267,1832.50253181501,"514","539",-1,"teamwork"
