"Team_ID","Round_Number","Covariate","Estimate","SE","Z_value","p_value","Significant_at_0.001","AIC","BIC","participant1","participant2","participant3","Vero_type"
"1_3_4",1,"RRecSnd",-1.61821869400989,0.290359042468644,-5.5731644527125,2.50153222983856e-08,TRUE,1857.02090920153,1879.25395732955,"330","424","766","taskwork"
"1_3_4",1,"RSndSnd",1.71504748271519,0.209577744329097,8.18334736928017,2.76065879603704e-16,TRUE,1857.02090920153,1879.25395732955,"330","424","766","taskwork"
"1_3_4",1,"CovSnd.1",-5.8353276431525,0.237611256253864,-24.5582963330578,3.5267107440535e-133,TRUE,1857.02090920153,1879.25395732955,"330","424","766","taskwork"
"1_3_4",1,"PSAB-BA",2.87874369850288,0.347152125281771,8.29245592596129,1.10933779325916e-16,TRUE,1857.02090920153,1879.25395732955,"330","424","766","taskwork"
"1_3_4",1,"PSAB-BY",0.776233024107583,0.253528027312341,3.0617247029311,0.0022006574802025,FALSE,1857.02090920153,1879.25395732955,"330","424","766","taskwork"
"1_3_4",1,"PSAB-XA",1.99782019861384,0.250899713379697,7.96262447534349,1.6842803471966e-15,TRUE,1857.02090920153,1879.25395732955,"330","424","766","taskwork"
"1_3_4",1,"PSAB-XB",0.445792818451097,0.244410426890873,1.82395171974451,0.0681593716040978,FALSE,1857.02090920153,1879.25395732955,"330","424","766","taskwork"
