"file_name","Team_ID","Round_Number","Covariate","Estimate","SE","Z_value","p_value","Significant_at_0.001","Significant_at_0.05","AIC","BIC","participant1","participant2","participant3","Vero_type"
"03_09_2021_vero #1_team_round 3_otter.ai_made_perfect.csv","2_1_9",3,"RRecSnd",-0.368814612385781,0.180752552058233,-2.04043930880135,0.0413065901004912,FALSE,TRUE,3088.77701436528,3118.13606174912,"215","758","808","teamwork"
"03_09_2021_vero #1_team_round 3_otter.ai_made_perfect.csv","2_1_9",3,"RSndSnd",2.24959423975528,0.145995070488283,15.4086999802902,1.43060924926978e-53,TRUE,TRUE,3088.77701436528,3118.13606174912,"215","758","808","teamwork"
"03_09_2021_vero #1_team_round 3_otter.ai_made_perfect.csv","2_1_9",3,"CovSnd.1",-6.4779239376015,0.156848125780973,-41.300614242898,0,TRUE,TRUE,3088.77701436528,3118.13606174912,"215","758","808","teamwork"
"03_09_2021_vero #1_team_round 3_otter.ai_made_perfect.csv","2_1_9",3,"PSAB-BA",2.37524547755942,0.248504203707835,9.55817021249258,1.19856980856925e-21,TRUE,TRUE,3088.77701436528,3118.13606174912,"215","758","808","teamwork"
"03_09_2021_vero #1_team_round 3_otter.ai_made_perfect.csv","2_1_9",3,"PSAB-BY",0.805729278310122,0.209141235503944,3.85256057404771,0.000116889047978506,TRUE,TRUE,3088.77701436528,3118.13606174912,"215","758","808","teamwork"
"03_09_2021_vero #1_team_round 3_otter.ai_made_perfect.csv","2_1_9",3,"PSAB-XA",1.58497520675881,0.172815646927466,9.17147975277982,4.66569730376674e-20,TRUE,TRUE,3088.77701436528,3118.13606174912,"215","758","808","teamwork"
"03_09_2021_vero #1_team_round 3_otter.ai_made_perfect.csv","2_1_9",3,"PSAB-XB",0.71299333897342,0.181951578152885,3.91858837505838,8.90690724283787e-05,TRUE,TRUE,3088.77701436528,3118.13606174912,"215","758","808","teamwork"
"03_09_2021_vero #1_team_round 3_otter.ai_made_perfect.csv","2_1_9",3,"PSAB-AY",-0.031455097481567,0.297380716071972,-0.105773830586763,0.915761800454218,FALSE,FALSE,3088.77701436528,3118.13606174912,"215","758","808","teamwork"
