"file_name","Team_ID","Round_Number","Covariate","Estimate","SE","Z_value","p_value","Significant_at_0.001","Significant_at_0.05","AIC","BIC","participant1","participant2","participant3","Vero_type"
"03_04_2021_vero #3_team_round 2_otter.ai_made_perfect.csv","2_3_6",2,"RRecSnd",-0.124026095340671,0.232312232639272,-0.533876731034029,0.59342682193889,FALSE,FALSE,1842.29827371514,1867.52460647112,"425","446",-1,"teamwork"
"03_04_2021_vero #3_team_round 2_otter.ai_made_perfect.csv","2_3_6",2,"RSndSnd",2.58040590343891,0.195378422878743,13.2072204566846,7.97139559485161e-40,TRUE,TRUE,1842.29827371514,1867.52460647112,"425","446",-1,"teamwork"
"03_04_2021_vero #3_team_round 2_otter.ai_made_perfect.csv","2_3_6",2,"CovSnd.1",-6.81536534578784,0.222468595214798,-30.6351794922221,4.16374474365158e-206,TRUE,TRUE,1842.29827371514,1867.52460647112,"425","446",-1,"teamwork"
"03_04_2021_vero #3_team_round 2_otter.ai_made_perfect.csv","2_3_6",2,"PSAB-BA",2.01284415324414,0.300606709472989,6.69593887898568,2.14291282391226e-11,TRUE,TRUE,1842.29827371514,1867.52460647112,"425","446",-1,"teamwork"
"03_04_2021_vero #3_team_round 2_otter.ai_made_perfect.csv","2_3_6",2,"PSAB-BY",1.05699599789528,0.253541963990433,4.16891934281604,3.06047260945684e-05,TRUE,TRUE,1842.29827371514,1867.52460647112,"425","446",-1,"teamwork"
"03_04_2021_vero #3_team_round 2_otter.ai_made_perfect.csv","2_3_6",2,"PSAB-XA",1.29862075347858,0.240051078556509,5.4097684596442,6.31062854515778e-08,TRUE,TRUE,1842.29827371514,1867.52460647112,"425","446",-1,"teamwork"
"03_04_2021_vero #3_team_round 2_otter.ai_made_perfect.csv","2_3_6",2,"PSAB-XB",0.264789333380008,0.269582446426245,0.982220233142857,0.32599136176695,FALSE,FALSE,1842.29827371514,1867.52460647112,"425","446",-1,"teamwork"
"03_04_2021_vero #3_team_round 2_otter.ai_made_perfect.csv","2_3_6",2,"PSAB-AY",0.174904722873395,0.349903983186756,0.499864909454437,0.61717020205839,FALSE,FALSE,1842.29827371514,1867.52460647112,"425","446",-1,"teamwork"
