"Team_ID","Round_Number","Covariate","Estimate","SE","Z_value","p_value","AIC","BIC"
"3_2_4","3","RRecSnd","-0.829773066211133","0.225202429811493","-3.6845653348665","0.000229093257678171","3036.59796015008","3054.45873031097"
"3_2_4","3","RSndSnd","2.18167083043223","0.156138722492799","13.9726442973353","2.2896498929967e-44","3036.59796015008","3054.45873031097"
"3_2_4","3","CovSnd.1","-6.05459246461028","0.129075984491676","-46.9071956991406","0","3036.59796015008","3054.45873031097"
"3_2_4","3","PSAB-BA","1.84740877835395","0.296986372779188","6.22051699229819","4.95519396096682e-10","3036.59796015008","3054.45873031097"
"3_2_4","3","PSAB-BY","0.136063590988516","0.209922025076998","0.648162530532984","0.516879833716944","3036.59796015008","3054.45873031097"
