"file_name","Team_ID","Round_Number","Covariate","Estimate","SE","Z_value","p_value","Significant_at_0.001","Significant_at_0.05","AIC","BIC","participant1","participant2","participant3","Vero_type"
"02_27_2021_vero #6_team_round 3_otter.ai_made_perfect.csv",264,3,"RRecSnd",-0.104325504537063,0.276953045469846,-0.376690223283433,0.706403829269194,FALSE,FALSE,1604.34330241837,1627.22180165327,"548","623","872","teamwork"
"02_27_2021_vero #6_team_round 3_otter.ai_made_perfect.csv",264,3,"RSndSnd",2.81637756898206,0.241506804046451,11.6616903614872,2.00031295805013e-31,TRUE,TRUE,1604.34330241837,1627.22180165327,"548","623","872","teamwork"
"02_27_2021_vero #6_team_round 3_otter.ai_made_perfect.csv",264,3,"CovSnd.1",-7.36612443529252,0.236488615525169,-31.1479029082842,5.41477138724503e-213,TRUE,TRUE,1604.34330241837,1627.22180165327,"548","623","872","teamwork"
"02_27_2021_vero #6_team_round 3_otter.ai_made_perfect.csv",264,3,"PSAB-BA",2.06650563056644,0.396534579753582,5.21141342036457,1.87407299554955e-07,TRUE,TRUE,1604.34330241837,1627.22180165327,"548","623","872","teamwork"
"02_27_2021_vero #6_team_round 3_otter.ai_made_perfect.csv",264,3,"PSAB-BY",0.169171100357288,0.350168191968211,0.48311384139838,0.629014906649188,FALSE,FALSE,1604.34330241837,1627.22180165327,"548","623","872","teamwork"
"02_27_2021_vero #6_team_round 3_otter.ai_made_perfect.csv",264,3,"PSAB-XA",1.03736932796923,0.254916978119747,4.06943992362065,4.71262891674173e-05,TRUE,TRUE,1604.34330241837,1627.22180165327,"548","623","872","teamwork"
"02_27_2021_vero #6_team_round 3_otter.ai_made_perfect.csv",264,3,"PSAB-XB",-0.622665745758131,0.323264539710373,-1.92618016908382,0.0540818810980618,FALSE,FALSE,1604.34330241837,1627.22180165327,"548","623","872","teamwork"
"02_27_2021_vero #6_team_round 3_otter.ai_made_perfect.csv",264,3,"PSAB-AY",0.444335074063939,0.329426631805438,1.34881345697141,0.177396891217728,FALSE,FALSE,1604.34330241837,1627.22180165327,"548","623","872","teamwork"
