"file_name","Team_ID","Round_Number","Covariate","Estimate","SE","Z_value","p_value","Significant_at_0.001","Significant_at_0.05","AIC","BIC","participant1","participant2","participant3","Vero_type"
"03_11_2021_vero #2_team_round 1_otter.ai_made_perfect.csv","2_2_12",1,"RRecSnd",-1.35209413940947,0.267876200741312,-5.04745899661009,4.47724819433694e-07,TRUE,TRUE,2211.29622666715,2238.14891686452,"226","685","840","teamwork"
"03_11_2021_vero #2_team_round 1_otter.ai_made_perfect.csv","2_2_12",1,"RSndSnd",1.34421315319692,0.203711301254807,6.598618461111,4.15006806673358e-11,TRUE,TRUE,2211.29622666715,2238.14891686452,"226","685","840","teamwork"
"03_11_2021_vero #2_team_round 1_otter.ai_made_perfect.csv","2_2_12",1,"CovSnd.1",-5.5773968288242,0.262267320513212,-21.2660762229552,2.3405987088628e-100,TRUE,TRUE,2211.29622666715,2238.14891686452,"226","685","840","teamwork"
"03_11_2021_vero #2_team_round 1_otter.ai_made_perfect.csv","2_2_12",1,"PSAB-BA",2.36583948741571,0.335803086772067,7.04531786815162,1.85038601109503e-12,TRUE,TRUE,2211.29622666715,2238.14891686452,"226","685","840","teamwork"
"03_11_2021_vero #2_team_round 1_otter.ai_made_perfect.csv","2_2_12",1,"PSAB-BY",0.826425899744402,0.267913229643666,3.08467745636741,0.00203773007260777,FALSE,TRUE,2211.29622666715,2238.14891686452,"226","685","840","teamwork"
"03_11_2021_vero #2_team_round 1_otter.ai_made_perfect.csv","2_2_12",1,"PSAB-XA",1.53472614739172,0.238781353452476,6.42732828674233,1.29866161821067e-10,TRUE,TRUE,2211.29622666715,2238.14891686452,"226","685","840","teamwork"
"03_11_2021_vero #2_team_round 1_otter.ai_made_perfect.csv","2_2_12",1,"PSAB-XB",0.737683818677027,0.225484088934884,3.27155597612946,0.00106957412785863,FALSE,TRUE,2211.29622666715,2238.14891686452,"226","685","840","teamwork"
"03_11_2021_vero #2_team_round 1_otter.ai_made_perfect.csv","2_2_12",1,"PSAB-AY",0.327971919841722,0.325800400174645,1.00666518416157,0.314095698374157,FALSE,FALSE,2211.29622666715,2238.14891686452,"226","685","840","teamwork"
