"Team_ID","Round_Number","Covariate","Estimate","SE","Z_value","p_value","Significant_at_0.001","AIC","BIC","participant1","participant2","Vero_type"
"3_6_12",1,"RRecSnd",-1.11009514196523,0.566702781253849,-1.95886658524793,0.0501284131807834,FALSE,957.322249259935,975.199387501139,"175","208","combined"
"3_6_12",1,"RSndSnd",1.98801136075311,0.288572710997079,6.8891176642591,5.61394915505674e-12,TRUE,957.322249259935,975.199387501139,"175","208","combined"
"3_6_12",1,"CovSnd.1",-7.66796054574016,0.52743557637723,-14.5381936470966,6.93998791860853e-48,TRUE,957.322249259935,975.199387501139,"175","208","combined"
"3_6_12",1,"PSAB-BA",3.70446062483261,0.628535608160646,5.89379595481215,3.77423181183303e-09,TRUE,957.322249259935,975.199387501139,"175","208","combined"
"3_6_12",1,"PSAB-BY",2.38138994799212,0.512662774937321,4.64513919170993,3.39847242206782e-06,TRUE,957.322249259935,975.199387501139,"175","208","combined"
"3_6_12",1,"PSAB-XA",3.13814129054183,0.613059840310861,5.1188172576279,3.07457690793184e-07,TRUE,957.322249259935,975.199387501139,"175","208","combined"
"3_6_12",1,"PSAB-XB",1.65445546327476,0.599606739892762,2.75923426673065,0.00579369852649868,FALSE,957.322249259935,975.199387501139,"175","208","combined"
