"file_name","Team_ID","Round_Number","Covariate","Estimate","SE","Z_value","p_value","Significant_at_0.001","Significant_at_0.05","AIC","BIC","participant1","participant2","participant3","Vero_type"
"03_04_2021_vero #1_task_round 1_otter.ai_made_perfect.csv",116,1,"RRecSnd",-0.97650164582256,0.224698336572556,-4.34583388874908,1.38747542206286e-05,TRUE,TRUE,2078.54874512098,2104.85488136654,"342","399","429","taskwork"
"03_04_2021_vero #1_task_round 1_otter.ai_made_perfect.csv",116,1,"RSndSnd",1.56628070475216,0.206100873682033,7.59958304285779,2.97086391568673e-14,TRUE,TRUE,2078.54874512098,2104.85488136654,"342","399","429","taskwork"
"03_04_2021_vero #1_task_round 1_otter.ai_made_perfect.csv",116,1,"CovSnd.1",-5.44319523362019,0.239351330691491,-22.7414454638488,1.74390172967319e-114,TRUE,TRUE,2078.54874512098,2104.85488136654,"342","399","429","taskwork"
"03_04_2021_vero #1_task_round 1_otter.ai_made_perfect.csv",116,1,"PSAB-BA",1.79717972633267,0.301802861001558,5.954813418165,2.6036870297855e-09,TRUE,TRUE,2078.54874512098,2104.85488136654,"342","399","429","taskwork"
"03_04_2021_vero #1_task_round 1_otter.ai_made_perfect.csv",116,1,"PSAB-BY",0.448824966985695,0.254345254376547,1.76462882347012,0.0776261679721219,FALSE,FALSE,2078.54874512098,2104.85488136654,"342","399","429","taskwork"
"03_04_2021_vero #1_task_round 1_otter.ai_made_perfect.csv",116,1,"PSAB-XA",0.979281351449126,0.233977006843784,4.1853743009156,2.84696580051563e-05,TRUE,TRUE,2078.54874512098,2104.85488136654,"342","399","429","taskwork"
"03_04_2021_vero #1_task_round 1_otter.ai_made_perfect.csv",116,1,"PSAB-XB",0.279816931540769,0.238546310154866,1.17300884410708,0.240792259090283,FALSE,FALSE,2078.54874512098,2104.85488136654,"342","399","429","taskwork"
"03_04_2021_vero #1_task_round 1_otter.ai_made_perfect.csv",116,1,"PSAB-AY",0.53972934805721,0.267696261717462,2.01620054234027,0.043779009752019,FALSE,TRUE,2078.54874512098,2104.85488136654,"342","399","429","taskwork"
