"file_name","Team_ID","Round_Number","Covariate","Estimate","SE","Z_value","p_value","Significant_at_0.001","Significant_at_0.05","AIC","BIC","participant1","participant2","participant3","Vero_type"
"05_12_2021_vero #8_round 3_otter.ai_made_perfect.csv",428,3,"RRecSnd",-0.0580805371166125,0.199157240025988,-0.291631562623752,0.770568340449414,FALSE,FALSE,2202.15683209617,2228.97169716398,"127","999",-1,"unleashed"
"05_12_2021_vero #8_round 3_otter.ai_made_perfect.csv",428,3,"RSndSnd",2.13642554829905,0.172528779229547,12.3830097091023,3.22998786317114e-35,TRUE,TRUE,2202.15683209617,2228.97169716398,"127","999",-1,"unleashed"
"05_12_2021_vero #8_round 3_otter.ai_made_perfect.csv",428,3,"CovSnd.1",-6.57413564300432,0.215826894877616,-30.4602243697764,8.77087589766428e-204,TRUE,TRUE,2202.15683209617,2228.97169716398,"127","999",-1,"unleashed"
"05_12_2021_vero #8_round 3_otter.ai_made_perfect.csv",428,3,"PSAB-BA",2.09278630741451,0.29077222271401,7.1973391676855,6.13989041428083e-13,TRUE,TRUE,2202.15683209617,2228.97169716398,"127","999",-1,"unleashed"
"05_12_2021_vero #8_round 3_otter.ai_made_perfect.csv",428,3,"PSAB-BY",1.39431598102263,0.243764699282088,5.71992575269938,1.06570612084276e-08,TRUE,TRUE,2202.15683209617,2228.97169716398,"127","999",-1,"unleashed"
"05_12_2021_vero #8_round 3_otter.ai_made_perfect.csv",428,3,"PSAB-XA",1.38671685365934,0.22471791220016,6.17092264734183,6.7892633329216e-10,TRUE,TRUE,2202.15683209617,2228.97169716398,"127","999",-1,"unleashed"
"05_12_2021_vero #8_round 3_otter.ai_made_perfect.csv",428,3,"PSAB-XB",0.606649848001464,0.265911616772687,2.28139656087329,0.02252499136842,FALSE,TRUE,2202.15683209617,2228.97169716398,"127","999",-1,"unleashed"
"05_12_2021_vero #8_round 3_otter.ai_made_perfect.csv",428,3,"PSAB-AY",1.00313164648139,0.269292845817486,3.72505865663161,0.000195269811508203,TRUE,TRUE,2202.15683209617,2228.97169716398,"127","999",-1,"unleashed"
