"Team_ID","Round_Number","Covariate","Estimate","SE","Z_value","p_value","AIC","BIC"
"1_6_7","2","RRecSnd","0.154685164646836","0.237080142569008","0.652459387659644","0.514104863855704","1801.02882728559","1816.61879634768"
"1_6_7","2","RSndSnd","2.72058356038228","0.195063212190447","13.9471893743146","3.27249505709289e-44","1801.02882728559","1816.61879634768"
"1_6_7","2","CovSnd.1","-6.87977929168319","0.187087630234665","-36.7730313492872","4.98272031649307e-296","1801.02882728559","1816.61879634768"
"1_6_7","2","PSAB-BA","1.62640072988904","0.264223034283269","6.1554085710234","7.48841874168529e-10","1801.02882728559","1816.61879634768"
"1_6_7","2","PSAB-BY","1.14654126968664","0.206950117628448","5.54018177339288","3.02157844895274e-08","1801.02882728559","1816.61879634768"
