"Team_ID","Round_Number","Covariate","Estimate","SE","Z_value","p_value","AIC","BIC"
"241","2","RRecSnd","0.202186256519371","0.204623904187769","0.988087180341544","0.323109953597661","2359.6205450795","2375.95983587482"
"241","2","RSndSnd","2.53752567915564","0.176497587632145","14.3771125328032","7.20379059065401e-47","2359.6205450795","2375.95983587482"
"241","2","CovSnd.1","-6.96423602203311","0.157218352316524","-44.2965844598865","0","2359.6205450795","2375.95983587482"
"241","2","PSAB-BA","1.30779375921377","0.291583792327974","4.48513872726767","7.28665102951907e-06","2359.6205450795","2375.95983587482"
"241","2","PSAB-BY","0.77981550777776","0.199735279151108","3.90424521442604","9.45199086936892e-05","2359.6205450795","2375.95983587482"
