"file_name","Team_ID","Round_Number","Covariate","Estimate","SE","Z_value","p_value","Significant_at_0.001","Significant_at_0.05","AIC","BIC","participant1","participant2","participant3","Vero_type"
"02_27_2021_vero #2_task+team_round 1_otter.ai_made_perfect.csv","3_2_4",1,"RRecSnd",-0.767428160404501,0.24050347782117,-3.1909233386435,0.00141818904858646,FALSE,TRUE,2049.87766133846,2076.02052661097,"307","454","836","combined"
"02_27_2021_vero #2_task+team_round 1_otter.ai_made_perfect.csv","3_2_4",1,"RSndSnd",1.97387935481693,0.199008026339627,9.91859168257018,3.4559789205861e-23,TRUE,TRUE,2049.87766133846,2076.02052661097,"307","454","836","combined"
"02_27_2021_vero #2_task+team_round 1_otter.ai_made_perfect.csv","3_2_4",1,"CovSnd.1",-6.3207185467443,0.256978324577602,-24.5963100472918,1.38340719050679e-133,TRUE,TRUE,2049.87766133846,2076.02052661097,"307","454","836","combined"
"02_27_2021_vero #2_task+team_round 1_otter.ai_made_perfect.csv","3_2_4",1,"PSAB-BA",2.13327132545618,0.304512760696112,7.00552357996278,2.46063886446603e-12,TRUE,TRUE,2049.87766133846,2076.02052661097,"307","454","836","combined"
"02_27_2021_vero #2_task+team_round 1_otter.ai_made_perfect.csv","3_2_4",1,"PSAB-BY",1.06579795777742,0.255404821374798,4.17297509123134,3.00647821454245e-05,TRUE,TRUE,2049.87766133846,2076.02052661097,"307","454","836","combined"
"02_27_2021_vero #2_task+team_round 1_otter.ai_made_perfect.csv","3_2_4",1,"PSAB-XA",1.58241033925783,0.258843981870729,6.11337504477162,9.75457560046628e-10,TRUE,TRUE,2049.87766133846,2076.02052661097,"307","454","836","combined"
"02_27_2021_vero #2_task+team_round 1_otter.ai_made_perfect.csv","3_2_4",1,"PSAB-XB",0.387588011620443,0.278062214116288,1.39388953962062,0.163350963542723,FALSE,FALSE,2049.87766133846,2076.02052661097,"307","454","836","combined"
"02_27_2021_vero #2_task+team_round 1_otter.ai_made_perfect.csv","3_2_4",1,"PSAB-AY",0.654023521635207,0.308033063490207,2.12322506624683,0.0337349964446987,FALSE,TRUE,2049.87766133846,2076.02052661097,"307","454","836","combined"
