"Team_ID","Round_Number","Covariate","Estimate","SE","Z_value","p_value","AIC","BIC"
"2_1_9","2","RRecSnd","-0.232865759068922","0.193690370715001","-1.20225780047457","0.229263661254717","2889.12457438676","2906.90871469525"
"2_1_9","2","RSndSnd","2.33007847137137","0.152195326639151","15.3097898787385","6.57760831585017e-53","2889.12457438676","2906.90871469525"
"2_1_9","2","CovSnd.1","-6.13079870061398","0.129279429591118","-47.4228477028737","0","2889.12457438676","2906.90871469525"
"2_1_9","2","PSAB-BA","1.80418179783466","0.242747218910976","7.43234796233161","1.06686698352734e-13","2889.12457438676","2906.90871469525"
"2_1_9","2","PSAB-BY","-0.0233956564524125","0.217106513693454","-0.107761190829338","0.914185128794192","2889.12457438676","2906.90871469525"
