"file_name","Team_ID","Round_Number","Covariate","Estimate","SE","Z_value","p_value","Significant_at_0.001","Significant_at_0.05","AIC","BIC","participant1","participant2","participant3","Vero_type"
"03_06_2021AM_vero #9_team_round 1_otter.ai_made_perfect.csv","2_9_7",1,"RRecSnd",0.082786133968781,0.324088594498449,0.255442910901874,0.798381031668492,FALSE,FALSE,1579.46018318027,1604.95926962699,"630","637",-1,"teamwork"
"03_06_2021AM_vero #9_team_round 1_otter.ai_made_perfect.csv","2_9_7",1,"RSndSnd",2.34066086633072,0.251521636091106,9.30600207086314,1.3273471289139e-20,TRUE,TRUE,1579.46018318027,1604.95926962699,"630","637",-1,"teamwork"
"03_06_2021AM_vero #9_team_round 1_otter.ai_made_perfect.csv","2_9_7",1,"CovSnd.1",-6.94931818234893,0.445719813107298,-15.5912256489169,8.35157008252886e-55,TRUE,TRUE,1579.46018318027,1604.95926962699,"630","637",-1,"teamwork"
"03_06_2021AM_vero #9_team_round 1_otter.ai_made_perfect.csv","2_9_7",1,"PSAB-BA",2.09691387927321,0.287445609269834,7.29499359757058,2.9867328105459e-13,TRUE,TRUE,1579.46018318027,1604.95926962699,"630","637",-1,"teamwork"
"03_06_2021AM_vero #9_team_round 1_otter.ai_made_perfect.csv","2_9_7",1,"PSAB-BY",1.57149186750319,0.399320022324727,3.93541966254137,8.3051443185649e-05,TRUE,TRUE,1579.46018318027,1604.95926962699,"630","637",-1,"teamwork"
"03_06_2021AM_vero #9_team_round 1_otter.ai_made_perfect.csv","2_9_7",1,"PSAB-XA",1.77289496793573,0.331121998965462,5.35420471450056,8.59335275183381e-08,TRUE,TRUE,1579.46018318027,1604.95926962699,"630","637",-1,"teamwork"
"03_06_2021AM_vero #9_team_round 1_otter.ai_made_perfect.csv","2_9_7",1,"PSAB-XB",1.64860331845017,0.395136556676786,4.17223689024221,3.01623804432061e-05,TRUE,TRUE,1579.46018318027,1604.95926962699,"630","637",-1,"teamwork"
"03_06_2021AM_vero #9_team_round 1_otter.ai_made_perfect.csv","2_9_7",1,"PSAB-AY",0.76071978038219,0.449525905353012,1.69227128252998,0.0905942606889089,FALSE,FALSE,1579.46018318027,1604.95926962699,"630","637",-1,"teamwork"
