"file_name","Team_ID","Round_Number","Covariate","Estimate","SE","Z_value","p_value","Significant_at_0.001","Significant_at_0.05","AIC","BIC","participant1","participant2","participant3","Vero_type"
"03_06_2021AM_Vero #6_task_round 1_otter.ai_made_perfect.csv","1_6_7",1,"RRecSnd",0.0633734512070477,0.380425758557567,0.166585594643581,0.86769612911661,FALSE,FALSE,1301.11125093976,1324.75786740057,"249","990",-1,"taskwork"
"03_06_2021AM_Vero #6_task_round 1_otter.ai_made_perfect.csv","1_6_7",1,"RSndSnd",2.51542319928979,0.278526382466463,9.03118468352876,1.69823209928352e-19,TRUE,TRUE,1301.11125093976,1324.75786740057,"249","990",-1,"taskwork"
"03_06_2021AM_Vero #6_task_round 1_otter.ai_made_perfect.csv","1_6_7",1,"CovSnd.1",-7.58256225618346,0.480219385767956,-15.7897879196559,3.65807728846757e-56,TRUE,TRUE,1301.11125093976,1324.75786740057,"249","990",-1,"taskwork"
"03_06_2021AM_Vero #6_task_round 1_otter.ai_made_perfect.csv","1_6_7",1,"PSAB-BA",2.43737586465563,0.390136540642471,6.24749443013411,4.17089152137166e-10,TRUE,TRUE,1301.11125093976,1324.75786740057,"249","990",-1,"taskwork"
"03_06_2021AM_Vero #6_task_round 1_otter.ai_made_perfect.csv","1_6_7",1,"PSAB-BY",2.4210872664105,0.412599001410393,5.8678941493665,4.41364861414675e-09,TRUE,TRUE,1301.11125093976,1324.75786740057,"249","990",-1,"taskwork"
"03_06_2021AM_Vero #6_task_round 1_otter.ai_made_perfect.csv","1_6_7",1,"PSAB-XA",1.85908458294196,0.399092629738054,4.65827841562039,3.18864776640428e-06,TRUE,TRUE,1301.11125093976,1324.75786740057,"249","990",-1,"taskwork"
"03_06_2021AM_Vero #6_task_round 1_otter.ai_made_perfect.csv","1_6_7",1,"PSAB-XB",1.28501062020846,0.535640840538543,2.39901539045544,0.0164392237248952,FALSE,TRUE,1301.11125093976,1324.75786740057,"249","990",-1,"taskwork"
"03_06_2021AM_Vero #6_task_round 1_otter.ai_made_perfect.csv","1_6_7",1,"PSAB-AY",1.19803456225418,0.481042583983828,2.49049585658814,0.0127564983191345,FALSE,TRUE,1301.11125093976,1324.75786740057,"249","990",-1,"taskwork"
