"file_name","Team_ID","Round_Number","Covariate","Estimate","SE","Z_value","p_value","Significant_at_0.001","Significant_at_0.05","AIC","BIC","participant1","participant2","participant3","Vero_type"
"05_05_2021_vero #1_round 3_otter.ai_made_perfect.csv","4_1_1",3,"RRecSnd",-1.10301059383783,0.276731317480929,-3.98585387399762,6.72378844260103e-05,TRUE,TRUE,2257.88866132055,2284.1947975661,"193","272","705","unleashed"
"05_05_2021_vero #1_round 3_otter.ai_made_perfect.csv","4_1_1",3,"RSndSnd",2.11546607907554,0.18066939835905,11.7090447983416,1.14562974076719e-31,TRUE,TRUE,2257.88866132055,2284.1947975661,"193","272","705","unleashed"
"05_05_2021_vero #1_round 3_otter.ai_made_perfect.csv","4_1_1",3,"CovSnd.1",-6.5228604013806,0.18757198073812,-34.7752386881681,5.75986806645561e-265,TRUE,TRUE,2257.88866132055,2284.1947975661,"193","272","705","unleashed"
"05_05_2021_vero #1_round 3_otter.ai_made_perfect.csv","4_1_1",3,"PSAB-BA",2.72541617093237,0.399556461972058,6.82110397484441,9.03435216193246e-12,TRUE,TRUE,2257.88866132055,2284.1947975661,"193","272","705","unleashed"
"05_05_2021_vero #1_round 3_otter.ai_made_perfect.csv","4_1_1",3,"PSAB-BY",1.0799932690343,0.233085988807431,4.63345426535509,3.59614233963633e-06,TRUE,TRUE,2257.88866132055,2284.1947975661,"193","272","705","unleashed"
"05_05_2021_vero #1_round 3_otter.ai_made_perfect.csv","4_1_1",3,"PSAB-XA",1.32741564140695,0.208311182649485,6.37227259969296,1.86247456197069e-10,TRUE,TRUE,2257.88866132055,2284.1947975661,"193","272","705","unleashed"
"05_05_2021_vero #1_round 3_otter.ai_made_perfect.csv","4_1_1",3,"PSAB-XB",0.783718479531231,0.208767774294184,3.75402038068796,0.000174020705083455,TRUE,TRUE,2257.88866132055,2284.1947975661,"193","272","705","unleashed"
"05_05_2021_vero #1_round 3_otter.ai_made_perfect.csv","4_1_1",3,"PSAB-AY",0.418783462550555,0.300170077857576,1.39515392586618,0.162969427477799,FALSE,FALSE,2257.88866132055,2284.1947975661,"193","272","705","unleashed"
