"Team_ID","Round_Number","Covariate","Estimate","SE","Z_value","p_value","AIC","BIC"
"346","1","RRecSnd","-0.106095973406531","0.174626374180459","-0.607559848301556","0.54347943770665","2128.83932610317","2146.62346641167"
"346","1","RSndSnd","2.19536217916138","0.192899693449536","11.3808484601646","5.20904563456208e-30","2128.83932610317","2146.62346641167"
"346","1","CovSnd.1","-5.26911618201609","0.205835379906567","-25.5986904894963","1.57762917209596e-144","2128.83932610317","2146.62346641167"
"346","1","PSAB-BA","1.20291365293673","0.160218706677499","7.50794759165074","6.00615391829557e-14","2128.83932610317","2146.62346641167"
"346","1","PSAB-BY","0.433317721136825","0.202239605000844","2.14259576473667","0.0321455715434138","2128.83932610317","2146.62346641167"
