"Team_ID","Round_Number","Covariate","Estimate","SE","Z_value","p_value","AIC","BIC"
"4_1_1","1","RRecSnd","-0.0981108009251258","0.186894717382349","-0.524952242092593","0.599616391052294","2184.95172506987","2201.87420038382"
"4_1_1","1","RSndSnd","1.8130023106109","0.184177737793567","9.84376468258598","7.29296116989818e-23","2184.95172506987","2201.87420038382"
"4_1_1","1","CovSnd.1","-5.42301485597696","0.185147945723218","-29.2901702732578","1.38369104269968e-188","2184.95172506987","2201.87420038382"
"4_1_1","1","PSAB-BA","1.18712893989248","0.22519271294419","5.27161347439643","1.3522963806966e-07","2184.95172506987","2201.87420038382"
"4_1_1","1","PSAB-BY","0.617070090422471","0.182636010797546","3.37868795823896","0.000728326257387664","2184.95172506987","2201.87420038382"
