"Team_ID","Round_Number","Covariate","Estimate","SE","Z_value","p_value","Significant_at_0.001","AIC","BIC","participant1","participant2","Vero_type"
NA,2,"RRecSnd",0.0292794084721039,0.224705730820781,0.130301120337053,0.896328193726888,FALSE,1942.03541963515,1964.50182270504,"10","370",NA
NA,2,"RSndSnd",2.45844443860334,0.184578084569908,13.3192650922337,1.78859429503252e-40,TRUE,1942.03541963515,1964.50182270504,"10","370",NA
NA,2,"CovSnd.1",-6.74722477018114,0.196920861408205,-34.2636362746482,2.73261098377679e-257,TRUE,1942.03541963515,1964.50182270504,"10","370",NA
NA,2,"PSAB-BA",1.90679093128377,0.285099376620284,6.68816240108227,2.25990272669088e-11,TRUE,1942.03541963515,1964.50182270504,"10","370",NA
NA,2,"PSAB-BY",1.03118712640572,0.228343588737906,4.51594516888021,6.30349744351046e-06,TRUE,1942.03541963515,1964.50182270504,"10","370",NA
NA,2,"PSAB-XA",0.950466425755837,0.210924555484964,4.50619143688839,6.6001546451826e-06,TRUE,1942.03541963515,1964.50182270504,"10","370",NA
NA,2,"PSAB-XB",0.403486305158041,0.255382411141509,1.5799298916262,0.114122922855449,FALSE,1942.03541963515,1964.50182270504,"10","370",NA
