"Team_ID","Round_Number","Covariate","Estimate","SE","Z_value","p_value","AIC","BIC"
"2107","2","RRecSnd","0.398605913850254","0.215395563040553","1.85057625247001","0.0642305387275839","1776.20713617819","1791.76707511997"
"2107","2","RSndSnd","2.63630971273924","0.196677255552097","13.4042429326096","5.71030033068809e-41","1776.20713617819","1791.76707511997"
"2107","2","CovSnd.1","-6.64690146866971","0.186014840510489","-35.7331783336658","1.20752331389846e-279","1776.20713617819","1791.76707511997"
"2107","2","PSAB-BA","1.25747510830794","0.250751591772886","5.01482403129418","5.30820242271988e-07","1776.20713617819","1791.76707511997"
"2107","2","PSAB-BY","0.681845543449306","0.225599007975214","3.02237828778139","0.0025079691614941","1776.20713617819","1791.76707511997"
