"Team_ID","Round_Number","Covariate","Estimate","SE","Z_value","p_value","AIC","BIC"
"1_6_7","1","RRecSnd","0.578538744576211","0.280402560664063","2.06324344259227","0.0390895045686178","1323.8969108982","1338.6760461862"
"1_6_7","1","RSndSnd","2.33914538181705","0.254725351757541","9.18300972273681","4.19207476051942e-20","1323.8969108982","1338.6760461862"
"1_6_7","1","CovSnd.1","-6.68897503762587","0.329944999369469","-20.273000198241","2.22659860729701e-91","1323.8969108982","1338.6760461862"
"1_6_7","1","PSAB-BA","1.17630591485567","0.209104199720264","5.62545332149865","1.85021434917991e-08","1323.8969108982","1338.6760461862"
"1_6_7","1","PSAB-BY","1.6184182702991","0.284293599601917","5.69277068694229","1.24994211799063e-08","1323.8969108982","1338.6760461862"
