"Team_ID","Round_Number","Covariate","Estimate","SE","Z_value","p_value","AIC","BIC"
"2_7_8",NA,"RRecSnd","-0.127876716343338","0.272574032202102","-0.469144897297196","0.638966068954897","1487.04453254035","1501.18610122686"
"2_7_8",NA,"RSndSnd","2.23597782597588","0.216601040850871","10.3230243824883","5.54485028774427e-25","1487.04453254035","1501.18610122686"
"2_7_8",NA,"CovSnd.1","-6.5024427396272","0.1895042454966","-34.3129132679186","5.03687001382419e-258","1487.04453254035","1501.18610122686"
"2_7_8",NA,"PSAB-BA","1.33115481202682","0.340623351900773","3.90799633847358","9.30647163796795e-05","1487.04453254035","1501.18610122686"
"2_7_8",NA,"PSAB-BY","0.349875954078896","0.261938836770163","1.33571622441728","0.181642044289206","1487.04453254035","1501.18610122686"
