"Team_ID","Round_Number","Covariate","Estimate","SE","Z_value","p_value","Significant_at_0.001","AIC","BIC","participant1","participant2","Vero_type"
"1_6_7",3,"RRecSnd",0.00364525246441533,0.248747546395526,0.0146544258113771,0.988307878383967,FALSE,1621.78721731793,1643.13620936868,"249","990","taskwork"
"1_6_7",3,"RSndSnd",2.81703735976064,0.20282277748854,13.8891568030115,7.36977858089619e-44,TRUE,1621.78721731793,1643.13620936868,"249","990","taskwork"
"1_6_7",3,"CovSnd.1",-7.29908608854208,0.229612769132965,-31.7886767190866,9.28145399643022e-222,TRUE,1621.78721731793,1643.13620936868,"249","990","taskwork"
"1_6_7",3,"PSAB-BA",2.47056433886985,0.30963730614076,7.97889753551445,1.47646074513175e-15,TRUE,1621.78721731793,1643.13620936868,"249","990","taskwork"
"1_6_7",3,"PSAB-BY",1.63480808738204,0.246821740073563,6.62343635894794,3.5094305808353e-11,TRUE,1621.78721731793,1643.13620936868,"249","990","taskwork"
"1_6_7",3,"PSAB-XA",0.956841140909519,0.243875105909732,3.92348836647429,8.727598167718e-05,TRUE,1621.78721731793,1643.13620936868,"249","990","taskwork"
"1_6_7",3,"PSAB-XB",0.309198506654657,0.317952562802424,0.972467414413617,0.330818068206637,FALSE,1621.78721731793,1643.13620936868,"249","990","taskwork"
