"file_name","Team_ID","Round_Number","Covariate","Estimate","SE","Z_value","p_value","Significant_at_0.001","Significant_at_0.05","AIC","BIC","participant1","participant2","participant3","Vero_type"
"05_20_2021_vero #3_round 1_otter.ai_made_perfect.csv","4_5_3",1,"RRecSnd",-1.34915583752453,0.241106492323154,-5.59568439872729,2.19753138595472e-08,TRUE,TRUE,2408.26230857723,2436.56098271338,"142","194","753","unleashed"
"05_20_2021_vero #3_round 1_otter.ai_made_perfect.csv","4_5_3",1,"RSndSnd",1.46037828197437,0.172986477965645,8.4421528153455,3.11545681263731e-17,TRUE,TRUE,2408.26230857723,2436.56098271338,"142","194","753","unleashed"
"05_20_2021_vero #3_round 1_otter.ai_made_perfect.csv","4_5_3",1,"CovSnd.1",-5.59888994729163,0.247046243371422,-22.6633276057308,1.0308971324445e-113,TRUE,TRUE,2408.26230857723,2436.56098271338,"142","194","753","unleashed"
"05_20_2021_vero #3_round 1_otter.ai_made_perfect.csv","4_5_3",1,"PSAB-BA",3.09672693672944,0.313120059771916,9.88990273885734,4.60475064421472e-23,TRUE,TRUE,2408.26230857723,2436.56098271338,"142","194","753","unleashed"
"05_20_2021_vero #3_round 1_otter.ai_made_perfect.csv","4_5_3",1,"PSAB-BY",1.16330902667082,0.254513223112476,4.57072136545427,4.86048186669832e-06,TRUE,TRUE,2408.26230857723,2436.56098271338,"142","194","753","unleashed"
"05_20_2021_vero #3_round 1_otter.ai_made_perfect.csv","4_5_3",1,"PSAB-XA",2.09775922127655,0.254946470951585,8.22823400318774,1.89993650957126e-16,TRUE,TRUE,2408.26230857723,2436.56098271338,"142","194","753","unleashed"
"05_20_2021_vero #3_round 1_otter.ai_made_perfect.csv","4_5_3",1,"PSAB-XB",1.09662785955761,0.24052165808908,4.55937260814768,5.13066687063411e-06,TRUE,TRUE,2408.26230857723,2436.56098271338,"142","194","753","unleashed"
"05_20_2021_vero #3_round 1_otter.ai_made_perfect.csv","4_5_3",1,"PSAB-AY",0.519513592581227,0.325765304102426,1.59474807795333,0.110768582094917,FALSE,FALSE,2408.26230857723,2436.56098271338,"142","194","753","unleashed"
