"Team_ID","Round_Number","Covariate","Estimate","SE","Z_value","p_value","Significant_at_0.001","AIC","BIC","participant1","participant2","Vero_type"
2111,3,"RRecSnd",0.238291795022375,0.260656015526902,0.914200251778884,0.360611631887224,FALSE,1781.13468921571,1803.24807631021,"112","781","teamwork"
2111,3,"RSndSnd",2.61067988669231,0.220259918322641,11.8527233941317,2.08309000341921e-32,TRUE,1781.13468921571,1803.24807631021,"112","781","teamwork"
2111,3,"CovSnd.1",-7.62673796744261,0.251072311076337,-30.376658958318,1.11732493156023e-202,TRUE,1781.13468921571,1803.24807631021,"112","781","teamwork"
2111,3,"PSAB-BA",2.3510180149359,0.27390651118757,8.58328633643153,9.2200474959806e-18,TRUE,1781.13468921571,1803.24807631021,"112","781","teamwork"
2111,3,"PSAB-BY",1.50839359858235,0.290276369550651,5.19640507051037,2.03179279664796e-07,TRUE,1781.13468921571,1803.24807631021,"112","781","teamwork"
2111,3,"PSAB-XA",1.3076135256643,0.266582984099256,4.9050899857038,9.33845173188498e-07,TRUE,1781.13468921571,1803.24807631021,"112","781","teamwork"
2111,3,"PSAB-XB",0.514907920483257,0.315887349770386,1.63003653314239,0.103093775942788,FALSE,1781.13468921571,1803.24807631021,"112","781","teamwork"
