"Team_ID","Round_Number","Covariate","Estimate","SE","Z_value","p_value","AIC","BIC"
"264","3","RRecSnd","0.458124699774842","0.249695590213217","1.83473284163187","0.0665452836664328","1622.07216618722","1636.37122820903"
"264","3","RSndSnd","2.6153584116924","0.226298832299479","11.5571007818162","6.79648502420313e-31","1622.07216618722","1636.37122820903"
"264","3","CovSnd.1","-7.20403772927973","0.202730813048288","-35.5349915533748","1.41704498423421e-276","1622.07216618722","1636.37122820903"
"264","3","PSAB-BA","1.42800621665085","0.345777994316857","4.12983544390127","3.63022976765092e-05","1622.07216618722","1636.37122820903"
"264","3","PSAB-BY","0.0227785721432645","0.334985900577374","0.0679985996545046","0.945786749019812","1622.07216618722","1636.37122820903"
