"Team_ID","Round_Number","Covariate","Estimate","SE","Z_value","p_value","AIC","BIC"
"4_1_2","1","RRecSnd","-0.535693930144485","0.207460109709131","-2.58215389404524","0.00981857909010329","2029.84123272185","2046.25725136554"
"4_1_2","1","RSndSnd","1.25231323057415","0.194275557458695","6.44606684935343","1.14790046652841e-10","2029.84123272185","2046.25725136554"
"4_1_2","1","CovSnd.1","-4.93946609947905","0.18541970228404","-26.6393810292739","2.37590289131311e-156","2029.84123272185","2046.25725136554"
"4_1_2","1","PSAB-BA","1.55657547146421","0.220980909491522","7.04393639724761","1.86883476288723e-12","2029.84123272185","2046.25725136554"
"4_1_2","1","PSAB-BY","0.10264663806339","0.216992874753823","0.473041514288625","0.636183561483133","2029.84123272185","2046.25725136554"
