"Team_ID","Round_Number","Covariate","Estimate","SE","Z_value","p_value","AIC","BIC"
"3_5_6","3","RRecSnd","0.0787019050044796","0.20633581296249","0.38142629664966","0.702886951307085","1938.35043186948","1954.34291702581"
"3_5_6","3","RSndSnd","2.49275477642675","0.183654997342476","13.5730299338292","5.78790681475907e-42","1938.35043186948","1954.34291702581"
"3_5_6","3","CovSnd.1","-6.38670120718285","0.168191743382155","-37.9727392008262","0","1938.35043186948","1954.34291702581"
"3_5_6","3","PSAB-BA","1.48045729268118","0.252071305937778","5.87316865429586","4.27543110098438e-09","1938.35043186948","1954.34291702581"
"3_5_6","3","PSAB-BY","0.813167359531251","0.207856950766781","3.9121489877124","9.14784444274104e-05","1938.35043186948","1954.34291702581"
