"file_name","Team_ID","Round_Number","Covariate","Estimate","SE","Z_value","p_value","Significant_at_0.001","Significant_at_0.05","AIC","BIC","participant1","participant2","participant3","Vero_type"
"02_25_2021_vero #7_task+team_round 2_otter.ai_made_perfect.csv","3_7_1",2,"RRecSnd",-0.486052892405817,0.208943667390583,-2.32623892590737,0.0200058081382893,FALSE,TRUE,3066.16749180294,3094.65294485107,"152","857","945","combined"
"02_25_2021_vero #7_task+team_round 2_otter.ai_made_perfect.csv","3_7_1",2,"RSndSnd",1.92092825862543,0.157459927862099,12.199473762669,3.1283917142595e-34,TRUE,TRUE,3066.16749180294,3094.65294485107,"152","857","945","combined"
"02_25_2021_vero #7_task+team_round 2_otter.ai_made_perfect.csv","3_7_1",2,"CovSnd.1",-6.47406458959058,0.158373871704262,-40.8783628254025,0,TRUE,TRUE,3066.16749180294,3094.65294485107,"152","857","945","combined"
"02_25_2021_vero #7_task+team_round 2_otter.ai_made_perfect.csv","3_7_1",2,"PSAB-BA",0.935492395371867,0.461335285584951,2.02779285392339,0.0425813940079112,FALSE,TRUE,3066.16749180294,3094.65294485107,"152","857","945","combined"
"02_25_2021_vero #7_task+team_round 2_otter.ai_made_perfect.csv","3_7_1",2,"PSAB-BY",0.546141480595453,0.22360951592911,2.44238926204104,0.0145904050678393,FALSE,TRUE,3066.16749180294,3094.65294485107,"152","857","945","combined"
"02_25_2021_vero #7_task+team_round 2_otter.ai_made_perfect.csv","3_7_1",2,"PSAB-XA",1.38243479254712,0.175435163769662,7.8800325022764,3.2729593185884e-15,TRUE,TRUE,3066.16749180294,3094.65294485107,"152","857","945","combined"
"02_25_2021_vero #7_task+team_round 2_otter.ai_made_perfect.csv","3_7_1",2,"PSAB-XB",0.890870227932162,0.172947653049932,5.15109752703587,2.58966469145865e-07,TRUE,TRUE,3066.16749180294,3094.65294485107,"152","857","945","combined"
"02_25_2021_vero #7_task+team_round 2_otter.ai_made_perfect.csv","3_7_1",2,"PSAB-AY",0.460312334547143,0.236752069995661,1.94428008403719,0.0518616849740154,FALSE,FALSE,3066.16749180294,3094.65294485107,"152","857","945","combined"
