"Team_ID","Round_Number","Covariate","Estimate","SE","Z_value","p_value","AIC","BIC"
"2_7_4","2","RRecSnd","-0.13882522558077","0.229673893424677","-0.604444952409443","0.545547856954435","2300.88332828139","2317.09206335668"
"2_7_4","2","RSndSnd","1.95936361691211","0.177204171999398","11.0570964261426","2.02548599896371e-28","2300.88332828139","2317.09206335668"
"2_7_4","2","CovSnd.1","-6.2833715930553","0.146360793920242","-42.9307017593753","0","2300.88332828139","2317.09206335668"
"2_7_4","2","PSAB-BA","1.39425494260058","0.318643599475773","4.37559375080618","1.21102377570986e-05","2300.88332828139","2317.09206335668"
"2_7_4","2","PSAB-BY","0.585953161548282","0.211004949652069","2.77696405944256","0.00548692458617447","2300.88332828139","2317.09206335668"
