"Team_ID","Round_Number","Covariate","Estimate","SE","Z_value","p_value","Significant_at_0.001","AIC","BIC","participant1","participant2","Vero_type"
346,2,"RRecSnd",-0.223419608950482,0.20653862705069,-1.08173280776021,0.279371270720016,FALSE,2466.37364023016,2490.67953494586,"522","816","combined"
346,2,"RSndSnd",2.67511920123798,0.172946408589064,15.4679083715135,5.7133452060752e-54,TRUE,2466.37364023016,2490.67953494586,"522","816","combined"
346,2,"CovSnd.1",-6.26602707616261,0.168432760381434,-37.2019496799347,6.34634723694888e-303,TRUE,2466.37364023016,2490.67953494586,"522","816","combined"
346,2,"PSAB-BA",0.703632089549485,0.361312113631794,1.94743564636347,0.051482527969174,FALSE,2466.37364023016,2490.67953494586,"522","816","combined"
346,2,"PSAB-BY",0.749283651808684,0.19790775140535,3.78602478421382,0.000153076413878665,TRUE,2466.37364023016,2490.67953494586,"522","816","combined"
346,2,"PSAB-XA",0.80700255703247,0.189271027557525,4.2637405600136,2.01032849194154e-05,TRUE,2466.37364023016,2490.67953494586,"522","816","combined"
346,2,"PSAB-XB",0.197012377253231,0.178297541694732,1.1049640695021,0.26917515845107,FALSE,2466.37364023016,2490.67953494586,"522","816","combined"
