"file_name","Team_ID","Round_Number","Covariate","Estimate","SE","Z_value","p_value","Significant_at_0.001","Significant_at_0.05","AIC","BIC","participant1","participant2","participant3","Vero_type"
"03_06_2021PM_vero #10_task+team_round 1_otter.ai_made_perfect.csv",3108,1,"RRecSnd",-0.278643206306845,0.294186137682235,-0.947166336599521,0.343554026130743,FALSE,FALSE,1866.83584115892,1894.54649559913,"230","541",-1,"combined"
"03_06_2021PM_vero #10_task+team_round 1_otter.ai_made_perfect.csv",3108,1,"RSndSnd",2.22208608559884,0.207201724637197,10.7242644311462,7.83076292750124e-27,TRUE,TRUE,1866.83584115892,1894.54649559913,"230","541",-1,"combined"
"03_06_2021PM_vero #10_task+team_round 1_otter.ai_made_perfect.csv",3108,1,"CovSnd.1",-7.37548625879981,0.46780936788117,-15.7660080476911,5.33148261544418e-56,TRUE,TRUE,1866.83584115892,1894.54649559913,"230","541",-1,"combined"
"03_06_2021PM_vero #10_task+team_round 1_otter.ai_made_perfect.csv",3108,1,"PSAB-BA",3.4848268490298,0.411064194884954,8.47757331432165,2.29939467320901e-17,TRUE,TRUE,1866.83584115892,1894.54649559913,"230","541",-1,"combined"
"03_06_2021PM_vero #10_task+team_round 1_otter.ai_made_perfect.csv",3108,1,"PSAB-BY",2.58928665939261,0.440778510672013,5.87434867331661,4.24509050657618e-09,TRUE,TRUE,1866.83584115892,1894.54649559913,"230","541",-1,"combined"
"03_06_2021PM_vero #10_task+team_round 1_otter.ai_made_perfect.csv",3108,1,"PSAB-XA",2.97151845977809,0.418388241817625,7.1022991632575,1.22698264600472e-12,TRUE,TRUE,1866.83584115892,1894.54649559913,"230","541",-1,"combined"
"03_06_2021PM_vero #10_task+team_round 1_otter.ai_made_perfect.csv",3108,1,"PSAB-XB",1.89022304484221,0.492031332114835,3.84167210798894,0.000122199006884915,TRUE,TRUE,1866.83584115892,1894.54649559913,"230","541",-1,"combined"
"03_06_2021PM_vero #10_task+team_round 1_otter.ai_made_perfect.csv",3108,1,"PSAB-AY",2.05288485579501,0.462546107108743,4.43822750693345,9.07027195555947e-06,TRUE,TRUE,1866.83584115892,1894.54649559913,"230","541",-1,"combined"
