"file_name","Team_ID","Round_Number","Covariate","Estimate","SE","Z_value","p_value","Significant_at_0.001","Significant_at_0.05","AIC","BIC","participant1","participant2","participant3","Vero_type"
"03_06_2021AM_vero #2_task_round 2_otter.ai_made_perfect.csv","1_2_7",2,"RRecSnd",-0.713872239863108,0.278351341567783,-2.56464450949761,0.0103281561137721,FALSE,TRUE,1818.60920242193,1843.2105929438,"516","773",-1,"taskwork"
"03_06_2021AM_vero #2_task_round 2_otter.ai_made_perfect.csv","1_2_7",2,"RSndSnd",1.90049752141649,0.200353838094409,9.48570558713708,2.40748755664865e-21,TRUE,TRUE,1818.60920242193,1843.2105929438,"516","773",-1,"taskwork"
"03_06_2021AM_vero #2_task_round 2_otter.ai_made_perfect.csv","1_2_7",2,"CovSnd.1",-6.52830217426867,0.228702064399909,-28.5450076342698,3.2397763197099e-179,TRUE,TRUE,1818.60920242193,1843.2105929438,"516","773",-1,"taskwork"
"03_06_2021AM_vero #2_task_round 2_otter.ai_made_perfect.csv","1_2_7",2,"PSAB-BA",2.04955262698362,0.400173451252812,5.12166067130926,3.02856525921435e-07,TRUE,TRUE,1818.60920242193,1843.2105929438,"516","773",-1,"taskwork"
"03_06_2021AM_vero #2_task_round 2_otter.ai_made_perfect.csv","1_2_7",2,"PSAB-BY",1.11353003317163,0.247445428850748,4.50010347066577,6.79203932274056e-06,TRUE,TRUE,1818.60920242193,1843.2105929438,"516","773",-1,"taskwork"
"03_06_2021AM_vero #2_task_round 2_otter.ai_made_perfect.csv","1_2_7",2,"PSAB-XA",1.46725236232614,0.236036787779146,6.2162020426198,5.09332142586777e-10,TRUE,TRUE,1818.60920242193,1843.2105929438,"516","773",-1,"taskwork"
"03_06_2021AM_vero #2_task_round 2_otter.ai_made_perfect.csv","1_2_7",2,"PSAB-XB",0.202537586417982,0.331389350500334,0.611177112698972,0.541082333613511,FALSE,FALSE,1818.60920242193,1843.2105929438,"516","773",-1,"taskwork"
"03_06_2021AM_vero #2_task_round 2_otter.ai_made_perfect.csv","1_2_7",2,"PSAB-AY",0.767282785150826,0.293477539654981,2.61445147064018,0.00893708556801692,FALSE,TRUE,1818.60920242193,1843.2105929438,"516","773",-1,"taskwork"
