"file_name","Team_ID","Round_Number","Covariate","Estimate","SE","Z_value","p_value","Significant_at_0.001","Significant_at_0.05","AIC","BIC","participant1","participant2","participant3","Vero_type"
"02_27_2021_vero #7_team_round 2_otter.ai_made_perfect.csv","2_7_4",2,"RRecSnd",-0.560196264391296,0.243583438141946,-2.29981261724718,0.0214588383278833,FALSE,TRUE,2242.82104713047,2268.75502325095,"185","565","870","teamwork"
"02_27_2021_vero #7_team_round 2_otter.ai_made_perfect.csv","2_7_4",2,"RSndSnd",1.98828300140162,0.184258793116149,10.7907089142188,3.80840364321305e-27,TRUE,TRUE,2242.82104713047,2268.75502325095,"185","565","870","teamwork"
"02_27_2021_vero #7_team_round 2_otter.ai_made_perfect.csv","2_7_4",2,"CovSnd.1",-6.97540926392341,0.205905143772498,-33.8768091759304,1.46282115293107e-251,TRUE,TRUE,2242.82104713047,2268.75502325095,"185","565","870","teamwork"
"02_27_2021_vero #7_team_round 2_otter.ai_made_perfect.csv","2_7_4",2,"PSAB-BA",2.49466887983068,0.364896391025734,6.83664991264534,8.10665211841758e-12,TRUE,TRUE,2242.82104713047,2268.75502325095,"185","565","870","teamwork"
"02_27_2021_vero #7_team_round 2_otter.ai_made_perfect.csv","2_7_4",2,"PSAB-BY",1.33384116823718,0.254869988447498,5.23341793344157,1.66403905928586e-07,TRUE,TRUE,2242.82104713047,2268.75502325095,"185","565","870","teamwork"
"02_27_2021_vero #7_team_round 2_otter.ai_made_perfect.csv","2_7_4",2,"PSAB-XA",1.73769048691102,0.22004233813842,7.89707336148148,2.8552833087114e-15,TRUE,TRUE,2242.82104713047,2268.75502325095,"185","565","870","teamwork"
"02_27_2021_vero #7_team_round 2_otter.ai_made_perfect.csv","2_7_4",2,"PSAB-XB",0.893793929323124,0.238533489239612,3.74703750057205,0.000178935343883763,TRUE,TRUE,2242.82104713047,2268.75502325095,"185","565","870","teamwork"
"02_27_2021_vero #7_team_round 2_otter.ai_made_perfect.csv","2_7_4",2,"PSAB-AY",0.936988584393791,0.284036607125064,3.29883036513398,0.000970885623866761,TRUE,TRUE,2242.82104713047,2268.75502325095,"185","565","870","teamwork"
