"file_name","Team_ID","Round_Number","Covariate","Estimate","SE","Z_value","p_value","Significant_at_0.001","Significant_at_0.05","AIC","BIC","participant1","participant2","participant3","Vero_type"
"05_05_2021_vero #2_round 3_otter.ai_made_perfect.csv","4_1_2",3,"RRecSnd",-0.510923578707051,0.230066417514266,-2.22076556947026,0.0263668437318922,FALSE,TRUE,2301.62076154828,2327.96720014608,"498","664","928","unleashed"
"05_05_2021_vero #2_round 3_otter.ai_made_perfect.csv","4_1_2",3,"RSndSnd",1.91721707827134,0.176387562466832,10.8693439121132,1.61356979117889e-27,TRUE,TRUE,2301.62076154828,2327.96720014608,"498","664","928","unleashed"
"05_05_2021_vero #2_round 3_otter.ai_made_perfect.csv","4_1_2",3,"CovSnd.1",-6.67498516971284,0.19193899396765,-34.7765976664328,5.49377612912015e-265,TRUE,TRUE,2301.62076154828,2327.96720014608,"498","664","928","unleashed"
"05_05_2021_vero #2_round 3_otter.ai_made_perfect.csv","4_1_2",3,"PSAB-BA",2.44993558953008,0.33957421431517,7.21472799243884,5.40418914798728e-13,TRUE,TRUE,2301.62076154828,2327.96720014608,"498","664","928","unleashed"
"05_05_2021_vero #2_round 3_otter.ai_made_perfect.csv","4_1_2",3,"PSAB-BY",1.18787944325089,0.236549578725754,5.02169333655025,5.12179127435672e-07,TRUE,TRUE,2301.62076154828,2327.96720014608,"498","664","928","unleashed"
"05_05_2021_vero #2_round 3_otter.ai_made_perfect.csv","4_1_2",3,"PSAB-XA",1.63142529333793,0.215423721955676,7.57309955713048,3.6442280425685e-14,TRUE,TRUE,2301.62076154828,2327.96720014608,"498","664","928","unleashed"
"05_05_2021_vero #2_round 3_otter.ai_made_perfect.csv","4_1_2",3,"PSAB-XB",0.914878460977337,0.228928210380542,3.99635527424321,6.43251763253307e-05,TRUE,TRUE,2301.62076154828,2327.96720014608,"498","664","928","unleashed"
"05_05_2021_vero #2_round 3_otter.ai_made_perfect.csv","4_1_2",3,"PSAB-AY",0.668113558065266,0.287338769560174,2.32517720837999,0.0200624865295923,FALSE,TRUE,2301.62076154828,2327.96720014608,"498","664","928","unleashed"
