"file_name","Team_ID","Round_Number","Covariate","Estimate","SE","Z_value","p_value","Significant_at_0.001","Significant_at_0.05","AIC","BIC","participant1","participant2","participant3","Vero_type"
"05_13_2021_vero #7_round 2_otter.ai_made_perfect.csv","4_3_7",2,"RRecSnd",0.406779901295409,0.192954365364493,2.10816635595156,0.035016602345232,FALSE,TRUE,2265.00876498172,2292.3730449759,"631","842",-1,"unleashed"
"05_13_2021_vero #7_round 2_otter.ai_made_perfect.csv","4_3_7",2,"RSndSnd",2.54540108948124,0.172308372167545,14.7723587511244,2.20846511612531e-49,TRUE,TRUE,2265.00876498172,2292.3730449759,"631","842",-1,"unleashed"
"05_13_2021_vero #7_round 2_otter.ai_made_perfect.csv","4_3_7",2,"CovSnd.1",-6.67730069262186,0.205333668216314,-32.5192685185339,5.69598500623102e-232,TRUE,TRUE,2265.00876498172,2292.3730449759,"631","842",-1,"unleashed"
"05_13_2021_vero #7_round 2_otter.ai_made_perfect.csv","4_3_7",2,"PSAB-BA",1.61223098166566,0.256177854663744,6.29340496188423,3.10576689537004e-10,TRUE,TRUE,2265.00876498172,2292.3730449759,"631","842",-1,"unleashed"
"05_13_2021_vero #7_round 2_otter.ai_made_perfect.csv","4_3_7",2,"PSAB-BY",1.61995832924847,0.207358403103237,7.81235920514853,5.61273271062889e-15,TRUE,TRUE,2265.00876498172,2292.3730449759,"631","842",-1,"unleashed"
"05_13_2021_vero #7_round 2_otter.ai_made_perfect.csv","4_3_7",2,"PSAB-XA",0.717915647751245,0.209691381513036,3.42367741855244,0.000617799090899089,TRUE,TRUE,2265.00876498172,2292.3730449759,"631","842",-1,"unleashed"
"05_13_2021_vero #7_round 2_otter.ai_made_perfect.csv","4_3_7",2,"PSAB-XB",0.125065031595554,0.277164237378306,0.451230767643556,0.651823236669401,FALSE,FALSE,2265.00876498172,2292.3730449759,"631","842",-1,"unleashed"
"05_13_2021_vero #7_round 2_otter.ai_made_perfect.csv","4_3_7",2,"PSAB-AY",0.469056331278444,0.280420196021549,1.67269097566139,0.0943881466992857,FALSE,FALSE,2265.00876498172,2292.3730449759,"631","842",-1,"unleashed"
