"Team_ID","Round_Number","Covariate","Estimate","SE","Z_value","p_value","AIC","BIC"
"1_8_12","1","RRecSnd","0.387723816442457","0.324035941853201","1.19654571102519","0.231483671570345","1855.12007419165","1872.31047073627"
"1_8_12","1","RSndSnd","2.00122118120227","0.279188013758125","7.16800536765175","7.6098319898401e-13","1855.12007419165","1872.31047073627"
"1_8_12","1","CovSnd.1","-6.2310173611214","0.312767745935399","-19.9221864853302","2.6132685412518e-88","1855.12007419165","1872.31047073627"
"1_8_12","1","PSAB-BA","1.59354322022827","0.177722192483012","8.96648414001866","3.06129994719766e-19","1855.12007419165","1872.31047073627"
"1_8_12","1","PSAB-BY","1.09789095741439","0.33123724088317","3.31451546476812","0.000918021016495058","1855.12007419165","1872.31047073627"
