"Team_ID","Round_Number","Covariate","Estimate","SE","Z_value","p_value","Significant_at_0.001","AIC","BIC","participant1","participant2","participant3","Vero_type"
451,1,"RRecSnd",-0.825152754643091,0.214596245640969,-3.8451406835123,0.000120483294350603,TRUE,2343.26418644713,2367.65776498156,"108","179","326","unleashed"
451,1,"RSndSnd",1.48561124992273,0.17400588606474,8.53770687601907,1.36911703415922e-17,TRUE,2343.26418644713,2367.65776498156,"108","179","326","unleashed"
451,1,"CovSnd.1",-5.45754404216932,0.200973179893333,-27.1555838697777,2.17535498689084e-162,TRUE,2343.26418644713,2367.65776498156,"108","179","326","unleashed"
451,1,"PSAB-BA",2.29726635328917,0.26417424453475,8.69602696256403,3.43706809631916e-18,TRUE,2343.26418644713,2367.65776498156,"108","179","326","unleashed"
451,1,"PSAB-BY",0.982467807328443,0.218114867015195,4.50435965586884,6.65733765123075e-06,TRUE,2343.26418644713,2367.65776498156,"108","179","326","unleashed"
451,1,"PSAB-XA",1.4744973717611,0.20828157250405,7.07934626205315,1.44836077628996e-12,TRUE,2343.26418644713,2367.65776498156,"108","179","326","unleashed"
451,1,"PSAB-XB",0.704958942021761,0.203943965686205,3.45663054873824,0.000546974192123248,TRUE,2343.26418644713,2367.65776498156,"108","179","326","unleashed"
