"Team_ID","Round_Number","Covariate","Estimate","SE","Z_value","p_value","AIC","BIC"
"1_2_7","3","RRecSnd","-0.407567924648741","0.292143814065129","-1.39509346091402","0.162987657822223","1618.56917777085","1633.41824426873"
"1_2_7","3","RSndSnd","2.45563432446038","0.216427033773318","11.3462458069465","7.74157508153489e-30","1618.56917777085","1633.41824426873"
"1_2_7","3","CovSnd.1","-6.52203702609264","0.192677479486219","-33.8495035511358","3.69073808683321e-251","1618.56917777085","1633.41824426873"
"1_2_7","3","PSAB-BA","1.63315463452636","0.333976945749146","4.89002206683165","1.00824674246134e-06","1618.56917777085","1633.41824426873"
"1_2_7","3","PSAB-BY","0.693928281086411","0.238663120332716","2.90756393413033","0.00364255876942099","1618.56917777085","1633.41824426873"
