"file_name","Team_ID","Round_Number","Covariate","Estimate","SE","Z_value","p_value","Significant_at_0.001","Significant_at_0.05","AIC","BIC","participant1","participant2","participant3","Vero_type"
"03_10_2021_vero#1_team_round 2_otter.ai_made_perfect.csv",2111,2,"RRecSnd",0.248979962245059,0.252279998396061,0.986919152639992,0.323682274169241,FALSE,FALSE,1880.83451858244,1906.81071115972,"112","781",-1,"teamwork"
"03_10_2021_vero#1_team_round 2_otter.ai_made_perfect.csv",2111,2,"RSndSnd",2.55698223597566,0.209047285306398,12.2315974217409,2.10752805679498e-34,TRUE,TRUE,1880.83451858244,1906.81071115972,"112","781",-1,"teamwork"
"03_10_2021_vero#1_team_round 2_otter.ai_made_perfect.csv",2111,2,"CovSnd.1",-7.46162197713671,0.274436502192477,-27.1888831023778,8.79110349089371e-163,TRUE,TRUE,1880.83451858244,1906.81071115972,"112","781",-1,"teamwork"
"03_10_2021_vero#1_team_round 2_otter.ai_made_perfect.csv",2111,2,"PSAB-BA",2.50525597451581,0.292888725840217,8.55361013753233,1.19297358762798e-17,TRUE,TRUE,1880.83451858244,1906.81071115972,"112","781",-1,"teamwork"
"03_10_2021_vero#1_team_round 2_otter.ai_made_perfect.csv",2111,2,"PSAB-BY",1.81139054487052,0.286813737832185,6.31556409592334,2.69177791289872e-10,TRUE,TRUE,1880.83451858244,1906.81071115972,"112","781",-1,"teamwork"
"03_10_2021_vero#1_team_round 2_otter.ai_made_perfect.csv",2111,2,"PSAB-XA",0.95909808141196,0.279553719036323,3.43081853719622,0.000601763000284557,TRUE,TRUE,1880.83451858244,1906.81071115972,"112","781",-1,"teamwork"
"03_10_2021_vero#1_team_round 2_otter.ai_made_perfect.csv",2111,2,"PSAB-XB",0.793485690513562,0.312335956875825,2.54048780822576,0.0110697953024512,FALSE,TRUE,1880.83451858244,1906.81071115972,"112","781",-1,"teamwork"
"03_10_2021_vero#1_team_round 2_otter.ai_made_perfect.csv",2111,2,"PSAB-AY",0.380942521003362,0.400017758349991,0.95231402369407,0.340937747756233,FALSE,FALSE,1880.83451858244,1906.81071115972,"112","781",-1,"teamwork"
