"file_name","Team_ID","Round_Number","Covariate","Estimate","SE","Z_value","p_value","Significant_at_0.001","Significant_at_0.05","AIC","BIC","participant1","participant2","participant3","Vero_type"
"02_27_2021_vero #3_task_round 1_otter.ai_made_perfect.csv","1_3_4",1,"RRecSnd",-1.62485283110779,0.292763912895167,-5.55004479561529,2.85596409235777e-08,TRUE,TRUE,1858.98666268909,1884.39586054968,"330","424","766","taskwork"
"02_27_2021_vero #3_task_round 1_otter.ai_made_perfect.csv","1_3_4",1,"RSndSnd",1.72468030672042,0.216115231892118,7.98037367204808,1.45890946705179e-15,TRUE,TRUE,1858.98666268909,1884.39586054968,"330","424","766","taskwork"
"02_27_2021_vero #3_task_round 1_otter.ai_made_perfect.csv","1_3_4",1,"CovSnd.1",-5.8581269801692,0.268283067066248,-21.8356195351034,1.0648928195768e-105,TRUE,TRUE,1858.98666268909,1884.39586054968,"330","424","766","taskwork"
"02_27_2021_vero #3_task_round 1_otter.ai_made_perfect.csv","1_3_4",1,"PSAB-BA",2.90422876051854,0.374018757468963,7.76492810192693,8.16915513031361e-15,TRUE,TRUE,1858.98666268909,1884.39586054968,"330","424","766","taskwork"
"02_27_2021_vero #3_task_round 1_otter.ai_made_perfect.csv","1_3_4",1,"PSAB-BY",0.793698450004746,0.271202488116345,2.92658985364563,0.00342700495117043,FALSE,TRUE,1858.98666268909,1884.39586054968,"330","424","766","taskwork"
"02_27_2021_vero #3_task_round 1_otter.ai_made_perfect.csv","1_3_4",1,"PSAB-XA",2.0191995759147,0.277033324132859,7.28865230287726,3.13070847029762e-13,TRUE,TRUE,1858.98666268909,1884.39586054968,"330","424","766","taskwork"
"02_27_2021_vero #3_task_round 1_otter.ai_made_perfect.csv","1_3_4",1,"PSAB-XB",0.461944707464262,0.260140735187696,1.77574921947907,0.0757742609047188,FALSE,FALSE,1858.98666268909,1884.39586054968,"330","424","766","taskwork"
"02_27_2021_vero #3_task_round 1_otter.ai_made_perfect.csv","1_3_4",1,"PSAB-AY",0.0736641015202003,0.396341770786617,0.18586005046604,0.852554511382694,FALSE,FALSE,1858.98666268909,1884.39586054968,"330","424","766","taskwork"
