"Team_ID","Round_Number","Covariate","Estimate","SE","Z_value","p_value","Significant_at_0.001","AIC","BIC","participant1","participant2","Vero_type"
428,2,"RRecSnd",-0.274468383242833,0.239999937296385,-1.14361856229938,0.252781860144771,FALSE,1959.44677394962,1981.95132425288,"127","999","unleashed"
428,2,"RSndSnd",2.28864156251352,0.181845512999552,12.5856367020678,2.53292217708113e-36,TRUE,1959.44677394962,1981.95132425288,"127","999","unleashed"
428,2,"CovSnd.1",-6.42606471159314,0.189670700417229,-33.8801127293639,1.3078050780531e-251,TRUE,1959.44677394962,1981.95132425288,"127","999","unleashed"
428,2,"PSAB-BA",2.13120605358306,0.295023639763162,7.22384841870281,5.0536587375604e-13,TRUE,1959.44677394962,1981.95132425288,"127","999","unleashed"
428,2,"PSAB-BY",1.09784960012377,0.226156110679493,4.85438839934611,1.20758852239171e-06,TRUE,1959.44677394962,1981.95132425288,"127","999","unleashed"
428,2,"PSAB-XA",0.927010573729267,0.217827747485719,4.2557047227881,2.08391582775482e-05,TRUE,1959.44677394962,1981.95132425288,"127","999","unleashed"
428,2,"PSAB-XB",0.343684371272379,0.234183069347572,1.46758846499824,0.142216043168622,FALSE,1959.44677394962,1981.95132425288,"127","999","unleashed"
