"Team_ID","Round_Number","Covariate","Estimate","SE","Z_value","p_value","Significant_at_0.001","AIC","BIC","participant1","participant2","participant3","Vero_type"
"2_6_1",3,"RRecSnd",0.053426317279125,0.24671736021104,0.216548674294442,0.828560088485023,FALSE,1587.01659219105,1607.4051763912,"379","461","470","teamwork"
"2_6_1",3,"RSndSnd",2.14383894182039,0.210122619601713,10.2027994219948,1.92638419600608e-24,TRUE,1587.01659219105,1607.4051763912,"379","461","470","teamwork"
"2_6_1",3,"CovSnd.1",-7.07960306269756,0.218883495435087,-32.3441612106251,1.67602614223386e-229,TRUE,1587.01659219105,1607.4051763912,"379","461","470","teamwork"
"2_6_1",3,"PSAB-BA",1.6995937880097,0.418328183298092,4.0628240120236,4.84825821922137e-05,TRUE,1587.01659219105,1607.4051763912,"379","461","470","teamwork"
"2_6_1",3,"PSAB-BY",1.02789206236148,0.292648873573087,3.51237320619575,0.000444123863392226,TRUE,1587.01659219105,1607.4051763912,"379","461","470","teamwork"
"2_6_1",3,"PSAB-XA",1.67123150809506,0.229876770519935,7.27011913520043,3.5917059314699e-13,TRUE,1587.01659219105,1607.4051763912,"379","461","470","teamwork"
"2_6_1",3,"PSAB-XB",0.910655025312919,0.258726393507702,3.51976082906211,0.000431936103708821,TRUE,1587.01659219105,1607.4051763912,"379","461","470","teamwork"
