"Team_ID","Round_Number","Covariate","Estimate","SE","Z_value","p_value","AIC","BIC"
NA,"2","RRecSnd","0.219635951844708","0.217161117855487","1.01139630341592","0.311826789720306","1957.4496531606","1973.4970839248"
NA,"2","RSndSnd","2.51986014643127","0.184459364150525","13.6607873394542","1.74091195360163e-42","1957.4496531606","1973.4970839248"
NA,"2","CovSnd.1","-6.49011281729918","0.172413509596336","-37.6427162378063","0","1957.4496531606","1973.4970839248"
NA,"2","PSAB-BA","1.41586205148037","0.252145613358515","5.61525553675691","1.96271966701352e-08","1957.4496531606","1973.4970839248"
NA,"2","PSAB-BY","0.722234191959997","0.204871612544755","3.52530144605672","0.000423001144561093","1957.4496531606","1973.4970839248"
