"Team_ID","Round_Number","Covariate","Estimate","SE","Z_value","p_value","AIC","BIC"
"121","2","RRecSnd","0.150865474701594","0.18779742298649","0.803341559763827","0.42177734294665","2910.78764433546","2928.25295155216"
"121","2","RSndSnd","2.15479833563512","0.154723225756895","13.9267929885381","4.35474359965654e-44","2910.78764433546","2928.25295155216"
"121","2","CovSnd.1","-6.46582843455748","0.132280428057358","-48.8797060117905","0","2910.78764433546","2928.25295155216"
"121","2","PSAB-BA","1.22695014628653","0.250734630389986","4.89342116156099","9.90980225191896e-07","2910.78764433546","2928.25295155216"
"121","2","PSAB-BY","0.424405351166703","0.186730958302215","2.27281729299446","0.0230371924904074","2910.78764433546","2928.25295155216"
