"file_name","Team_ID","Round_Number","Covariate","Estimate","SE","Z_value","p_value","Significant_at_0.001","Significant_at_0.05","AIC","BIC","participant1","participant2","participant3","Vero_type"
"03_04_2021_vero #5_task+team_round 3_otter.ai_made_perfect.csv","3_5_6",3,"RRecSnd",-0.111353275847329,0.217020228349509,-0.513100906280474,0.60788073761413,FALSE,FALSE,1924.71248367771,1950.30045992784,"296","770",-1,"combined"
"03_04_2021_vero #5_task+team_round 3_otter.ai_made_perfect.csv","3_5_6",3,"RSndSnd",2.54201895721266,0.193032553425895,13.1688614800847,1.32581894652999e-39,TRUE,TRUE,1924.71248367771,1950.30045992784,"296","770",-1,"combined"
"03_04_2021_vero #5_task+team_round 3_otter.ai_made_perfect.csv","3_5_6",3,"CovSnd.1",-6.81717596106262,0.225866725507509,-30.1822942079885,4.04481258062247e-200,TRUE,TRUE,1924.71248367771,1950.30045992784,"296","770",-1,"combined"
"03_04_2021_vero #5_task+team_round 3_otter.ai_made_perfect.csv","3_5_6",3,"PSAB-BA",2.06740774158675,0.296909856442715,6.96308221746632,3.32907396708974e-12,TRUE,TRUE,1924.71248367771,1950.30045992784,"296","770",-1,"combined"
"03_04_2021_vero #5_task+team_round 3_otter.ai_made_perfect.csv","3_5_6",3,"PSAB-BY",1.23925912074347,0.248359894136773,4.98977149692698,6.04507572263507e-07,TRUE,TRUE,1924.71248367771,1950.30045992784,"296","770",-1,"combined"
"03_04_2021_vero #5_task+team_round 3_otter.ai_made_perfect.csv","3_5_6",3,"PSAB-XA",0.999995448173845,0.229883092904637,4.3500173742167,1.36126745991621e-05,TRUE,TRUE,1924.71248367771,1950.30045992784,"296","770",-1,"combined"
"03_04_2021_vero #5_task+team_round 3_otter.ai_made_perfect.csv","3_5_6",3,"PSAB-XB",0.43740811242327,0.269470519006949,1.62321323325165,0.104543829939272,FALSE,FALSE,1924.71248367771,1950.30045992784,"296","770",-1,"combined"
"03_04_2021_vero #5_task+team_round 3_otter.ai_made_perfect.csv","3_5_6",3,"PSAB-AY",0.679804452862733,0.296568685156201,2.29223275041559,0.0218922160569684,FALSE,TRUE,1924.71248367771,1950.30045992784,"296","770",-1,"combined"
