"Team_ID","Round_Number","Covariate","Estimate","SE","Z_value","p_value","Significant_at_0.001","AIC","BIC","participant1","participant2","participant3","Vero_type"
451,3,"RRecSnd",-0.31949449706746,0.205750073626752,-1.55282810565137,0.12046420624165,FALSE,2644.11171995087,2668.38814093881,"108","179","326","unleashed"
451,3,"RSndSnd",1.99547835316236,0.159790818235216,12.4880664308569,8.67360360664197e-36,TRUE,2644.11171995087,2668.38814093881,"108","179","326","unleashed"
451,3,"CovSnd.1",-6.29457716002642,0.148043257596067,-42.5184994050931,0,TRUE,2644.11171995087,2668.38814093881,"108","179","326","unleashed"
451,3,"PSAB-BA",2.24832713693142,0.263714150665176,8.52562189499646,1.51990986224801e-17,TRUE,2644.11171995087,2668.38814093881,"108","179","326","unleashed"
451,3,"PSAB-BY",0.612415815094331,0.227518063356665,2.69172392758234,0.00710837602656983,FALSE,2644.11171995087,2668.38814093881,"108","179","326","unleashed"
451,3,"PSAB-XA",1.24969544476273,0.180210044249842,6.93466032908885,4.07198357142089e-12,TRUE,2644.11171995087,2668.38814093881,"108","179","326","unleashed"
451,3,"PSAB-XB",0.473079928557604,0.194484377221298,2.43248293419117,0.0149956981615945,FALSE,2644.11171995087,2668.38814093881,"108","179","326","unleashed"
