"Team_ID","Round_Number","Covariate","Estimate","SE","Z_value","p_value","AIC","BIC"
"2_3_6","1","RRecSnd","0.229166469403566","0.295241835219218","0.776199176628913","0.4376313921765","1241.67163754843","1255.89257298072"
"2_3_6","1","RSndSnd","1.94456435760165","0.26496939009631","7.33882640894802","2.15474862940265e-13","1241.67163754843","1255.89257298072"
"2_3_6","1","CovSnd.1","-6.15201283984301","0.30651631288652","-20.0707518040668","1.32977815474928e-89","1241.67163754843","1255.89257298072"
"2_3_6","1","PSAB-BA","1.13589429655077","0.231830213965266","4.89968187115144","9.59919570833848e-07","1241.67163754843","1255.89257298072"
"2_3_6","1","PSAB-BY","0.967765159123959","0.287524604581479","3.36585163044616","0.000763077405538196","1241.67163754843","1255.89257298072"
