"Team_ID","Round_Number","Covariate","Estimate","SE","Z_value","p_value","Significant_at_0.001","AIC","BIC","participant1","participant2","participant3","Vero_type"
"4_1_1",1,"RRecSnd",-0.743068864495541,0.231134248595197,-3.21487996267024,0.00130499080107477,FALSE,2100.45372144968,2124.1451868892,"193","272","705","unleashed"
"4_1_1",1,"RSndSnd",1.85674754284187,0.17961710425394,10.3372535179992,4.78041765587124e-25,TRUE,2100.45372144968,2124.1451868892,"193","272","705","unleashed"
"4_1_1",1,"CovSnd.1",-6.08864564672993,0.228753481346128,-26.6166250712363,4.35870695701926e-156,TRUE,2100.45372144968,2124.1451868892,"193","272","705","unleashed"
"4_1_1",1,"PSAB-BA",2.47685908258577,0.296176808010126,8.36277188354696,6.1261595720949e-17,TRUE,2100.45372144968,2124.1451868892,"193","272","705","unleashed"
"4_1_1",1,"PSAB-BY",1.36830587056511,0.231457287580942,5.91169923775506,3.38596377398099e-09,TRUE,2100.45372144968,2124.1451868892,"193","272","705","unleashed"
"4_1_1",1,"PSAB-XA",2.00770105076023,0.226238431332053,8.8742705602193,7.03932445319639e-19,TRUE,2100.45372144968,2124.1451868892,"193","272","705","unleashed"
"4_1_1",1,"PSAB-XB",0.949307904840769,0.236273592009543,4.01783329557383,5.87357248577191e-05,TRUE,2100.45372144968,2124.1451868892,"193","272","705","unleashed"
