"file_name","Team_ID","Round_Number","Covariate","Estimate","SE","Z_value","p_value","Significant_at_0.001","Significant_at_0.05","AIC","BIC","participant1","participant2","participant3","Vero_type"
"03_06_2021AM_vero #9_team_round 2_otter.ai_made_perfect.csv","2_9_7",2,"RRecSnd",0.0926738995339951,0.223611749574319,0.414441100301817,0.678551094146485,FALSE,FALSE,1983.39794699723,2008.71623478862,"630","637",-1,"teamwork"
"03_06_2021AM_vero #9_team_round 2_otter.ai_made_perfect.csv","2_9_7",2,"RSndSnd",2.52749373825421,0.199813150003889,12.6492862867384,1.12895718396835e-36,TRUE,TRUE,1983.39794699723,2008.71623478862,"630","637",-1,"teamwork"
"03_06_2021AM_vero #9_team_round 2_otter.ai_made_perfect.csv","2_9_7",2,"CovSnd.1",-6.89351413027023,0.224935611978441,-30.6466106884442,2.93228060729102e-206,TRUE,TRUE,1983.39794699723,2008.71623478862,"630","637",-1,"teamwork"
"03_06_2021AM_vero #9_team_round 2_otter.ai_made_perfect.csv","2_9_7",2,"PSAB-BA",1.10110682393964,0.315871689520901,3.48593071322647,0.000490428011650989,TRUE,TRUE,1983.39794699723,2008.71623478862,"630","637",-1,"teamwork"
"03_06_2021AM_vero #9_team_round 2_otter.ai_made_perfect.csv","2_9_7",2,"PSAB-BY",1.11973586131797,0.239974094351988,4.66606974532663,3.07015527270876e-06,TRUE,TRUE,1983.39794699723,2008.71623478862,"630","637",-1,"teamwork"
"03_06_2021AM_vero #9_team_round 2_otter.ai_made_perfect.csv","2_9_7",2,"PSAB-XA",0.698831992359335,0.23622417837486,2.95834235583781,0.00309298399228715,FALSE,TRUE,1983.39794699723,2008.71623478862,"630","637",-1,"teamwork"
"03_06_2021AM_vero #9_team_round 2_otter.ai_made_perfect.csv","2_9_7",2,"PSAB-XB",0.502607760761406,0.245384652502217,2.04824448324805,0.0405360497620074,FALSE,TRUE,1983.39794699723,2008.71623478862,"630","637",-1,"teamwork"
"03_06_2021AM_vero #9_team_round 2_otter.ai_made_perfect.csv","2_9_7",2,"PSAB-AY",0.462507906568627,0.296527919339592,1.5597448887737,0.118820179691618,FALSE,FALSE,1983.39794699723,2008.71623478862,"630","637",-1,"teamwork"
