"Team_ID","Round_Number","Covariate","Estimate","SE","Z_value","p_value","Significant_at_0.001","AIC","BIC","participant1","participant2","Vero_type"
"3_5_6",2,"RRecSnd",-0.429561795019939,0.257163439859877,-1.67038438766412,0.0948433365510666,FALSE,1816.8170535485,1838.89009470999,"296","770","combined"
"3_5_6",2,"RSndSnd",2.36149442274379,0.18534594844388,12.7410091376172,3.49840184963379e-37,TRUE,1816.8170535485,1838.89009470999,"296","770","combined"
"3_5_6",2,"CovSnd.1",-6.55366069719531,0.190812859304158,-34.3460116948863,1.61538148443927e-258,TRUE,1816.8170535485,1838.89009470999,"296","770","combined"
"3_5_6",2,"PSAB-BA",2.61961587985347,0.295397523250303,8.86810373705728,7.44020024634783e-19,TRUE,1816.8170535485,1838.89009470999,"296","770","combined"
"3_5_6",2,"PSAB-BY",0.710796259814013,0.26597094593287,2.67245829171663,0.0075297734266329,FALSE,1816.8170535485,1838.89009470999,"296","770","combined"
"3_5_6",2,"PSAB-XA",0.78232978976337,0.226758373212079,3.4500591033597,0.000560463834318716,TRUE,1816.8170535485,1838.89009470999,"296","770","combined"
"3_5_6",2,"PSAB-XB",0.284671547629672,0.27299603585457,1.04276806342097,0.297055725938762,FALSE,1816.8170535485,1838.89009470999,"296","770","combined"
