"file_name","Team_ID","Round_Number","Covariate","Estimate","SE","Z_value","p_value","Significant_at_0.001","Significant_at_0.05","AIC","BIC","participant1","participant2","participant3","Vero_type"
"03_10_2021_vero#3_task_round 3_otter.ai_made_perfect.csv","1_3_11",3,"RRecSnd",-0.438198025119821,0.23793195202038,-1.84169474254676,0.0655198136746249,FALSE,FALSE,2086.71513158007,2112.25878638719,"395","825",-1,"taskwork"
"03_10_2021_vero#3_task_round 3_otter.ai_made_perfect.csv","1_3_11",3,"RSndSnd",2.15774292394521,0.195583805333263,11.0323189605016,2.66892977348136e-28,TRUE,TRUE,2086.71513158007,2112.25878638719,"395","825",-1,"taskwork"
"03_10_2021_vero#3_task_round 3_otter.ai_made_perfect.csv","1_3_11",3,"CovSnd.1",-6.49018901028037,0.209496370688195,-30.9799591704626,1.00377041822999e-210,TRUE,TRUE,2086.71513158007,2112.25878638719,"395","825",-1,"taskwork"
"03_10_2021_vero#3_task_round 3_otter.ai_made_perfect.csv","1_3_11",3,"PSAB-BA",1.29752287376062,0.345161303560192,3.75917827513462,0.000170472337546734,TRUE,TRUE,2086.71513158007,2112.25878638719,"395","825",-1,"taskwork"
"03_10_2021_vero#3_task_round 3_otter.ai_made_perfect.csv","1_3_11",3,"PSAB-BY",0.566591442756474,0.249351545432928,2.27225959948534,0.0230708354143913,FALSE,TRUE,2086.71513158007,2112.25878638719,"395","825",-1,"taskwork"
"03_10_2021_vero#3_task_round 3_otter.ai_made_perfect.csv","1_3_11",3,"PSAB-XA",0.938512235845605,0.225439984363738,4.1630247557654,3.14059302631554e-05,TRUE,TRUE,2086.71513158007,2112.25878638719,"395","825",-1,"taskwork"
"03_10_2021_vero#3_task_round 3_otter.ai_made_perfect.csv","1_3_11",3,"PSAB-XB",0.377575804909423,0.234457144115659,1.6104256764433,0.107304958910754,FALSE,FALSE,2086.71513158007,2112.25878638719,"395","825",-1,"taskwork"
"03_10_2021_vero#3_task_round 3_otter.ai_made_perfect.csv","1_3_11",3,"PSAB-AY",0.603374627894118,0.261108707087606,2.31081772271836,0.0208429251671006,FALSE,TRUE,2086.71513158007,2112.25878638719,"395","825",-1,"taskwork"
