"file_name","Team_ID","Round_Number","Covariate","Estimate","SE","Z_value","p_value","Significant_at_0.001","Significant_at_0.05","AIC","BIC","participant1","participant2","participant3","Vero_type"
"03_11_2021_vero #7_task+team_round 3_otter.ai_made_perfect.csv","3_7_12",3,"RRecSnd",-0.0210014900956316,0.228418576745498,-0.0919430039135182,0.926743323960006,FALSE,FALSE,1906.65120237117,1932.15028881789,"139","149",-1,"combined"
"03_11_2021_vero #7_task+team_round 3_otter.ai_made_perfect.csv","3_7_12",3,"RSndSnd",2.32297268876321,0.193956718000059,11.9767580763173,4.70359851863693e-33,TRUE,TRUE,1906.65120237117,1932.15028881789,"139","149",-1,"combined"
"03_11_2021_vero #7_task+team_round 3_otter.ai_made_perfect.csv","3_7_12",3,"CovSnd.1",-6.84260258150007,0.23393861464222,-29.2495644293909,4.54790338821142e-188,TRUE,TRUE,1906.65120237117,1932.15028881789,"139","149",-1,"combined"
"03_11_2021_vero #7_task+team_round 3_otter.ai_made_perfect.csv","3_7_12",3,"PSAB-BA",1.97988979644694,0.285626651562267,6.9317403877324,4.15694321925712e-12,TRUE,TRUE,1906.65120237117,1932.15028881789,"139","149",-1,"combined"
"03_11_2021_vero #7_task+team_round 3_otter.ai_made_perfect.csv","3_7_12",3,"PSAB-BY",1.10535544627913,0.250532052174432,4.41203206011153,1.02404945073228e-05,TRUE,TRUE,1906.65120237117,1932.15028881789,"139","149",-1,"combined"
"03_11_2021_vero #7_task+team_round 3_otter.ai_made_perfect.csv","3_7_12",3,"PSAB-XA",1.20135861334909,0.229714445033533,5.22979133146687,1.69701477320556e-07,TRUE,TRUE,1906.65120237117,1932.15028881789,"139","149",-1,"combined"
"03_11_2021_vero #7_task+team_round 3_otter.ai_made_perfect.csv","3_7_12",3,"PSAB-XB",0.103748214712883,0.349359418106743,0.296966989683912,0.766491711282677,FALSE,FALSE,1906.65120237117,1932.15028881789,"139","149",-1,"combined"
"03_11_2021_vero #7_task+team_round 3_otter.ai_made_perfect.csv","3_7_12",3,"PSAB-AY",0.436008945187115,0.32673060147176,1.33446008186289,0.182053120797927,FALSE,FALSE,1906.65120237117,1932.15028881789,"139","149",-1,"combined"
