"file_name","Team_ID","Round_Number","Covariate","Estimate","SE","Z_value","p_value","Significant_at_0.001","Significant_at_0.05","AIC","BIC","participant1","participant2","participant3","Vero_type"
"03_11_2021_vero #8_task_round 1_otter.ai_made_perfect.csv","1_8_12",1,"RRecSnd",0.565334928253012,0.436133397187835,1.29624314922513,0.194891728001044,FALSE,FALSE,1830.67292110857,1858.17755557996,"128","290",-1,"taskwork"
"03_11_2021_vero #8_task_round 1_otter.ai_made_perfect.csv","1_8_12",1,"RSndSnd",2.68764692828688,0.318069779351744,8.44986572998087,2.91638026858616e-17,TRUE,TRUE,1830.67292110857,1858.17755557996,"128","290",-1,"taskwork"
"03_11_2021_vero #8_task_round 1_otter.ai_made_perfect.csv","1_8_12",1,"CovSnd.1",-7.67307984010716,0.553554878793196,-13.861461860539,1.08442970907436e-43,TRUE,TRUE,1830.67292110857,1858.17755557996,"128","290",-1,"taskwork"
"03_11_2021_vero #8_task_round 1_otter.ai_made_perfect.csv","1_8_12",1,"PSAB-BA",2.19089228496672,0.246048750968797,8.90430159202297,5.37232072902622e-19,TRUE,TRUE,1830.67292110857,1858.17755557996,"128","290",-1,"taskwork"
"03_11_2021_vero #8_task_round 1_otter.ai_made_perfect.csv","1_8_12",1,"PSAB-BY",2.14397047069132,0.509589649167999,4.20724886031684,2.58498425302893e-05,TRUE,TRUE,1830.67292110857,1858.17755557996,"128","290",-1,"taskwork"
"03_11_2021_vero #8_task_round 1_otter.ai_made_perfect.csv","1_8_12",1,"PSAB-XA",1.89426892377746,0.329808996840153,5.74353320232664,9.27211727163724e-09,TRUE,TRUE,1830.67292110857,1858.17755557996,"128","290",-1,"taskwork"
"03_11_2021_vero #8_task_round 1_otter.ai_made_perfect.csv","1_8_12",1,"PSAB-XB",1.24253001854365,0.594027234546268,2.09170547456923,0.0364648704890966,FALSE,TRUE,1830.67292110857,1858.17755557996,"128","290",-1,"taskwork"
"03_11_2021_vero #8_task_round 1_otter.ai_made_perfect.csv","1_8_12",1,"PSAB-AY",1.21276325000545,0.520922395593672,2.3281073347275,0.0199064049339739,FALSE,TRUE,1830.67292110857,1858.17755557996,"128","290",-1,"taskwork"
