"file_name","Team_ID","Round_Number","Covariate","Estimate","SE","Z_value","p_value","Significant_at_0.001","Significant_at_0.05","AIC","BIC","participant1","participant2","participant3","Vero_type"
"05_20_2021_vero #5_round 2_otter.ai_made_perfect.csv","4_5_5",2,"RRecSnd",-0.125298613905236,0.201743107074027,-0.621080024604062,0.534546971535367,FALSE,FALSE,2330.75903826354,2358.36734589207,"188","987",-1,"unleashed"
"05_20_2021_vero #5_round 2_otter.ai_made_perfect.csv","4_5_5",2,"RSndSnd",2.35135363762974,0.168795320732469,13.930206284311,4.15154705826078e-44,TRUE,TRUE,2330.75903826354,2358.36734589207,"188","987",-1,"unleashed"
"05_20_2021_vero #5_round 2_otter.ai_made_perfect.csv","4_5_5",2,"CovSnd.1",-6.59019229057326,0.211141436615357,-31.2122167785512,7.27429565442217e-214,TRUE,TRUE,2330.75903826354,2358.36734589207,"188","987",-1,"unleashed"
"05_20_2021_vero #5_round 2_otter.ai_made_perfect.csv","4_5_5",2,"PSAB-BA",2.07928749676807,0.266128573062793,7.81309377207484,5.58010491245154e-15,TRUE,TRUE,2330.75903826354,2358.36734589207,"188","987",-1,"unleashed"
"05_20_2021_vero #5_round 2_otter.ai_made_perfect.csv","4_5_5",2,"PSAB-BY",1.36043173007026,0.228103346283701,5.9641024659859,2.45982349967494e-09,TRUE,TRUE,2330.75903826354,2358.36734589207,"188","987",-1,"unleashed"
"05_20_2021_vero #5_round 2_otter.ai_made_perfect.csv","4_5_5",2,"PSAB-XA",1.29585743988198,0.219474982874919,5.90435147964222,3.5403664829243e-09,TRUE,TRUE,2330.75903826354,2358.36734589207,"188","987",-1,"unleashed"
"05_20_2021_vero #5_round 2_otter.ai_made_perfect.csv","4_5_5",2,"PSAB-XB",0.923677654434305,0.230676194086003,4.00421750538302,6.22230961966965e-05,TRUE,TRUE,2330.75903826354,2358.36734589207,"188","987",-1,"unleashed"
"05_20_2021_vero #5_round 2_otter.ai_made_perfect.csv","4_5_5",2,"PSAB-AY",0.502651495158035,0.298830287715613,1.68206341800397,0.092556543089048,FALSE,FALSE,2330.75903826354,2358.36734589207,"188","987",-1,"unleashed"
