"file_name","Team_ID","Round_Number","Covariate","Estimate","SE","Z_value","p_value","Significant_at_0.001","Significant_at_0.05","AIC","BIC","participant1","participant2","participant3","Vero_type"
"03_06_2021AM_Vero #6_task_round 3_otter.ai_made_perfect.csv","1_6_7",3,"RRecSnd",-0.0125206359363902,0.248703394672743,-0.0503436471097045,0.959848542482394,FALSE,FALSE,1621.77789340058,1646.17674145857,"249","990",-1,"taskwork"
"03_06_2021AM_Vero #6_task_round 3_otter.ai_made_perfect.csv","1_6_7",3,"RSndSnd",2.87815391786001,0.210491600695671,13.673485822464,1.46219356822803e-42,TRUE,TRUE,1621.77789340058,1646.17674145857,"249","990",-1,"taskwork"
"03_06_2021AM_Vero #6_task_round 3_otter.ai_made_perfect.csv","1_6_7",3,"CovSnd.1",-7.47135226964346,0.266412267957057,-28.0443251616617,4.68464005726934e-173,TRUE,TRUE,1621.77789340058,1646.17674145857,"249","990",-1,"taskwork"
"03_06_2021AM_Vero #6_task_round 3_otter.ai_made_perfect.csv","1_6_7",3,"PSAB-BA",2.6169931661147,0.330668242660579,7.914256128917,2.48735763685443e-15,TRUE,TRUE,1621.77789340058,1646.17674145857,"249","990",-1,"taskwork"
"03_06_2021AM_Vero #6_task_round 3_otter.ai_made_perfect.csv","1_6_7",3,"PSAB-BY",1.77419915453095,0.27103105837804,6.54611012165352,5.90550418052132e-11,TRUE,TRUE,1621.77789340058,1646.17674145857,"249","990",-1,"taskwork"
"03_06_2021AM_Vero #6_task_round 3_otter.ai_made_perfect.csv","1_6_7",3,"PSAB-XA",1.08515611216008,0.265928082560195,4.08063752317113,4.49123472771251e-05,TRUE,TRUE,1621.77789340058,1646.17674145857,"249","990",-1,"taskwork"
"03_06_2021AM_Vero #6_task_round 3_otter.ai_made_perfect.csv","1_6_7",3,"PSAB-XB",0.439376160004789,0.335547363115068,1.30943112151388,0.190388355213511,FALSE,FALSE,1621.77789340058,1646.17674145857,"249","990",-1,"taskwork"
"03_06_2021AM_Vero #6_task_round 3_otter.ai_made_perfect.csv","1_6_7",3,"PSAB-AY",0.567731218040702,0.385074033918876,1.4743430302556,0.140389254946609,FALSE,FALSE,1621.77789340058,1646.17674145857,"249","990",-1,"taskwork"
