"Team_ID","Round_Number","Covariate","Estimate","SE","Z_value","p_value","AIC","BIC"
NA,"1","RRecSnd","0.215288799144394","0.452184279922534","0.476108544023857","0.633997050325466","654.942512493393","666.255911878599"
NA,"1","RSndSnd","1.87665954968819","0.365259794864139","5.13787604350548","2.77861058154501e-07","654.942512493393","666.255911878599"
NA,"1","CovSnd.1","-6.00648959311493","0.435054552334345","-13.8062906384643","2.33551773298778e-43","654.942512493393","666.255911878599"
NA,"1","PSAB-BA","1.37478662319138","0.302876489543806","4.53909983327557","5.6494885299661e-06","654.942512493393","666.255911878599"
NA,"1","PSAB-BY","0.961281249737325","0.447582163740547","2.14772018997289","0.031735990470909","654.942512493393","666.255911878599"
