"Team_ID","Round_Number","Covariate","Estimate","SE","Z_value","p_value","AIC","BIC"
"2_1_9","3","RRecSnd","-0.00290402123836187","0.166323556692023","-0.0174600717788832","0.986069586091363","3172.19932171213","3190.54872632703"
"2_1_9","3","RSndSnd","2.20822738457287","0.141603379922045","15.5944539303267","7.93994313271104e-55","3172.19932171213","3190.54872632703"
"2_1_9","3","CovSnd.1","-6.00546131092483","0.119216443179972","-50.3744378773222","0","3172.19932171213","3190.54872632703"
"2_1_9","3","PSAB-BA","1.56092925334214","0.212975621120777","7.32914520980291","2.31625310257409e-13","3172.19932171213","3190.54872632703"
"2_1_9","3","PSAB-BY","0.301445694192512","0.184403216656343","1.63470952220043","0.10210995539293","3172.19932171213","3190.54872632703"
