"Team_ID","Round_Number","Covariate","Estimate","SE","Z_value","p_value","Significant_at_0.001","AIC","BIC","participant1","participant2","Vero_type"
"3_5_6",1,"RRecSnd",-0.187754710054005,0.385897694771582,-0.486540118269274,0.626584268381989,FALSE,1425.23839392465,1446.8946453303,"296","770","combined"
"3_5_6",1,"RSndSnd",2.14204949392789,0.24137979471816,8.87418723853413,7.04459592561604e-19,TRUE,1425.23839392465,1446.8946453303,"296","770","combined"
"3_5_6",1,"CovSnd.1",-6.7740115772262,0.38458698157848,-17.6137308377504,1.93275527400922e-69,TRUE,1425.23839392465,1446.8946453303,"296","770","combined"
"3_5_6",1,"PSAB-BA",2.44521377069592,0.324410699583015,7.53740173748556,4.79427633999813e-14,TRUE,1425.23839392465,1446.8946453303,"296","770","combined"
"3_5_6",1,"PSAB-BY",1.75110415453677,0.355928582096863,4.91981886989963,8.66243379624127e-07,TRUE,1425.23839392465,1446.8946453303,"296","770","combined"
"3_5_6",1,"PSAB-XA",1.88180888860028,0.34882111799969,5.39476766599308,6.86122746475047e-08,TRUE,1425.23839392465,1446.8946453303,"296","770","combined"
"3_5_6",1,"PSAB-XB",1.11763779397977,0.42824501565993,2.60980922861993,0.00905927274627881,FALSE,1425.23839392465,1446.8946453303,"296","770","combined"
