"Team_ID","Round_Number","Covariate","Estimate","SE","Z_value","p_value","Significant_at_0.001","AIC","BIC","participant1","participant2","Vero_type"
"1_8_12",3,"RRecSnd",0.0755927827992367,0.209755644947813,0.360384974707326,0.718559261268089,FALSE,2316.27075819929,2340.30681222417,"128","290","taskwork"
"1_8_12",3,"RSndSnd",2.47269061547879,0.172490876378945,14.3351965471294,1.31872675081343e-46,TRUE,2316.27075819929,2340.30681222417,"128","290","taskwork"
"1_8_12",3,"CovSnd.1",-6.65898190712737,0.187249144229027,-35.5621486792093,5.39244590353454e-277,TRUE,2316.27075819929,2340.30681222417,"128","290","taskwork"
"1_8_12",3,"PSAB-BA",1.83465451872764,0.247664117245326,7.40783339602768,1.28379437675739e-13,TRUE,2316.27075819929,2340.30681222417,"128","290","taskwork"
"1_8_12",3,"PSAB-BY",1.08276359804114,0.212466397728612,5.09616395635499,3.46604972189064e-07,TRUE,2316.27075819929,2340.30681222417,"128","290","taskwork"
"1_8_12",3,"PSAB-XA",0.943543347515142,0.197737047544997,4.77170747328181,1.82670681009778e-06,TRUE,2316.27075819929,2340.30681222417,"128","290","taskwork"
"1_8_12",3,"PSAB-XB",0.532291421870825,0.22539531228847,2.3615904717201,0.0181967312809032,FALSE,2316.27075819929,2340.30681222417,"128","290","taskwork"
