"Team_ID","Round_Number","Covariate","Estimate","SE","Z_value","p_value","AIC","BIC"
"2_3_6","2","RRecSnd","0.287041326793628","0.208330138286567","1.37781949915854","0.168259024153263","1865.260683544","1881.02714151648"
"2_3_6","2","RSndSnd","2.46788323899979","0.187072990850295","13.1920873653788","9.74490739247492e-40","1865.260683544","1881.02714151648"
"2_3_6","2","CovSnd.1","-6.46691204483476","0.173158366865735","-37.3468066365464","2.85683951985304e-305","1865.260683544","1881.02714151648"
"2_3_6","2","PSAB-BA","1.33303305413219","0.248029202378074","5.37450042717242","7.67953013612363e-08","1865.260683544","1881.02714151648"
"2_3_6","2","PSAB-BY","0.72835008514941","0.221571621228519","3.287199331354","0.00101189180722888","1865.260683544","1881.02714151648"
