"Team_ID","Round_Number","Covariate","Estimate","SE","Z_value","p_value","Significant_at_0.001","AIC","BIC","participant1","participant2","Vero_type"
"4_3_7",3,"RRecSnd",0.212479472943891,0.219506492315906,0.967987191185666,0.333050766746848,FALSE,2030.88216952515,2054.14323937912,"631","842","unleashed"
"4_3_7",3,"RSndSnd",2.61946071290078,0.18184150845879,14.4051857856998,4.80025315123547e-47,TRUE,2030.88216952515,2054.14323937912,"631","842","unleashed"
"4_3_7",3,"CovSnd.1",-6.83830574318938,0.201261000884693,-33.9773016785661,4.82188751712719e-253,TRUE,2030.88216952515,2054.14323937912,"631","842","unleashed"
"4_3_7",3,"PSAB-BA",1.77798728625714,0.262552943082621,6.77191908565898,1.2708521454514e-11,TRUE,2030.88216952515,2054.14323937912,"631","842","unleashed"
"4_3_7",3,"PSAB-BY",1.49100816552343,0.207943276018601,7.17026390115187,7.48533325257903e-13,TRUE,2030.88216952515,2054.14323937912,"631","842","unleashed"
"4_3_7",3,"PSAB-XA",0.949799436254913,0.207915738312678,4.56819403842598,4.91944514715117e-06,TRUE,2030.88216952515,2054.14323937912,"631","842","unleashed"
"4_3_7",3,"PSAB-XB",0.128771029590575,0.29516445228281,0.436268759990087,0.662641744928484,FALSE,2030.88216952515,2054.14323937912,"631","842","unleashed"
