"file_name","Team_ID","Round_Number","Covariate","Estimate","SE","Z_value","p_value","Significant_at_0.001","Significant_at_0.05","AIC","BIC","participant1","participant2","participant3","Vero_type"
"02_27_2021_vero #1_task_round 3_otter.ai_made_perfect.csv","1_1_4",3,"RRecSnd",-1.13363932853829,0.281041796635836,-4.03370367720508,5.49045475910899e-05,TRUE,TRUE,1955.06038451212,1980.19369296414,"213","587","992","taskwork"
"02_27_2021_vero #1_task_round 3_otter.ai_made_perfect.csv","1_1_4",3,"RSndSnd",2.74283550851463,0.20863751434341,13.1464157687386,1.78434186875902e-39,TRUE,TRUE,1955.06038451212,1980.19369296414,"213","587","992","taskwork"
"02_27_2021_vero #1_task_round 3_otter.ai_made_perfect.csv","1_1_4",3,"CovSnd.1",-7.79185516499833,0.244488367021669,-31.8700446156922,6.94598519071423e-223,TRUE,TRUE,1955.06038451212,1980.19369296414,"213","587","992","taskwork"
"02_27_2021_vero #1_task_round 3_otter.ai_made_perfect.csv","1_1_4",3,"PSAB-BA",3.25053895505428,0.460929797127578,7.0521345665023,1.76193678952096e-12,TRUE,TRUE,1955.06038451212,1980.19369296414,"213","587","992","taskwork"
"02_27_2021_vero #1_task_round 3_otter.ai_made_perfect.csv","1_1_4",3,"PSAB-BY",1.51354926566153,0.2407960453548,6.28560682311621,3.26575511296973e-10,TRUE,TRUE,1955.06038451212,1980.19369296414,"213","587","992","taskwork"
"02_27_2021_vero #1_task_round 3_otter.ai_made_perfect.csv","1_1_4",3,"PSAB-XA",2.27533425251872,0.231729181150027,9.81893709383808,9.33223005422889e-23,TRUE,TRUE,1955.06038451212,1980.19369296414,"213","587","992","taskwork"
"02_27_2021_vero #1_task_round 3_otter.ai_made_perfect.csv","1_1_4",3,"PSAB-XB",1.01261759214326,0.298323663984508,3.39435892754336,0.000687894706656989,TRUE,TRUE,1955.06038451212,1980.19369296414,"213","587","992","taskwork"
"02_27_2021_vero #1_task_round 3_otter.ai_made_perfect.csv","1_1_4",3,"PSAB-AY",1.37817239401879,0.30023623090326,4.59029341619619,4.42623348237536e-06,TRUE,TRUE,1955.06038451212,1980.19369296414,"213","587","992","taskwork"
