"Team_ID","Round_Number","Covariate","Estimate","SE","Z_value","p_value","Significant_at_0.001","AIC","BIC","participant1","participant2","Vero_type"
"3_6_12",2,"RRecSnd",-1.0766971261661,0.330289746838813,-3.2598563427146,0.00111468657494747,FALSE,1638.76541986499,1659.69844797244,"175","208","combined"
"3_6_12",2,"RSndSnd",2.35049435877147,0.20706741244454,11.3513484860927,7.30276466583097e-30,TRUE,1638.76541986499,1659.69844797244,"175","208","combined"
"3_6_12",2,"CovSnd.1",-6.46285492298697,0.20233725873812,-31.9410026768806,7.20355862860071e-224,TRUE,1638.76541986499,1659.69844797244,"175","208","combined"
"3_6_12",2,"PSAB-BA",2.50524935675742,0.382433736358397,6.5508063713543,5.72272208495994e-11,TRUE,1638.76541986499,1659.69844797244,"175","208","combined"
"3_6_12",2,"PSAB-BY",0.114355915151206,0.309834514855994,0.369087076061736,0.712062821757525,FALSE,1638.76541986499,1659.69844797244,"175","208","combined"
"3_6_12",2,"PSAB-XA",0.786696817540984,0.251364826122167,3.12970127792915,0.00174984147696407,FALSE,1638.76541986499,1659.69844797244,"175","208","combined"
"3_6_12",2,"PSAB-XB",0.55894279926972,0.224680882952332,2.48771854518795,0.01285654347122,FALSE,1638.76541986499,1659.69844797244,"175","208","combined"
