"Team_ID","Round_Number","Covariate","Estimate","SE","Z_value","p_value","Significant_at_0.001","AIC","BIC","participant1","participant2","participant3","Vero_type"
"2_7_4",3,"RRecSnd",-0.777538815211124,0.225921545963739,-3.44163196960382,0.000578216347264672,TRUE,2565.68558167217,2589.4727205828,"185","565","870","teamwork"
"2_7_4",3,"RSndSnd",2.06258379912233,0.166853743114122,12.3616273787253,4.21535472575105e-35,TRUE,2565.68558167217,2589.4727205828,"185","565","870","teamwork"
"2_7_4",3,"CovSnd.1",-6.48020559774508,0.152143913921444,-42.5926047958185,0,TRUE,2565.68558167217,2589.4727205828,"185","565","870","teamwork"
"2_7_4",3,"PSAB-BA",2.37282161632769,0.30311497345577,7.82812405891894,4.95203175436546e-15,TRUE,2565.68558167217,2589.4727205828,"185","565","870","teamwork"
"2_7_4",3,"PSAB-BY",0.643574216865171,0.236764377420845,2.7182054322354,0.00656370713058335,FALSE,2565.68558167217,2589.4727205828,"185","565","870","teamwork"
"2_7_4",3,"PSAB-XA",1.35061350288087,0.190647392819448,7.08435338614863,1.3969501770961e-12,TRUE,2565.68558167217,2589.4727205828,"185","565","870","teamwork"
"2_7_4",3,"PSAB-XB",0.583171634801986,0.192337344400861,3.03202499035532,0.00242919091852425,FALSE,2565.68558167217,2589.4727205828,"185","565","870","teamwork"
