"file_name","Team_ID","Round_Number","Covariate","Estimate","SE","Z_value","p_value","Significant_at_0.001","Significant_at_0.05","AIC","BIC","participant1","participant2","participant3","Vero_type"
"03_04_2021_vero #3_team_round 1_otter.ai_made_perfect.csv","2_3_6",1,"RRecSnd",-0.504019971893724,0.441197156798502,-1.14239170431443,0.253291237952208,FALSE,FALSE,1172.77739626499,1195.53089295666,"425","446",-1,"teamwork"
"03_04_2021_vero #3_team_round 1_otter.ai_made_perfect.csv","2_3_6",1,"RSndSnd",2.52351512170428,0.269937014032399,9.34853314114748,8.88716519959609e-21,TRUE,TRUE,1172.77739626499,1195.53089295666,"425","446",-1,"teamwork"
"03_04_2021_vero #3_team_round 1_otter.ai_made_perfect.csv","2_3_6",1,"CovSnd.1",-7.9260887111629,0.564647203007062,-14.0372407212009,9.22344191773149e-45,TRUE,TRUE,1172.77739626499,1195.53089295666,"425","446",-1,"teamwork"
"03_04_2021_vero #3_team_round 1_otter.ai_made_perfect.csv","2_3_6",1,"PSAB-BA",3.17727508635929,0.512257449041404,6.20249660069362,5.55743856249166e-10,TRUE,TRUE,1172.77739626499,1195.53089295666,"425","446",-1,"teamwork"
"03_04_2021_vero #3_team_round 1_otter.ai_made_perfect.csv","2_3_6",1,"PSAB-BY",2.27987464031775,0.538357725018515,4.23486937099182,2.28684602887261e-05,TRUE,TRUE,1172.77739626499,1195.53089295666,"425","446",-1,"teamwork"
"03_04_2021_vero #3_team_round 1_otter.ai_made_perfect.csv","2_3_6",1,"PSAB-XA",3.34422817500142,0.511081120483517,6.54343907643771,6.01199829201909e-11,TRUE,TRUE,1172.77739626499,1195.53089295666,"425","446",-1,"teamwork"
"03_04_2021_vero #3_team_round 1_otter.ai_made_perfect.csv","2_3_6",1,"PSAB-XB",2.15886036532962,0.580655513316561,3.71797101003785,0.000200829309677392,TRUE,TRUE,1172.77739626499,1195.53089295666,"425","446",-1,"teamwork"
"03_04_2021_vero #3_team_round 1_otter.ai_made_perfect.csv","2_3_6",1,"PSAB-AY",0.879571492024959,0.702873756613546,1.25139327475071,0.21079102972448,FALSE,FALSE,1172.77739626499,1195.53089295666,"425","446",-1,"teamwork"
