"Team_ID","Round_Number","Covariate","Estimate","SE","Z_value","p_value","Significant_at_0.001","AIC","BIC","participant1","participant2","participant3","Vero_type"
"2_6_1",2,"RRecSnd",-0.457094993884562,0.225171012201276,-2.02999040336495,0.0423575147717152,FALSE,2279.39742390127,2301.90197420454,"379","461","470","teamwork"
"2_6_1",2,"RSndSnd",1.90192510646815,0.187481367815389,10.1446086543435,3.50179125373098e-24,TRUE,2279.39742390127,2301.90197420454,"379","461","470","teamwork"
"2_6_1",2,"CovSnd.1",-6.89434546835415,0.168643181492813,-40.8812583309095,0,TRUE,2279.39742390127,2301.90197420454,"379","461","470","teamwork"
"2_6_1",2,"PSAB-BA",2.15408501645838,0.347239186854983,6.2034617577825,5.52344669589037e-10,TRUE,2279.39742390127,2301.90197420454,"379","461","470","teamwork"
"2_6_1",2,"PSAB-BY",0.656003187624305,0.274430640507982,2.39041524812979,0.0168293328624095,FALSE,2279.39742390127,2301.90197420454,"379","461","470","teamwork"
"2_6_1",2,"PSAB-XA",1.39929401483442,0.20601572380053,6.79217095190876,1.10458544798623e-11,TRUE,2279.39742390127,2301.90197420454,"379","461","470","teamwork"
"2_6_1",2,"PSAB-XB",0.621704124078861,0.215880610324469,2.87985161402146,0.00397862376930247,FALSE,2279.39742390127,2301.90197420454,"379","461","470","teamwork"
