"file_name","Team_ID","Round_Number","Covariate","Estimate","SE","Z_value","p_value","Significant_at_0.001","Significant_at_0.05","AIC","BIC","participant1","participant2","participant3","Vero_type"
"02_25_2021_vero #5_team_round 1_otter.ai_made_perfect.csv","2_5_1",1,"RRecSnd",-1.45605475850648,0.233047040616278,-6.24790065840798,4.1600611157917e-10,TRUE,TRUE,2728.24048296127,2757.02785863325,"524","739","997","teamwork"
"02_25_2021_vero #5_team_round 1_otter.ai_made_perfect.csv","2_5_1",1,"RSndSnd",1.58250731665288,0.177283142121457,8.92643991817734,4.39938302472593e-19,TRUE,TRUE,2728.24048296127,2757.02785863325,"524","739","997","teamwork"
"02_25_2021_vero #5_team_round 1_otter.ai_made_perfect.csv","2_5_1",1,"CovSnd.1",-5.28489929076641,0.209375096417234,-25.241298421828,1.41128937032943e-140,TRUE,TRUE,2728.24048296127,2757.02785863325,"524","739","997","teamwork"
"02_25_2021_vero #5_team_round 1_otter.ai_made_perfect.csv","2_5_1",1,"PSAB-BA",2.40335287806853,0.285735747182392,8.4111032720537,4.06171903818163e-17,TRUE,TRUE,2728.24048296127,2757.02785863325,"524","739","997","teamwork"
"02_25_2021_vero #5_team_round 1_otter.ai_made_perfect.csv","2_5_1",1,"PSAB-BY",0.643379901419334,0.216942600957326,2.96566879248346,0.00302025558420194,FALSE,TRUE,2728.24048296127,2757.02785863325,"524","739","997","teamwork"
"02_25_2021_vero #5_team_round 1_otter.ai_made_perfect.csv","2_5_1",1,"PSAB-XA",1.58649870068668,0.222190214192421,7.14027261035331,9.31460006673241e-13,TRUE,TRUE,2728.24048296127,2757.02785863325,"524","739","997","teamwork"
"02_25_2021_vero #5_team_round 1_otter.ai_made_perfect.csv","2_5_1",1,"PSAB-XB",-0.0484430292650648,0.211064037498074,-0.229518158750786,0.818466208647239,FALSE,FALSE,2728.24048296127,2757.02785863325,"524","739","997","teamwork"
"02_25_2021_vero #5_team_round 1_otter.ai_made_perfect.csv","2_5_1",1,"PSAB-AY",0.402808350947544,0.256059436514665,1.57310488701507,0.115694533540624,FALSE,FALSE,2728.24048296127,2757.02785863325,"524","739","997","teamwork"
