"file_name","Team_ID","Round_Number","Covariate","Estimate","SE","Z_value","p_value","Significant_at_0.001","Significant_at_0.05","AIC","BIC","participant1","participant2","participant3","Vero_type"
"03_11_2021_vero #8_task_round 3_otter.ai_made_perfect.csv","1_8_12",3,"RRecSnd",0.104637630124363,0.210829154802518,0.496314801538603,0.619672324885172,FALSE,FALSE,2312.13227918156,2339.60205520999,"128","290",-1,"taskwork"
"03_11_2021_vero #8_task_round 3_otter.ai_made_perfect.csv","1_8_12",3,"RSndSnd",2.57647238227673,0.182428529601232,14.1231877925487,2.73341313117559e-45,TRUE,TRUE,2312.13227918156,2339.60205520999,"128","290",-1,"taskwork"
"03_11_2021_vero #8_task_round 3_otter.ai_made_perfect.csv","1_8_12",3,"CovSnd.1",-6.93135064676701,0.22596678168469,-30.6742017348324,1.25725378561023e-206,TRUE,TRUE,2312.13227918156,2339.60205520999,"128","290",-1,"taskwork"
"03_11_2021_vero #8_task_round 3_otter.ai_made_perfect.csv","1_8_12",3,"PSAB-BA",1.99116908564794,0.261380388878744,7.61789778563554,2.57840338835631e-14,TRUE,TRUE,2312.13227918156,2339.60205520999,"128","290",-1,"taskwork"
"03_11_2021_vero #8_task_round 3_otter.ai_made_perfect.csv","1_8_12",3,"PSAB-BY",1.29670591420677,0.235328791453545,5.5101881337913,3.58450371339997e-08,TRUE,TRUE,2312.13227918156,2339.60205520999,"128","290",-1,"taskwork"
"03_11_2021_vero #8_task_round 3_otter.ai_made_perfect.csv","1_8_12",3,"PSAB-XA",1.13329770599578,0.21850625062697,5.1865688177979,2.14203892378798e-07,TRUE,TRUE,2312.13227918156,2339.60205520999,"128","290",-1,"taskwork"
"03_11_2021_vero #8_task_round 3_otter.ai_made_perfect.csv","1_8_12",3,"PSAB-XB",0.728498728269747,0.24478823428741,2.97603653374289,0.00292000073991321,FALSE,TRUE,2312.13227918156,2339.60205520999,"128","290",-1,"taskwork"
"03_11_2021_vero #8_task_round 3_otter.ai_made_perfect.csv","1_8_12",3,"PSAB-AY",0.735295082963912,0.285195527027299,2.57821393844487,0.0099312490142563,FALSE,TRUE,2312.13227918156,2339.60205520999,"128","290",-1,"taskwork"
