"Team_ID","Round_Number","Covariate","Estimate","SE","Z_value","p_value","AIC","BIC"
"1_6_7","3","RRecSnd","0.274396472697174","0.233013789594932","1.1775975712604","0.238957078586421","1632.91432326406","1648.16360330031"
"1_6_7","3","RSndSnd","2.91468226708883","0.201605979909784","14.4573205040501","2.25403196565386e-47","1632.91432326406","1648.16360330031"
"1_6_7","3","CovSnd.1","-7.06809694232219","0.200110773515489","-35.3209215983322","2.80362249394068e-273","1632.91432326406","1648.16360330031"
"1_6_7","3","PSAB-BA","1.90140054638167","0.257730546402049","7.37747454822665","1.6132019740498e-13","1632.91432326406","1648.16360330031"
"1_6_7","3","PSAB-BY","1.32610716603978","0.213953370744134","6.19811298801958","5.71441143149986e-10","1632.91432326406","1648.16360330031"
