"Team_ID","Round_Number","Covariate","Estimate","SE","Z_value","p_value","Significant_at_0.001","AIC","BIC","participant1","participant2","Vero_type"
"2_3_6",1,"RRecSnd",-0.613774291656376,0.423109674880444,-1.4506269369279,0.146883770329303,FALSE,1172.27208804515,1192.18139765036,"425","446","teamwork"
"2_3_6",1,"RSndSnd",2.47309171579637,0.265187935184332,9.32580780523565,1.10141349130142e-20,TRUE,1172.27208804515,1192.18139765036,"425","446","teamwork"
"2_3_6",1,"CovSnd.1",-7.53137322778806,0.428237806417682,-17.5868947461456,3.10429071553082e-69,TRUE,1172.27208804515,1192.18139765036,"425","446","teamwork"
"2_3_6",1,"PSAB-BA",2.93408938957275,0.436223627848016,6.72611294360014,1.74255326058673e-11,TRUE,1172.27208804515,1192.18139765036,"425","446","teamwork"
"2_3_6",1,"PSAB-BY",1.93026933823042,0.417707506875057,4.62110282065818,3.81705526660553e-06,TRUE,1172.27208804515,1192.18139765036,"425","446","teamwork"
"2_3_6",1,"PSAB-XA",3.07905062916414,0.42704783263925,7.21008372793963,5.59174835727789e-13,TRUE,1172.27208804515,1192.18139765036,"425","446","teamwork"
"2_3_6",1,"PSAB-XB",1.81328846269526,0.475926823523096,3.81001526510358,0.00013895821158517,TRUE,1172.27208804515,1192.18139765036,"425","446","teamwork"
