"Team_ID","Round_Number","Covariate","Estimate","SE","Z_value","p_value","Significant_at_0.001","AIC","BIC","participant1","participant2","participant3","Vero_type"
451,2,"RRecSnd",-0.292400322292185,0.213566392049475,-1.36913078638537,0.170958396421435,FALSE,2691.61195918618,2716.09213676323,"108","179","326","unleashed"
451,2,"RSndSnd",2.11644790091437,0.157314576324316,13.4536032856304,2.93227694107423e-41,TRUE,2691.61195918618,2716.09213676323,"108","179","326","unleashed"
451,2,"CovSnd.1",-6.45830104760664,0.154761401746928,-41.7306962505257,0,TRUE,2691.61195918618,2716.09213676323,"108","179","326","unleashed"
451,2,"PSAB-BA",2.08174339961858,0.288235932875322,7.22235905444531,5.10933507011596e-13,TRUE,2691.61195918618,2716.09213676323,"108","179","326","unleashed"
451,2,"PSAB-BY",1.1212437006379,0.204441450981897,5.48442449049724,4.14817618395182e-08,TRUE,2691.61195918618,2716.09213676323,"108","179","326","unleashed"
451,2,"PSAB-XA",1.21841376430199,0.180685622799716,6.74328009845346,1.54850272430164e-11,TRUE,2691.61195918618,2716.09213676323,"108","179","326","unleashed"
451,2,"PSAB-XB",0.731684327936433,0.188509510245829,3.88141864557532,0.000103848892882701,TRUE,2691.61195918618,2716.09213676323,"108","179","326","unleashed"
