"Team_ID","Round_Number","Covariate","Estimate","SE","Z_value","p_value","Significant_at_0.001","AIC","BIC","participant1","participant2","participant3","Vero_type"
"2_1_9",2,"RRecSnd",-0.620392889010314,0.210965727347429,-2.94072832023857,0.00327441585402342,FALSE,2803.76245889337,2828.66025532527,"215","758","808","teamwork"
"2_1_9",2,"RSndSnd",2.39460611909587,0.154998064452347,15.4492646573149,7.63090405648813e-54,TRUE,2803.76245889337,2828.66025532527,"215","758","808","teamwork"
"2_1_9",2,"CovSnd.1",-6.61525574318445,0.153192740038042,-43.1825668862748,0,TRUE,2803.76245889337,2828.66025532527,"215","758","808","teamwork"
"2_1_9",2,"PSAB-BA",2.64323376692833,0.273198428073789,9.67514266302591,3.84554927732494e-22,TRUE,2803.76245889337,2828.66025532527,"215","758","808","teamwork"
"2_1_9",2,"PSAB-BY",0.480283995793227,0.233888374203642,2.05347528464606,0.0400265043664749,FALSE,2803.76245889337,2828.66025532527,"215","758","808","teamwork"
"2_1_9",2,"PSAB-XA",1.65072462664157,0.167233711031921,9.87076479051813,5.57379984252947e-23,TRUE,2803.76245889337,2828.66025532527,"215","758","808","teamwork"
"2_1_9",2,"PSAB-XB",0.569091508703143,0.18391829754713,3.09426259536418,0.00197302769208298,FALSE,2803.76245889337,2828.66025532527,"215","758","808","teamwork"
