"Team_ID","Round_Number","Covariate","Estimate","SE","Z_value","p_value","Significant_at_0.001","AIC","BIC","participant1","participant2","Vero_type"
428,1,"RRecSnd",0.2893454982994,0.419578489164264,0.689609943721691,0.490439512438017,FALSE,1100.2648572153,1120.00682817453,"127","999","unleashed"
428,1,"RSndSnd",2.27248403023114,0.293354763667974,7.74653870220831,9.44312406465549e-15,TRUE,1100.2648572153,1120.00682817453,"127","999","unleashed"
428,1,"CovSnd.1",-7.10948810020081,0.454194300275995,-15.6529663535643,3.17088249612075e-55,TRUE,1100.2648572153,1120.00682817453,"127","999","unleashed"
428,1,"PSAB-BA",2.08280525393301,0.323291109815912,6.44250704920096,1.17515904398812e-10,TRUE,1100.2648572153,1120.00682817453,"127","999","unleashed"
428,1,"PSAB-BY",2.26313040011403,0.42493444774818,5.32583416596808,1.00490783576825e-07,TRUE,1100.2648572153,1120.00682817453,"127","999","unleashed"
428,1,"PSAB-XA",1.18521891286354,0.366136669469544,3.23709426477463,0.00120753516821583,FALSE,1100.2648572153,1120.00682817453,"127","999","unleashed"
428,1,"PSAB-XB",0.952539469600967,0.577742881669266,1.64872558334047,0.099203866488267,FALSE,1100.2648572153,1120.00682817453,"127","999","unleashed"
