"file_name","Team_ID","Round_Number","Covariate","Estimate","SE","Z_value","p_value","Significant_at_0.001","Significant_at_0.05","AIC","BIC","participant1","participant2","participant3","Vero_type"
"05_12_2021_vero #1_round 1_otter.ai_made_perfect.csv","4_2_1",1,"RRecSnd",-1.1549747602416,0.226176418504809,-5.10652157230547,3.28143164507971e-07,TRUE,TRUE,2290.39852227459,2318.40858795895,"268","315","329","unleashed"
"05_12_2021_vero #1_round 1_otter.ai_made_perfect.csv","4_2_1",1,"RSndSnd",1.81012596796361,0.18206451666641,9.94222268625927,2.72673952950756e-23,TRUE,TRUE,2290.39852227459,2318.40858795895,"268","315","329","unleashed"
"05_12_2021_vero #1_round 1_otter.ai_made_perfect.csv","4_2_1",1,"CovSnd.1",-6.03910313680826,0.262853315004873,-22.9751834657147,8.25514528491093e-117,TRUE,TRUE,2290.39852227459,2318.40858795895,"268","315","329","unleashed"
"05_12_2021_vero #1_round 1_otter.ai_made_perfect.csv","4_2_1",1,"PSAB-BA",2.84981422994467,0.328729554872315,8.66917558128167,4.35260328402102e-18,TRUE,TRUE,2290.39852227459,2318.40858795895,"268","315","329","unleashed"
"05_12_2021_vero #1_round 1_otter.ai_made_perfect.csv","4_2_1",1,"PSAB-BY",1.49848973057159,0.252366251122347,5.93775801600794,2.88946093497621e-09,TRUE,TRUE,2290.39852227459,2318.40858795895,"268","315","329","unleashed"
"05_12_2021_vero #1_round 1_otter.ai_made_perfect.csv","4_2_1",1,"PSAB-XA",2.30990769683613,0.251418222507855,9.18751104750956,4.02035764144523e-20,TRUE,TRUE,2290.39852227459,2318.40858795895,"268","315","329","unleashed"
"05_12_2021_vero #1_round 1_otter.ai_made_perfect.csv","4_2_1",1,"PSAB-XB",1.10389288545761,0.251411172709349,4.39078690720636,1.12941183119997e-05,TRUE,TRUE,2290.39852227459,2318.40858795895,"268","315","329","unleashed"
"05_12_2021_vero #1_round 1_otter.ai_made_perfect.csv","4_2_1",1,"PSAB-AY",0.363119411123772,0.373164421657782,0.973081542743585,0.330512776581984,FALSE,FALSE,2290.39852227459,2318.40858795895,"268","315","329","unleashed"
