"Team_ID","Round_Number","Covariate","Estimate","SE","Z_value","p_value","AIC","BIC"
"4_1_1","3","RRecSnd","-0.776551875866416","0.2646329743184","-2.93444865616818","0.00334140830132411","2293.64274866134","2310.08408381481"
"4_1_1","3","RSndSnd","2.15494673337107","0.176770638046288","12.190637298072","3.48683825525541e-34","2293.64274866134","2310.08408381481"
"4_1_1","3","CovSnd.1","-6.07532233457564","0.147297903319942","-41.2451378983962","0","2293.64274866134","2310.08408381481"
"4_1_1","3","PSAB-BA","1.93961896569841","0.365497251183006","5.30679494693993","1.11569565294583e-07","2293.64274866134","2310.08408381481"
"4_1_1","3","PSAB-BY","0.57234401202726","0.202104350550475","2.83192326374151","0.0046268951106677","2293.64274866134","2310.08408381481"
