"Team_ID","Round_Number","Covariate","Estimate","SE","Z_value","p_value","Significant_at_0.001","AIC","BIC","participant1","participant2","participant3","Vero_type"
"2_1_9",1,"RRecSnd",-1.49780188161573,0.222260587921269,-6.73894501775677,1.59540754397087e-11,TRUE,2560.64473332828,2585.88534779236,"215","758","808","teamwork"
"2_1_9",1,"RSndSnd",1.80267102465878,0.166735400061557,10.8115674535417,3.03440321706758e-27,TRUE,2560.64473332828,2585.88534779236,"215","758","808","teamwork"
"2_1_9",1,"CovSnd.1",-5.2320690797034,0.172935680819475,-30.254422077102,4.56333099006648e-201,TRUE,2560.64473332828,2585.88534779236,"215","758","808","teamwork"
"2_1_9",1,"PSAB-BA",2.67874774914548,0.246238018487576,10.8786927607633,1.45636507270638e-27,TRUE,2560.64473332828,2585.88534779236,"215","758","808","teamwork"
"2_1_9",1,"PSAB-BY",0.345454015990068,0.202341306122189,1.70728371092681,0.0877693322393364,FALSE,2560.64473332828,2585.88534779236,"215","758","808","teamwork"
"2_1_9",1,"PSAB-XA",1.66998167513833,0.199658825470062,8.36417659578355,6.05361924186937e-17,TRUE,2560.64473332828,2585.88534779236,"215","758","808","teamwork"
"2_1_9",1,"PSAB-XB",0.0512416341687679,0.216334726662267,0.236862731006494,0.812763283642286,FALSE,2560.64473332828,2585.88534779236,"215","758","808","teamwork"
