"file_name","Team_ID","Round_Number","Covariate","Estimate","SE","Z_value","p_value","Significant_at_0.001","Significant_at_0.05","AIC","BIC","participant1","participant2","participant3","Vero_type"
"02_25_2021_vero #8_task+team_round 2_otter.ai_made_perfect.csv","3_8_1",2,"RRecSnd",-0.71287288928989,0.214148092358745,-3.32887807422384,0.000871965676579776,TRUE,TRUE,3099.87956197865,3128.66693765064,"466","710","988","combined"
"02_25_2021_vero #8_task+team_round 2_otter.ai_made_perfect.csv","3_8_1",2,"RSndSnd",2.44136766339474,0.162132404538705,15.0578637894186,3.06532722014797e-51,TRUE,TRUE,3099.87956197865,3128.66693765064,"466","710","988","combined"
"02_25_2021_vero #8_task+team_round 2_otter.ai_made_perfect.csv","3_8_1",2,"CovSnd.1",-6.78218188190762,0.166837267291517,-40.6514802838207,0,TRUE,TRUE,3099.87956197865,3128.66693765064,"466","710","988","combined"
"02_25_2021_vero #8_task+team_round 2_otter.ai_made_perfect.csv","3_8_1",2,"PSAB-BA",2.42486005043657,0.323511657234968,7.49543330574758,6.60796987510907e-14,TRUE,TRUE,3099.87956197865,3128.66693765064,"466","710","988","combined"
"02_25_2021_vero #8_task+team_round 2_otter.ai_made_perfect.csv","3_8_1",2,"PSAB-BY",1.0774443930275,0.210762369718346,5.11212886089365,3.18548402789512e-07,TRUE,TRUE,3099.87956197865,3128.66693765064,"466","710","988","combined"
"02_25_2021_vero #8_task+team_round 2_otter.ai_made_perfect.csv","3_8_1",2,"PSAB-XA",1.18722839028971,0.17849804339879,6.65121234767415,2.90688525053127e-11,TRUE,TRUE,3099.87956197865,3128.66693765064,"466","710","988","combined"
"02_25_2021_vero #8_task+team_round 2_otter.ai_made_perfect.csv","3_8_1",2,"PSAB-XB",0.569093899115382,0.179001475735801,3.17926931482589,0.001476468401799,FALSE,TRUE,3099.87956197865,3128.66693765064,"466","710","988","combined"
"02_25_2021_vero #8_task+team_round 2_otter.ai_made_perfect.csv","3_8_1",2,"PSAB-AY",0.653095120680772,0.240442941304792,2.71621665055615,0.00660326913947454,FALSE,TRUE,3099.87956197865,3128.66693765064,"466","710","988","combined"
