"Team_ID","Round_Number","Covariate","Estimate","SE","Z_value","p_value","AIC","BIC"
"116","2","RRecSnd","-0.0777455146620874","0.193551001097328","-0.401679734133706","0.68791974104827","2671.95006149341","2689.16215004602"
"116","2","RSndSnd","1.94126126939725","0.156748824177396","12.3845348096537","3.16917177726422e-35","2671.95006149341","2689.16215004602"
"116","2","CovSnd.1","-6.04878355460445","0.126771668808277","-47.7140011760222","0","2671.95006149341","2689.16215004602"
"116","2","PSAB-BA","1.53664029886393","0.238726020736695","6.4368362280825","1.21989431813055e-10","2671.95006149341","2689.16215004602"
"116","2","PSAB-BY","0.114001586297584","0.224652007533066","0.507458569141893","0.611833099424284","2671.95006149341","2689.16215004602"
