"Team_ID","Round_Number","Covariate","Estimate","SE","Z_value","p_value","AIC","BIC"
"4_5_4","2","RRecSnd","-0.16683906022932","0.193983828948582","-0.860066847497598","0.389752194782591","2506.43398497348","2523.91982609994"
"4_5_4","2","RSndSnd","2.30645834212162","0.157537553643439","14.6406890851049","1.54494454944593e-48","2506.43398497348","2523.91982609994"
"4_5_4","2","CovSnd.1","-5.83069644236908","0.140871603557995","-41.3901474470592","0","2506.43398497348","2523.91982609994"
"4_5_4","2","PSAB-BA","1.5452499991147","0.24668866769473","6.26396831907538","3.7530175537762e-10","2506.43398497348","2523.91982609994"
"4_5_4","2","PSAB-BY","0.678683979535891","0.172461788528623","3.93527160611146","8.31026608660641e-05","2506.43398497348","2523.91982609994"
