"Team_ID","Round_Number","Covariate","Estimate","SE","Z_value","p_value","Significant_at_0.001","AIC","BIC","participant1","participant2","Vero_type"
346,1,"RRecSnd",-0.624379509805267,0.234341738576705,-2.66439736086917,0.00771263985828818,FALSE,2108.60584933375,2133.50364576564,"522","816","combined"
346,1,"RSndSnd",2.22995841905188,0.192128019911561,11.6066278103441,3.81360710583256e-31,TRUE,2108.60584933375,2133.50364576564,"522","816","combined"
346,1,"CovSnd.1",-5.3655185218182,0.226369291858743,-23.7025016854598,3.39775320601004e-124,TRUE,2108.60584933375,2133.50364576564,"522","816","combined"
346,1,"PSAB-BA",1.78952292236857,0.222864168108505,8.02965742567154,9.7745213850193e-16,TRUE,2108.60584933375,2133.50364576564,"522","816","combined"
346,1,"PSAB-BY",0.534292308100925,0.218463272071768,2.44568481939336,0.0144577326649834,FALSE,2108.60584933375,2133.50364576564,"522","816","combined"
346,1,"PSAB-XA",1.15056722291869,0.237324323888734,4.84807964082988,1.24662356319168e-06,TRUE,2108.60584933375,2133.50364576564,"522","816","combined"
346,1,"PSAB-XB",0.131197334565431,0.266201586926521,0.492849558412457,0.622118890617998,FALSE,2108.60584933375,2133.50364576564,"522","816","combined"
