"file_name","Team_ID","Round_Number","Covariate","Estimate","SE","Z_value","p_value","Significant_at_0.001","Significant_at_0.05","AIC","BIC","participant1","participant2","participant3","Vero_type"
"03_04_2021_vero #2_task_round 2_otter.ai_made_perfect.csv","1_2_6",2,"RRecSnd",-0.0782128280166896,0.176310694207173,-0.443607963591737,0.657326047128801,FALSE,FALSE,2739.82320988384,2768.84417879336,"200","383",-1,"taskwork"
"03_04_2021_vero #2_task_round 2_otter.ai_made_perfect.csv","1_2_6",2,"RSndSnd",2.58292162520561,0.16083496317515,16.0594535803313,4.90856290643835e-58,TRUE,TRUE,2739.82320988384,2768.84417879336,"200","383",-1,"taskwork"
"03_04_2021_vero #2_task_round 2_otter.ai_made_perfect.csv","1_2_6",2,"CovSnd.1",-6.51830481233099,0.18641404593558,-34.9668115383513,7.19109467158783e-268,TRUE,TRUE,2739.82320988384,2768.84417879336,"200","383",-1,"taskwork"
"03_04_2021_vero #2_task_round 2_otter.ai_made_perfect.csv","1_2_6",2,"PSAB-BA",1.90342324344362,0.258651186270872,7.35903542870382,1.85243865805126e-13,TRUE,TRUE,2739.82320988384,2768.84417879336,"200","383",-1,"taskwork"
"03_04_2021_vero #2_task_round 2_otter.ai_made_perfect.csv","1_2_6",2,"PSAB-BY",1.20466165204318,0.196680605378127,6.12496412509593,9.07040410361783e-10,TRUE,TRUE,2739.82320988384,2768.84417879336,"200","383",-1,"taskwork"
"03_04_2021_vero #2_task_round 2_otter.ai_made_perfect.csv","1_2_6",2,"PSAB-XA",1.23977657677806,0.1819703505152,6.81306912509632,9.55382050094281e-12,TRUE,TRUE,2739.82320988384,2768.84417879336,"200","383",-1,"taskwork"
"03_04_2021_vero #2_task_round 2_otter.ai_made_perfect.csv","1_2_6",2,"PSAB-XB",0.0978529633944015,0.251424423181525,0.38919434379592,0.69713238727201,FALSE,FALSE,2739.82320988384,2768.84417879336,"200","383",-1,"taskwork"
"03_04_2021_vero #2_task_round 2_otter.ai_made_perfect.csv","1_2_6",2,"PSAB-AY",1.06451646773542,0.220494179672125,4.82786651928119,1.3800353939449e-06,TRUE,TRUE,2739.82320988384,2768.84417879336,"200","383",-1,"taskwork"
