"Team_ID","Round_Number","Covariate","Estimate","SE","Z_value","p_value","AIC","BIC"
"428","1","RRecSnd","0.498036776856461","0.342270675654107","1.45509625066381","0.14564261701852","1108.26647689743","1122.36788472546"
"428","1","RSndSnd","2.17097913006226","0.285784835812882","7.59655117419775","3.04127065120787e-14","1108.26647689743","1122.36788472546"
"428","1","CovSnd.1","-6.63045304786925","0.368704660288087","-17.9831007362059","2.64290358151522e-72","1108.26647689743","1122.36788472546"
"428","1","PSAB-BA","1.48694631270285","0.225795481371389","6.5853678898787","4.53760411942794e-11","1108.26647689743","1122.36788472546"
"428","1","PSAB-BY","1.81592615353644","0.353145057109286","5.14215367588872","2.71606804093896e-07","1108.26647689743","1122.36788472546"
