"Team_ID","Round_Number","Covariate","Estimate","SE","Z_value","p_value","Significant_at_0.001","AIC","BIC","participant1","participant2","Vero_type"
"4_5_5",1,"RRecSnd",-0.161324976881058,0.452599112457601,-0.356441213516899,0.721510169488661,FALSE,1561.9050626427,1585.33481535772,"188","987","unleashed"
"4_5_5",1,"RSndSnd",2.18389699097221,0.26032218976438,8.38920797704135,4.89428200037119e-17,TRUE,1561.9050626427,1585.33481535772,"188","987","unleashed"
"4_5_5",1,"CovSnd.1",-7.4480539868015,0.484106700072773,-15.3851495665767,2.05900172040918e-53,TRUE,1561.9050626427,1585.33481535772,"188","987","unleashed"
"4_5_5",1,"PSAB-BA",3.44787514519009,0.400072214606061,8.61813197546126,6.80552163286633e-18,TRUE,1561.9050626427,1585.33481535772,"188","987","unleashed"
"4_5_5",1,"PSAB-BY",2.4775733475026,0.481909824753896,5.14115550304013,2.73053938717888e-07,TRUE,1561.9050626427,1585.33481535772,"188","987","unleashed"
"4_5_5",1,"PSAB-XA",3.06094893465811,0.424603017658829,7.20896651073167,5.63781238068577e-13,TRUE,1561.9050626427,1585.33481535772,"188","987","unleashed"
"4_5_5",1,"PSAB-XB",1.70208280774402,0.561869955271895,3.029318068663,0.00245106480545448,FALSE,1561.9050626427,1585.33481535772,"188","987","unleashed"
