"file_name","Team_ID","Round_Number","Covariate","Estimate","SE","Z_value","p_value","Significant_at_0.001","Significant_at_0.05","AIC","BIC","participant1","participant2","participant3","Vero_type"
"05_20_2021_vero #4_round 1_otter.ai_made_perfect.csv","4_5_4",1,"RRecSnd",0.0666775516052824,0.553235636852743,0.120522878794647,0.904068957084687,FALSE,FALSE,1281.53803420134,1307.30088080196,"106","540",-1,"unleashed"
"05_20_2021_vero #4_round 1_otter.ai_made_perfect.csv","4_5_4",1,"RSndSnd",2.47700522582129,0.2707003955976,9.15035687462902,5.67457735172993e-20,TRUE,TRUE,1281.53803420134,1307.30088080196,"106","540",-1,"unleashed"
"05_20_2021_vero #4_round 1_otter.ai_made_perfect.csv","4_5_4",1,"CovSnd.1",-8.08699901753248,0.693418076013081,-11.6625154395022,1.98101979098293e-31,TRUE,TRUE,1281.53803420134,1307.30088080196,"106","540",-1,"unleashed"
"05_20_2021_vero #4_round 1_otter.ai_made_perfect.csv","4_5_4",1,"PSAB-BA",3.85823425386433,0.522894716337955,7.37860631081745,1.59955041609983e-13,TRUE,TRUE,1281.53803420134,1307.30088080196,"106","540",-1,"unleashed"
"05_20_2021_vero #4_round 1_otter.ai_made_perfect.csv","4_5_4",1,"PSAB-BY",2.90686534652443,0.679345836879649,4.27891831924099,1.8780376058148e-05,TRUE,TRUE,1281.53803420134,1307.30088080196,"106","540",-1,"unleashed"
"05_20_2021_vero #4_round 1_otter.ai_made_perfect.csv","4_5_4",1,"PSAB-XA",3.19423523111777,0.545465160666863,5.85598395910865,4.74193990104831e-09,TRUE,TRUE,1281.53803420134,1307.30088080196,"106","540",-1,"unleashed"
"05_20_2021_vero #4_round 1_otter.ai_made_perfect.csv","4_5_4",1,"PSAB-XB",1.98112248630818,0.764277278295783,2.59215149078586,0.00953777623263712,FALSE,TRUE,1281.53803420134,1307.30088080196,"106","540",-1,"unleashed"
"05_20_2021_vero #4_round 1_otter.ai_made_perfect.csv","4_5_4",1,"PSAB-AY",-0.0289776873731056,1.15940531710811,-0.0249935781262279,0.980060085922896,FALSE,FALSE,1281.53803420134,1307.30088080196,"106","540",-1,"unleashed"
