"file_name","Team_ID","Round_Number","Covariate","Estimate","SE","Z_value","p_value","Significant_at_0.001","Significant_at_0.05","AIC","BIC","participant1","participant2","participant3","Vero_type"
"03_10_2021_vero#3_task_round 2_otter.ai_made_perfect.csv","1_3_11",2,"RRecSnd",0.163232895625035,0.218560108222794,0.74685585101669,0.455150577996149,FALSE,FALSE,2186.01773766666,2212.03592509103,"325","395","825","taskwork"
"03_10_2021_vero#3_task_round 2_otter.ai_made_perfect.csv","1_3_11",2,"RSndSnd",2.46045918151428,0.174681591247655,14.0853948257545,4.67041215917988e-45,TRUE,TRUE,2186.01773766666,2212.03592509103,"325","395","825","taskwork"
"03_10_2021_vero#3_task_round 2_otter.ai_made_perfect.csv","1_3_11",2,"CovSnd.1",-6.94110903986058,0.191251222481431,-36.2931486126031,2.07510257573995e-288,TRUE,TRUE,2186.01773766666,2212.03592509103,"325","395","825","taskwork"
"03_10_2021_vero#3_task_round 2_otter.ai_made_perfect.csv","1_3_11",2,"PSAB-BA",1.52872770107706,0.312664982398314,4.88934734344369,1.01170843940276e-06,TRUE,TRUE,2186.01773766666,2212.03592509103,"325","395","825","taskwork"
"03_10_2021_vero#3_task_round 2_otter.ai_made_perfect.csv","1_3_11",2,"PSAB-BY",1.04602748723244,0.238416241119124,4.38740029757367,1.1471354975376e-05,TRUE,TRUE,2186.01773766666,2212.03592509103,"325","395","825","taskwork"
"03_10_2021_vero#3_task_round 2_otter.ai_made_perfect.csv","1_3_11",2,"PSAB-XA",0.958668820232022,0.212973459530459,4.50135346604028,6.752210854581e-06,TRUE,TRUE,2186.01773766666,2212.03592509103,"325","395","825","taskwork"
"03_10_2021_vero#3_task_round 2_otter.ai_made_perfect.csv","1_3_11",2,"PSAB-XB",0.60799952354836,0.226247079162283,2.68732540459562,0.00720267462119785,FALSE,TRUE,2186.01773766666,2212.03592509103,"325","395","825","taskwork"
"03_10_2021_vero#3_task_round 2_otter.ai_made_perfect.csv","1_3_11",2,"PSAB-AY",0.48280820943566,0.295965046470325,1.63130144993006,0.102826727601244,FALSE,FALSE,2186.01773766666,2212.03592509103,"325","395","825","taskwork"
