"file_name","Team_ID","Round_Number","Covariate","Estimate","SE","Z_value","p_value","Significant_at_0.001","Significant_at_0.05","AIC","BIC","participant1","participant2","participant3","Vero_type"
"03_06_2021PM_vero #10_task+team_round 2_otter.ai_made_perfect.csv",3108,2,"RRecSnd",-0.132439752576529,0.193472839954378,-0.684539249063375,0.493634713937454,FALSE,FALSE,2673.74581524756,2702.41378571781,"230","541",-1,"combined"
"03_06_2021PM_vero #10_task+team_round 2_otter.ai_made_perfect.csv",3108,2,"RSndSnd",2.47698783815136,0.161037928443742,15.3813940733638,2.18198528577583e-53,TRUE,TRUE,2673.74581524756,2702.41378571781,"230","541",-1,"combined"
"03_06_2021PM_vero #10_task+team_round 2_otter.ai_made_perfect.csv",3108,2,"CovSnd.1",-6.63954971259871,0.194507815613596,-34.1351307229148,2.22253661339748e-255,TRUE,TRUE,2673.74581524756,2702.41378571781,"230","541",-1,"combined"
"03_06_2021PM_vero #10_task+team_round 2_otter.ai_made_perfect.csv",3108,2,"PSAB-BA",2.18492705850467,0.250377446896757,8.7265330227831,2.62598696578208e-18,TRUE,TRUE,2673.74581524756,2702.41378571781,"230","541",-1,"combined"
"03_06_2021PM_vero #10_task+team_round 2_otter.ai_made_perfect.csv",3108,2,"PSAB-BY",1.32863886718557,0.20801598593491,6.38719597060829,1.68955065092188e-10,TRUE,TRUE,2673.74581524756,2702.41378571781,"230","541",-1,"combined"
"03_06_2021PM_vero #10_task+team_round 2_otter.ai_made_perfect.csv",3108,2,"PSAB-XA",1.1489779275711,0.1976172107631,5.8141592178855,6.09393921947225e-09,TRUE,TRUE,2673.74581524756,2702.41378571781,"230","541",-1,"combined"
"03_06_2021PM_vero #10_task+team_round 2_otter.ai_made_perfect.csv",3108,2,"PSAB-XB",0.448204198111814,0.233086537433793,1.92290898928096,0.0544914806292125,FALSE,FALSE,2673.74581524756,2702.41378571781,"230","541",-1,"combined"
"03_06_2021PM_vero #10_task+team_round 2_otter.ai_made_perfect.csv",3108,2,"PSAB-AY",0.751228374217345,0.250969364921261,2.99330706938289,0.00275971930594606,FALSE,TRUE,2673.74581524756,2702.41378571781,"230","541",-1,"combined"
