"file_name","Team_ID","Round_Number","Covariate","Estimate","SE","Z_value","p_value","Significant_at_0.001","Significant_at_0.05","AIC","BIC","participant1","participant2","participant3","Vero_type"
"02_25_2021_Vero #6_team_round 1_otter.ai_made_perfect.csv","2_6_1",1,"RRecSnd",-1.08290065659939,0.253708957784073,-4.26827915757324,1.96986715507433e-05,TRUE,TRUE,1761.4059883814,1786.58594419591,"379","461","470","teamwork"
"02_25_2021_Vero #6_team_round 1_otter.ai_made_perfect.csv","2_6_1",1,"RSndSnd",1.37114732008097,0.212442625681344,6.45420059031672,1.08791634045082e-10,TRUE,TRUE,1761.4059883814,1786.58594419591,"379","461","470","teamwork"
"02_25_2021_Vero #6_team_round 1_otter.ai_made_perfect.csv","2_6_1",1,"CovSnd.1",-5.39490772095503,0.264916288096602,-20.3645753898974,3.44828836971527e-92,TRUE,TRUE,1761.4059883814,1786.58594419591,"379","461","470","teamwork"
"02_25_2021_Vero #6_team_round 1_otter.ai_made_perfect.csv","2_6_1",1,"PSAB-BA",1.8980820307323,0.342147252200656,5.54755889028489,2.89685603436805e-08,TRUE,TRUE,1761.4059883814,1786.58594419591,"379","461","470","teamwork"
"02_25_2021_Vero #6_team_round 1_otter.ai_made_perfect.csv","2_6_1",1,"PSAB-BY",0.518375483217544,0.282934365666236,1.83214040470802,0.0669305049734725,FALSE,FALSE,1761.4059883814,1786.58594419591,"379","461","470","teamwork"
"02_25_2021_Vero #6_team_round 1_otter.ai_made_perfect.csv","2_6_1",1,"PSAB-XA",1.65152081312438,0.253645641249503,6.5111342146023,7.4585463335125e-11,TRUE,TRUE,1761.4059883814,1786.58594419591,"379","461","470","teamwork"
"02_25_2021_Vero #6_team_round 1_otter.ai_made_perfect.csv","2_6_1",1,"PSAB-XB",0.532525534332785,0.264340027982585,2.01454746901922,0.0439520863497178,FALSE,TRUE,1761.4059883814,1786.58594419591,"379","461","470","teamwork"
"02_25_2021_Vero #6_team_round 1_otter.ai_made_perfect.csv","2_6_1",1,"PSAB-AY",0.260111170843089,0.329530591403978,0.789338463949205,0.42991421132471,FALSE,FALSE,1761.4059883814,1786.58594419591,"379","461","470","teamwork"
