"Team_ID","Round_Number","Covariate","Estimate","SE","Z_value","p_value","AIC","BIC"
"1_2_7","2","RRecSnd","-0.413752020775937","0.271893956883411","-1.52174040761544","0.128074138540292","1854.45177270853","1869.8276417847"
"1_2_7","2","RSndSnd","1.88714992293887","0.191565794723584","9.85118416187971","6.77410924264406e-23","1854.45177270853","1869.8276417847"
"1_2_7","2","CovSnd.1","-5.98619170496292","0.160088707312406","-37.3929667211388","5.08385816503933e-306","1854.45177270853","1869.8276417847"
"1_2_7","2","PSAB-BA","1.21468450196295","0.354733156993688","3.42422036963564","0.000616566011035218","1854.45177270853","1869.8276417847"
"1_2_7","2","PSAB-BY","0.546726005593116","0.194904358813343","2.80509891580571","0.00503011405349735","1854.45177270853","1869.8276417847"
