"file_name","Team_ID","Round_Number","Covariate","Estimate","SE","Z_value","p_value","Significant_at_0.001","Significant_at_0.05","AIC","BIC","participant1","participant2","participant3","Vero_type"
"02_27_2021_vero #6_team_round 2_otter.ai_made_perfect.csv",264,2,"RRecSnd",-0.823575012955108,0.244086855379804,-3.37410636747976,0.000740557461334209,TRUE,TRUE,2301.27092440934,2328.00959842505,"548","623","872","teamwork"
"02_27_2021_vero #6_team_round 2_otter.ai_made_perfect.csv",264,2,"RSndSnd",2.22171127957688,0.173167919605936,12.8298086887724,1.11639501450988e-37,TRUE,TRUE,2301.27092440934,2328.00959842505,"548","623","872","teamwork"
"02_27_2021_vero #6_team_round 2_otter.ai_made_perfect.csv",264,2,"CovSnd.1",-6.08834724003465,0.169986426332501,-35.8166670797913,6.07758898891658e-281,TRUE,TRUE,2301.27092440934,2328.00959842505,"548","623","872","teamwork"
"02_27_2021_vero #6_team_round 2_otter.ai_made_perfect.csv",264,2,"PSAB-BA",2.11031471382108,0.36244368633437,5.82246233936111,5.7986869264667e-09,TRUE,TRUE,2301.27092440934,2328.00959842505,"548","623","872","teamwork"
"02_27_2021_vero #6_team_round 2_otter.ai_made_perfect.csv",264,2,"PSAB-BY",0.631515704341536,0.228709672805165,2.76121117483088,0.00575874272921232,FALSE,TRUE,2301.27092440934,2328.00959842505,"548","623","872","teamwork"
"02_27_2021_vero #6_team_round 2_otter.ai_made_perfect.csv",264,2,"PSAB-XA",1.11135501764461,0.186369266986219,5.96318822097845,2.47363202410656e-09,TRUE,TRUE,2301.27092440934,2328.00959842505,"548","623","872","teamwork"
"02_27_2021_vero #6_team_round 2_otter.ai_made_perfect.csv",264,2,"PSAB-XB",-0.0285880488159565,0.240029783605686,-0.119102089692836,0.905194475194312,FALSE,FALSE,2301.27092440934,2328.00959842505,"548","623","872","teamwork"
"02_27_2021_vero #6_team_round 2_otter.ai_made_perfect.csv",264,2,"PSAB-AY",0.384290413544759,0.260927722365663,1.47278491553388,0.140809041019992,FALSE,FALSE,2301.27092440934,2328.00959842505,"548","623","872","teamwork"
