"Team_ID","Round_Number","Covariate","Estimate","SE","Z_value","p_value","AIC","BIC"
"428","2","RRecSnd","-0.096334536738425","0.229251208390295","-0.42021386676583","0.67432922562137","1972.31663713626","1988.3913159243"
"428","2","RSndSnd","2.29418443355417","0.181578209579483","12.6346902465184","1.35928371683167e-36","1972.31663713626","1988.3913159243"
"428","2","CovSnd.1","-6.17347925746462","0.165434313562196","-37.3168003936721","8.76446726131165e-305","1972.31663713626","1988.3913159243"
"428","2","PSAB-BA","1.6969758616145","0.266889934564669","6.3583359349332","2.03951059272625e-10","1972.31663713626","1988.3913159243"
"428","2","PSAB-BY","0.820788524584683","0.20441982334553","4.01521002783231","5.9392880694597e-05","1972.31663713626","1988.3913159243"
