"file_name","Team_ID","Round_Number","Covariate","Estimate","SE","Z_value","p_value","Significant_at_0.001","Significant_at_0.05","AIC","BIC","participant1","participant2","participant3","Vero_type"
"03_04_2021_vero #1_task_round 2_otter.ai_made_perfect.csv",116,2,"RRecSnd",-0.422668092829952,0.207934753486955,-2.03269576509955,0.0420832694204463,FALSE,TRUE,2634.94351507473,2662.4828567589,"342","399","429","taskwork"
"03_04_2021_vero #1_task_round 2_otter.ai_made_perfect.csv",116,2,"RSndSnd",2.09038498630144,0.167060973006129,12.5127068799291,6.36187081419631e-36,TRUE,TRUE,2634.94351507473,2662.4828567589,"342","399","429","taskwork"
"03_04_2021_vero #1_task_round 2_otter.ai_made_perfect.csv",116,2,"CovSnd.1",-6.5558950911896,0.171406454371387,-38.2476559312341,0,TRUE,TRUE,2634.94351507473,2662.4828567589,"342","399","429","taskwork"
"03_04_2021_vero #1_task_round 2_otter.ai_made_perfect.csv",116,2,"PSAB-BA",2.29191052750312,0.277322133116712,8.26443422219952,1.40358830415356e-16,TRUE,TRUE,2634.94351507473,2662.4828567589,"342","399","429","taskwork"
"03_04_2021_vero #1_task_round 2_otter.ai_made_perfect.csv",116,2,"PSAB-BY",0.612875605853142,0.249210150129216,2.45927224687824,0.0139218999902876,FALSE,TRUE,2634.94351507473,2662.4828567589,"342","399","429","taskwork"
"03_04_2021_vero #1_task_round 2_otter.ai_made_perfect.csv",116,2,"PSAB-XA",1.26485874621713,0.201516428303913,6.27670288156138,3.4582804001557e-10,TRUE,TRUE,2634.94351507473,2662.4828567589,"342","399","429","taskwork"
"03_04_2021_vero #1_task_round 2_otter.ai_made_perfect.csv",116,2,"PSAB-XB",0.443604981160955,0.218814232375389,2.02731319779932,0.0426303926448325,FALSE,TRUE,2634.94351507473,2662.4828567589,"342","399","429","taskwork"
"03_04_2021_vero #1_task_round 2_otter.ai_made_perfect.csv",116,2,"PSAB-AY",0.964105644388686,0.224772962076855,4.28924206666385,1.79283888323453e-05,TRUE,TRUE,2634.94351507473,2662.4828567589,"342","399","429","taskwork"
