"file_name","Team_ID","Round_Number","Covariate","Estimate","SE","Z_value","p_value","Significant_at_0.001","Significant_at_0.05","AIC","BIC","participant1","participant2","participant3","Vero_type"
"03_06_2021AM_Vero #6_task_round 2_otter.ai_made_perfect.csv","1_6_7",2,"RRecSnd",-0.0729045806258221,0.24905904394223,-0.292720069393395,0.769736128339304,FALSE,FALSE,1786.36238687975,1811.30633737908,"249","990",-1,"taskwork"
"03_06_2021AM_Vero #6_task_round 2_otter.ai_made_perfect.csv","1_6_7",2,"RSndSnd",2.79656634219932,0.210067464727828,13.3127057339539,1.95279466400319e-40,TRUE,TRUE,1786.36238687975,1811.30633737908,"249","990",-1,"taskwork"
"03_06_2021AM_Vero #6_task_round 2_otter.ai_made_perfect.csv","1_6_7",2,"CovSnd.1",-7.43865219217625,0.258345853022214,-28.7933872564876,2.5954824091316e-182,TRUE,TRUE,1786.36238687975,1811.30633737908,"249","990",-1,"taskwork"
"03_06_2021AM_Vero #6_task_round 2_otter.ai_made_perfect.csv","1_6_7",2,"PSAB-BA",2.35466884410769,0.326675251852176,7.2079804967081,5.67877611277359e-13,TRUE,TRUE,1786.36238687975,1811.30633737908,"249","990",-1,"taskwork"
"03_06_2021AM_Vero #6_task_round 2_otter.ai_made_perfect.csv","1_6_7",2,"PSAB-BY",1.68375639583252,0.261570870534457,6.43709443789428,1.21782169391786e-10,TRUE,TRUE,1786.36238687975,1811.30633737908,"249","990",-1,"taskwork"
"03_06_2021AM_Vero #6_task_round 2_otter.ai_made_perfect.csv","1_6_7",2,"PSAB-XA",1.05113781698832,0.25556578631773,4.1129833227422,3.90578611836197e-05,TRUE,TRUE,1786.36238687975,1811.30633737908,"249","990",-1,"taskwork"
"03_06_2021AM_Vero #6_task_round 2_otter.ai_made_perfect.csv","1_6_7",2,"PSAB-XB",0.540923253823627,0.32198760454535,1.67995055147361,0.0929669370567949,FALSE,FALSE,1786.36238687975,1811.30633737908,"249","990",-1,"taskwork"
"03_06_2021AM_Vero #6_task_round 2_otter.ai_made_perfect.csv","1_6_7",2,"PSAB-AY",1.0303126841933,0.3208844611614,3.21085253073401,0.0013234183064069,FALSE,TRUE,1786.36238687975,1811.30633737908,"249","990",-1,"taskwork"
