"Team_ID","Round_Number","Covariate","Estimate","SE","Z_value","p_value","Significant_at_0.001","AIC","BIC","participant1","participant2","participant3","Vero_type"
241,1,"RRecSnd",-1.06103684489186,0.262677943977976,-4.03930695064685,5.36093706389485e-05,TRUE,1928.71221595027,1950.94526407829,"227","532","963","teamwork"
241,1,"RSndSnd",1.1184297781999,0.205709302595876,5.4369431235548,5.42024306701077e-08,TRUE,1928.71221595027,1950.94526407829,"227","532","963","teamwork"
241,1,"CovSnd.1",-5.12217106924112,0.218061273779636,-23.4895952887874,5.21054662328719e-122,TRUE,1928.71221595027,1950.94526407829,"227","532","963","teamwork"
241,1,"PSAB-BA",1.70136374167129,0.303509092969798,5.60564339283431,2.07482763524168e-08,TRUE,1928.71221595027,1950.94526407829,"227","532","963","teamwork"
241,1,"PSAB-BY",0.345846380932947,0.239945835796038,1.44135187754176,0.149485298124327,FALSE,1928.71221595027,1950.94526407829,"227","532","963","teamwork"
241,1,"PSAB-XA",0.924954868244017,0.233198032946047,3.96639223992947,7.2968743178942e-05,TRUE,1928.71221595027,1950.94526407829,"227","532","963","teamwork"
241,1,"PSAB-XB",0.169107497237122,0.225091556352868,0.751283166624067,0.452482257712831,FALSE,1928.71221595027,1950.94526407829,"227","532","963","teamwork"
