"Team_ID","Round_Number","Covariate","Estimate","SE","Z_value","p_value","Significant_at_0.001","AIC","BIC","participant1","participant2","participant3","Vero_type"
"4_1_2",3,"RRecSnd",-0.47841303898834,0.22992171790024,-2.08076489405806,0.0374554309274105,FALSE,2304.55058137934,2327.60371515241,"498","664","928","unleashed"
"4_1_2",3,"RSndSnd",1.85464075537462,0.171498166203856,10.8143474442173,2.94380208902247e-27,TRUE,2304.55058137934,2327.60371515241,"498","664","928","unleashed"
"4_1_2",3,"CovSnd.1",-6.48765017226394,0.165131597981754,-39.2877574707464,0,TRUE,2304.55058137934,2327.60371515241,"498","664","928","unleashed"
"4_1_2",3,"PSAB-BA",2.2586604636097,0.325379917271502,6.94160992648185,3.87656401415524e-12,TRUE,2304.55058137934,2327.60371515241,"498","664","928","unleashed"
"4_1_2",3,"PSAB-BY",1.02303096199564,0.219863120003853,4.6530357705181,3.27083480104278e-06,TRUE,2304.55058137934,2327.60371515241,"498","664","928","unleashed"
"4_1_2",3,"PSAB-XA",1.46345924984093,0.196521871867651,7.44680088751904,9.56307814707523e-14,TRUE,2304.55058137934,2327.60371515241,"498","664","928","unleashed"
"4_1_2",3,"PSAB-XB",0.762559545895746,0.213207163605824,3.57661315407563,0.000348074685195478,TRUE,2304.55058137934,2327.60371515241,"498","664","928","unleashed"
