"file_name","Team_ID","Round_Number","Covariate","Estimate","SE","Z_value","p_value","Significant_at_0.001","Significant_at_0.05","AIC","BIC","participant1","participant2","participant3","Vero_type"
"03_11_2021_vero #2_team_round 2_otter.ai_made_perfect.csv","2_2_12",2,"RRecSnd",-0.213468053220569,0.213011898802356,-1.00214145041088,0.316275280878916,FALSE,FALSE,2137.22741534922,2162.94690141009,"226","685","840","teamwork"
"03_11_2021_vero #2_team_round 2_otter.ai_made_perfect.csv","2_2_12",2,"RSndSnd",2.45894904351378,0.19411533745566,12.6674639713899,8.95633291884433e-37,TRUE,TRUE,2137.22741534922,2162.94690141009,"226","685","840","teamwork"
"03_11_2021_vero #2_team_round 2_otter.ai_made_perfect.csv","2_2_12",2,"CovSnd.1",-7.40988065663623,0.225047107471743,-32.925909334634,9.36077292566509e-238,TRUE,TRUE,2137.22741534922,2162.94690141009,"226","685","840","teamwork"
"03_11_2021_vero #2_team_round 2_otter.ai_made_perfect.csv","2_2_12",2,"PSAB-BA",1.67783719665061,0.414277027308927,4.05003677744228,5.12095841390971e-05,TRUE,TRUE,2137.22741534922,2162.94690141009,"226","685","840","teamwork"
"03_11_2021_vero #2_team_round 2_otter.ai_made_perfect.csv","2_2_12",2,"PSAB-BY",1.38343042547558,0.260797374463439,5.30461791772956,1.12909238079448e-07,TRUE,TRUE,2137.22741534922,2162.94690141009,"226","685","840","teamwork"
"03_11_2021_vero #2_team_round 2_otter.ai_made_perfect.csv","2_2_12",2,"PSAB-XA",1.95071536145378,0.231539108174363,8.42499298211329,3.6077187170182e-17,TRUE,TRUE,2137.22741534922,2162.94690141009,"226","685","840","teamwork"
"03_11_2021_vero #2_team_round 2_otter.ai_made_perfect.csv","2_2_12",2,"PSAB-XB",0.985629401593973,0.244273321354682,4.03494493843169,5.46151035866775e-05,TRUE,TRUE,2137.22741534922,2162.94690141009,"226","685","840","teamwork"
"03_11_2021_vero #2_team_round 2_otter.ai_made_perfect.csv","2_2_12",2,"PSAB-AY",1.43725037099923,0.27370972735499,5.2510021652799,1.51273901441943e-07,TRUE,TRUE,2137.22741534922,2162.94690141009,"226","685","840","teamwork"
