"file_name","Team_ID","Round_Number","Covariate","Estimate","SE","Z_value","p_value","Significant_at_0.001","Significant_at_0.05","AIC","BIC","participant1","participant2","participant3","Vero_type"
"02_25_2021_vero #2_task_round 1_otter.ai_made_perfect.csv",121,1,"RRecSnd",-0.935701500986154,0.252468964948807,-3.70620405235109,0.00021038881652679,TRUE,TRUE,2228.87483788876,2255.83994211379,"177","346","823","taskwork"
"02_25_2021_vero #2_task_round 1_otter.ai_made_perfect.csv",121,1,"RSndSnd",1.73494673760269,0.19828313365821,8.7498452621457,2.13645496250337e-18,TRUE,TRUE,2228.87483788876,2255.83994211379,"177","346","823","taskwork"
"02_25_2021_vero #2_task_round 1_otter.ai_made_perfect.csv",121,1,"CovSnd.1",-6.26522480319046,0.278181492163676,-22.5220763410965,2.52267511444843e-112,TRUE,TRUE,2228.87483788876,2255.83994211379,"177","346","823","taskwork"
"02_25_2021_vero #2_task_round 1_otter.ai_made_perfect.csv",121,1,"PSAB-BA",2.71718293981309,0.31129059681531,8.72876652109479,2.57465109306062e-18,TRUE,TRUE,2228.87483788876,2255.83994211379,"177","346","823","taskwork"
"02_25_2021_vero #2_task_round 1_otter.ai_made_perfect.csv",121,1,"PSAB-BY",1.41244095525702,0.271386245254813,5.20454142372189,1.94476242021551e-07,TRUE,TRUE,2228.87483788876,2255.83994211379,"177","346","823","taskwork"
"02_25_2021_vero #2_task_round 1_otter.ai_made_perfect.csv",121,1,"PSAB-XA",1.69088048427422,0.278083070457019,6.08048696202657,1.19818095395493e-09,TRUE,TRUE,2228.87483788876,2255.83994211379,"177","346","823","taskwork"
"02_25_2021_vero #2_task_round 1_otter.ai_made_perfect.csv",121,1,"PSAB-XB",0.935873173795316,0.264994895191433,3.53166491422123,0.000412952276405992,TRUE,TRUE,2228.87483788876,2255.83994211379,"177","346","823","taskwork"
"02_25_2021_vero #2_task_round 1_otter.ai_made_perfect.csv",121,1,"PSAB-AY",1.15095896589169,0.29580385613216,3.89095321792378,9.98511849401427e-05,TRUE,TRUE,2228.87483788876,2255.83994211379,"177","346","823","taskwork"
