"Team_ID","Round_Number","Covariate","Estimate","SE","Z_value","p_value","Significant_at_0.001","AIC","BIC","participant1","participant2","Vero_type"
"1_2_6",3,"RRecSnd",0.048678929242629,0.189764090317766,0.256523397873193,0.797546715831501,FALSE,2500.01887870174,2524.64104897699,"200","383","taskwork"
"1_2_6",3,"RSndSnd",2.42346483093557,0.158459777097506,15.2938800957944,8.39932300581477e-53,TRUE,2500.01887870174,2524.64104897699,"200","383","taskwork"
"1_2_6",3,"CovSnd.1",-6.19319302511149,0.158580847460759,-39.0538524940347,0,TRUE,2500.01887870174,2524.64104897699,"200","383","taskwork"
"1_2_6",3,"PSAB-BA",1.58625373845394,0.237437818291968,6.68071223811273,2.3778373532007e-11,TRUE,2500.01887870174,2524.64104897699,"200","383","taskwork"
"1_2_6",3,"PSAB-BY",0.839917724250744,0.183772779068985,4.57041422840678,4.86761116680675e-06,TRUE,2500.01887870174,2524.64104897699,"200","383","taskwork"
"1_2_6",3,"PSAB-XA",0.655208700265626,0.176461043508457,3.71305012845074,0.000204776307124155,TRUE,2500.01887870174,2524.64104897699,"200","383","taskwork"
"1_2_6",3,"PSAB-XB",-0.470687701032291,0.272628698759106,-1.72647891867096,0.0842612887395269,FALSE,2500.01887870174,2524.64104897699,"200","383","taskwork"
