"file_name","Team_ID","Round_Number","Covariate","Estimate","SE","Z_value","p_value","Significant_at_0.001","Significant_at_0.05","AIC","BIC","participant1","participant2","participant3","Vero_type"
"03_11_2021_vero #7_task+team_round 1_otter.ai_made_perfect.csv","3_7_12",1,"RRecSnd",-0.322266763141652,0.711648132169783,-0.452845653032313,0.65065988724823,FALSE,FALSE,1186.51728659506,1210.33115653442,"139","149",-1,"combined"
"03_11_2021_vero #7_task+team_round 1_otter.ai_made_perfect.csv","3_7_12",1,"RSndSnd",2.32892321743143,0.315051637354378,7.39219525087503,1.44424234831821e-13,TRUE,TRUE,1186.51728659506,1210.33115653442,"139","149",-1,"combined"
"03_11_2021_vero #7_task+team_round 1_otter.ai_made_perfect.csv","3_7_12",1,"CovSnd.1",-8.74914763982158,0.912585233227385,-9.58721149681543,9.04977571867456e-22,TRUE,TRUE,1186.51728659506,1210.33115653442,"139","149",-1,"combined"
"03_11_2021_vero #7_task+team_round 1_otter.ai_made_perfect.csv","3_7_12",1,"PSAB-BA",4.4295131385017,0.734224779173381,6.03291153356145,1.61031582804165e-09,TRUE,TRUE,1186.51728659506,1210.33115653442,"139","149",-1,"combined"
"03_11_2021_vero #7_task+team_round 1_otter.ai_made_perfect.csv","3_7_12",1,"PSAB-BY",2.67096402013286,0.913787360519659,2.92296012785067,0.00346720912460022,FALSE,TRUE,1186.51728659506,1210.33115653442,"139","149",-1,"combined"
"03_11_2021_vero #7_task+team_round 1_otter.ai_made_perfect.csv","3_7_12",1,"PSAB-XA",3.54885328672448,0.761283848418389,4.66166896105496,3.1365541433343e-06,TRUE,TRUE,1186.51728659506,1210.33115653442,"139","149",-1,"combined"
"03_11_2021_vero #7_task+team_round 1_otter.ai_made_perfect.csv","3_7_12",1,"PSAB-XB",2.22542844405675,0.963740878791987,2.30915642682527,0.0209349025067413,FALSE,TRUE,1186.51728659506,1210.33115653442,"139","149",-1,"combined"
"03_11_2021_vero #7_task+team_round 1_otter.ai_made_perfect.csv","3_7_12",1,"PSAB-AY",0.272860965009618,1.30258441594987,0.209476607940716,0.834076194466665,FALSE,FALSE,1186.51728659506,1210.33115653442,"139","149",-1,"combined"
