"file_name","Team_ID","Round_Number","Covariate","Estimate","SE","Z_value","p_value","Significant_at_0.001","Significant_at_0.05","AIC","BIC","participant1","participant2","participant3","Vero_type"
"02_25_2021_vero #8_task+team_round 3_otter.ai_made_perfect.csv","3_8_1",3,"RRecSnd",-1.20058432930551,0.327068520887152,-3.67074252835155,0.000241846866709411,TRUE,TRUE,1865.32702558159,1890.22292788844,"466","710","988","combined"
"02_25_2021_vero #8_task+team_round 3_otter.ai_made_perfect.csv","3_8_1",3,"RSndSnd",2.57531679738566,0.207861461464769,12.3895828463717,2.97587340836257e-35,TRUE,TRUE,1865.32702558159,1890.22292788844,"466","710","988","combined"
"02_25_2021_vero #8_task+team_round 3_otter.ai_made_perfect.csv","3_8_1",3,"CovSnd.1",-6.57405273771249,0.203744159128854,-32.2662144810485,2.0840903373535e-228,TRUE,TRUE,1865.32702558159,1890.22292788844,"466","710","988","combined"
"02_25_2021_vero #8_task+team_round 3_otter.ai_made_perfect.csv","3_8_1",3,"PSAB-BA",2.57206345614409,0.46930010690696,5.48063684258655,4.23797580260612e-08,TRUE,TRUE,1865.32702558159,1890.22292788844,"466","710","988","combined"
"02_25_2021_vero #8_task+team_round 3_otter.ai_made_perfect.csv","3_8_1",3,"PSAB-BY",0.834577292262211,0.271355422378278,3.07558730519409,0.00210088412037023,FALSE,TRUE,1865.32702558159,1890.22292788844,"466","710","988","combined"
"02_25_2021_vero #8_task+team_round 3_otter.ai_made_perfect.csv","3_8_1",3,"PSAB-XA",1.0694276248257,0.219307192073815,4.87639103265592,1.08044327941632e-06,TRUE,TRUE,1865.32702558159,1890.22292788844,"466","710","988","combined"
"02_25_2021_vero #8_task+team_round 3_otter.ai_made_perfect.csv","3_8_1",3,"PSAB-XB",0.197992989598864,0.214148501285653,0.924559305389488,0.355195189308565,FALSE,FALSE,1865.32702558159,1890.22292788844,"466","710","988","combined"
"02_25_2021_vero #8_task+team_round 3_otter.ai_made_perfect.csv","3_8_1",3,"PSAB-AY",-0.147268986290811,0.386690379225897,-0.380844712468989,0.703318479232315,FALSE,FALSE,1865.32702558159,1890.22292788844,"466","710","988","combined"
