"Team_ID","Round_Number","Covariate","Estimate","SE","Z_value","p_value","Significant_at_0.001","AIC","BIC","participant1","participant2","Vero_type"
"3_13_8",3,"RRecSnd",-0.688320579931141,0.225289939095676,-3.05526550672477,0.00224861363635801,FALSE,2355.47539104376,2379.57231501741,"744","824","combined"
"3_13_8",3,"RSndSnd",2.38395683100152,0.162972548949433,14.627965546156,1.86274265633384e-48,TRUE,2355.47539104376,2379.57231501741,"744","824","combined"
"3_13_8",3,"CovSnd.1",-6.3468822239471,0.169658842684871,-37.4096753432179,2.72018478556657e-306,TRUE,2355.47539104376,2379.57231501741,"744","824","combined"
"3_13_8",3,"PSAB-BA",2.50707383897972,0.29164372465848,8.59635790866252,8.22858986463419e-18,TRUE,2355.47539104376,2379.57231501741,"744","824","combined"
"3_13_8",3,"PSAB-BY",0.836476017016807,0.204989657556589,4.08057668365972,4.49241051870482e-05,TRUE,2355.47539104376,2379.57231501741,"744","824","combined"
"3_13_8",3,"PSAB-XA",1.36577079890726,0.177506008343756,7.69422292603372,1.42356669017513e-14,TRUE,2355.47539104376,2379.57231501741,"744","824","combined"
"3_13_8",3,"PSAB-XB",0.456721600494316,0.221852081722469,2.05867619969266,0.0395252676809602,FALSE,2355.47539104376,2379.57231501741,"744","824","combined"
