"Team_ID","Round_Number","Covariate","Estimate","SE","Z_value","p_value","Significant_at_0.001","AIC","BIC","participant1","participant2","participant3","Vero_type"
264,2,"RRecSnd",-0.806625670565778,0.24370940023576,-3.30978480840485,0.000933677230802702,TRUE,2301.30361102289,2324.69995078664,"548","623","872","teamwork"
264,2,"RSndSnd",2.16737544722733,0.167013406170699,12.977254322998,1.64678827412143e-38,TRUE,2301.30361102289,2324.69995078664,"548","623","872","teamwork"
264,2,"CovSnd.1",-5.98567728084242,0.150954858909539,-39.6521007941148,0,TRUE,2301.30361102289,2324.69995078664,"548","623","872","teamwork"
264,2,"PSAB-BA",2.01245017230632,0.354983802797987,5.66913238419377,1.43522441443825e-08,TRUE,2301.30361102289,2324.69995078664,"548","623","872","teamwork"
264,2,"PSAB-BY",0.551302069803808,0.220504055106428,2.50019016447438,0.0124126657159103,FALSE,2301.30361102289,2324.69995078664,"548","623","872","teamwork"
264,2,"PSAB-XA",1.03614049383931,0.177151879936804,5.84888229359424,4.94887121957242e-09,TRUE,2301.30361102289,2324.69995078664,"548","623","872","teamwork"
264,2,"PSAB-XB",-0.0969601048178534,0.233898644961801,-0.414538976203511,0.678479428749838,FALSE,2301.30361102289,2324.69995078664,"548","623","872","teamwork"
