"file_name","Team_ID","Round_Number","Covariate","Estimate","SE","Z_value","p_value","Significant_at_0.001","Significant_at_0.05","AIC","BIC","participant1","participant2","participant3","Vero_type"
"02_27_2021_vero #5_task+team_round 1_otter.ai_made_perfect.csv","3_5_4",1,"RRecSnd",-1.4309958266562,0.294425715891632,-4.86029497227375,1.17210978009893e-06,TRUE,TRUE,1789.51380075491,1814.69375656941,"101","708","986","combined"
"02_27_2021_vero #5_task+team_round 1_otter.ai_made_perfect.csv","3_5_4",1,"RSndSnd",1.78702561460462,0.219853275060223,8.12826469887753,4.35479460667734e-16,TRUE,TRUE,1789.51380075491,1814.69375656941,"101","708","986","combined"
"02_27_2021_vero #5_task+team_round 1_otter.ai_made_perfect.csv","3_5_4",1,"CovSnd.1",-6.32385559213415,0.299862951827402,-21.0891527399293,1.00037142406812e-98,TRUE,TRUE,1789.51380075491,1814.69375656941,"101","708","986","combined"
"02_27_2021_vero #5_task+team_round 1_otter.ai_made_perfect.csv","3_5_4",1,"PSAB-BA",3.0835143087058,0.395432831852935,7.79782066718371,6.29854307496623e-15,TRUE,TRUE,1789.51380075491,1814.69375656941,"101","708","986","combined"
"02_27_2021_vero #5_task+team_round 1_otter.ai_made_perfect.csv","3_5_4",1,"PSAB-BY",1.2005637050833,0.31767144417163,3.77926227588359,0.000157293680184496,TRUE,TRUE,1789.51380075491,1814.69375656941,"101","708","986","combined"
"02_27_2021_vero #5_task+team_round 1_otter.ai_made_perfect.csv","3_5_4",1,"PSAB-XA",2.04115410239589,0.304522081164926,6.70281148279169,2.04447154992321e-11,TRUE,TRUE,1789.51380075491,1814.69375656941,"101","708","986","combined"
"02_27_2021_vero #5_task+team_round 1_otter.ai_made_perfect.csv","3_5_4",1,"PSAB-XB",1.17979224975724,0.264601995552979,4.45874282728538,8.24417638286079e-06,TRUE,TRUE,1789.51380075491,1814.69375656941,"101","708","986","combined"
"02_27_2021_vero #5_task+team_round 1_otter.ai_made_perfect.csv","3_5_4",1,"PSAB-AY",0.805964098664887,0.382972286236793,2.10449718590488,0.035335099830897,FALSE,TRUE,1789.51380075491,1814.69375656941,"101","708","986","combined"
