"file_name","Team_ID","Round_Number","Covariate","Estimate","SE","Z_value","p_value","Significant_at_0.001","Significant_at_0.05","AIC","BIC","participant1","participant2","participant3","Vero_type"
"03_04_2021_vero #1_task_round 3_otter.ai_made_perfect.csv",116,3,"RRecSnd",-0.140152760024199,0.201789232493949,-0.694550240823188,0.487337205023628,FALSE,FALSE,2458.19709479738,2485.08743212305,"342","399","429","taskwork"
"03_04_2021_vero #1_task_round 3_otter.ai_made_perfect.csv",116,3,"RSndSnd",2.12839580859194,0.174946264105959,12.1659974819631,4.71648457617985e-34,TRUE,TRUE,2458.19709479738,2485.08743212305,"342","399","429","taskwork"
"03_04_2021_vero #1_task_round 3_otter.ai_made_perfect.csv",116,3,"CovSnd.1",-6.6785790737514,0.181935333516717,-36.7085323376052,5.33819691217245e-295,TRUE,TRUE,2458.19709479738,2485.08743212305,"342","399","429","taskwork"
"03_04_2021_vero #1_task_round 3_otter.ai_made_perfect.csv",116,3,"PSAB-BA",1.93684256010249,0.280517442202576,6.90453522210499,5.03680596251775e-12,TRUE,TRUE,2458.19709479738,2485.08743212305,"342","399","429","taskwork"
"03_04_2021_vero #1_task_round 3_otter.ai_made_perfect.csv",116,3,"PSAB-BY",0.716933949437291,0.234421849096969,3.05830686089644,0.00222591513000612,FALSE,TRUE,2458.19709479738,2485.08743212305,"342","399","429","taskwork"
"03_04_2021_vero #1_task_round 3_otter.ai_made_perfect.csv",116,3,"PSAB-XA",1.19627771341796,0.202026904514668,5.92137822579522,3.19254661711997e-09,TRUE,TRUE,2458.19709479738,2485.08743212305,"342","399","429","taskwork"
"03_04_2021_vero #1_task_round 3_otter.ai_made_perfect.csv",116,3,"PSAB-XB",0.274322758486215,0.257294383913798,1.06618245728256,0.286341170679234,FALSE,FALSE,2458.19709479738,2485.08743212305,"342","399","429","taskwork"
"03_04_2021_vero #1_task_round 3_otter.ai_made_perfect.csv",116,3,"PSAB-AY",1.02663415841273,0.228196732044246,4.49889947684997,6.83061445481455e-06,TRUE,TRUE,2458.19709479738,2485.08743212305,"342","399","429","taskwork"
