"file_name","Team_ID","Round_Number","Covariate","Estimate","SE","Z_value","p_value","Significant_at_0.001","Significant_at_0.05","AIC","BIC","participant1","participant2","participant3","Vero_type"
"05_05_2021_vero #2_round 1_otter.ai_made_perfect.csv","4_1_2",1,"RRecSnd",-1.21793327947772,0.259300878398661,-4.69698863728959,2.64025133118181e-06,TRUE,TRUE,1982.66499041085,2008.93062024076,"498","664","928","unleashed"
"05_05_2021_vero #2_round 1_otter.ai_made_perfect.csv","4_1_2",1,"RSndSnd",1.30902111110669,0.196306336492478,6.66825704404526,2.58859128688907e-11,TRUE,TRUE,1982.66499041085,2008.93062024076,"498","664","928","unleashed"
"05_05_2021_vero #2_round 1_otter.ai_made_perfect.csv","4_1_2",1,"CovSnd.1",-5.31315351794245,0.250690092154983,-21.1941105141791,1.08224252609905e-99,TRUE,TRUE,1982.66499041085,2008.93062024076,"498","664","928","unleashed"
"05_05_2021_vero #2_round 1_otter.ai_made_perfect.csv","4_1_2",1,"PSAB-BA",2.58548765767337,0.315004970213327,8.20776782005194,2.2533841987956e-16,TRUE,TRUE,1982.66499041085,2008.93062024076,"498","664","928","unleashed"
"05_05_2021_vero #2_round 1_otter.ai_made_perfect.csv","4_1_2",1,"PSAB-BY",0.604108482027989,0.268807812310677,2.24736207193928,0.0246168968836587,FALSE,TRUE,1982.66499041085,2008.93062024076,"498","664","928","unleashed"
"05_05_2021_vero #2_round 1_otter.ai_made_perfect.csv","4_1_2",1,"PSAB-XA",1.66932673789857,0.253729205008054,6.5791667058807,4.73092112135945e-11,TRUE,TRUE,1982.66499041085,2008.93062024076,"498","664","928","unleashed"
"05_05_2021_vero #2_round 1_otter.ai_made_perfect.csv","4_1_2",1,"PSAB-XB",0.441092900279024,0.255119521243151,1.7289656947052,0.0838152350345652,FALSE,FALSE,1982.66499041085,2008.93062024076,"498","664","928","unleashed"
"05_05_2021_vero #2_round 1_otter.ai_made_perfect.csv","4_1_2",1,"PSAB-AY",0.0803360683185225,0.340803917824331,0.235725190107503,0.813645921760001,FALSE,FALSE,1982.66499041085,2008.93062024076,"498","664","928","unleashed"
