"file_name","Team_ID","Round_Number","Covariate","Estimate","SE","Z_value","p_value","Significant_at_0.001","Significant_at_0.05","AIC","BIC","participant1","participant2","participant3","Vero_type"
"03_06_2021PM_vero #7_team_round 1_otter.ai_made_perfect.csv","2_7_8",1,"RRecSnd",0.0755474316214749,0.377408430351059,0.200174202656793,0.841344342143396,FALSE,FALSE,1211.62637805568,1234.37987474735,"219","493",-1,"teamwork"
"03_06_2021PM_vero #7_team_round 1_otter.ai_made_perfect.csv","2_7_8",1,"RSndSnd",2.4753691719463,0.291015817501639,8.50596092403932,1.80097619067328e-17,TRUE,TRUE,1211.62637805568,1234.37987474735,"219","493",-1,"teamwork"
"03_06_2021PM_vero #7_team_round 1_otter.ai_made_perfect.csv","2_7_8",1,"CovSnd.1",-8.02351640996727,0.59399600192625,-13.5076943008843,1.40864429309873e-41,TRUE,TRUE,1211.62637805568,1234.37987474735,"219","493",-1,"teamwork"
"03_06_2021PM_vero #7_team_round 1_otter.ai_made_perfect.csv","2_7_8",1,"PSAB-BA",2.63154316386376,0.447527020192313,5.88018833529409,4.09799934772528e-09,TRUE,TRUE,1211.62637805568,1234.37987474735,"219","493",-1,"teamwork"
"03_06_2021PM_vero #7_team_round 1_otter.ai_made_perfect.csv","2_7_8",1,"PSAB-BY",2.29191256540898,0.533899678537368,4.29277757141141,1.76451751382107e-05,TRUE,TRUE,1211.62637805568,1234.37987474735,"219","493",-1,"teamwork"
"03_06_2021PM_vero #7_team_round 1_otter.ai_made_perfect.csv","2_7_8",1,"PSAB-XA",2.63125467440599,0.476800483718614,5.5185654466719,3.4177818565929e-08,TRUE,TRUE,1211.62637805568,1234.37987474735,"219","493",-1,"teamwork"
"03_06_2021PM_vero #7_team_round 1_otter.ai_made_perfect.csv","2_7_8",1,"PSAB-XB",2.5143649544448,0.526583632018383,4.77486348143275,1.79829203932485e-06,TRUE,TRUE,1211.62637805568,1234.37987474735,"219","493",-1,"teamwork"
"03_06_2021PM_vero #7_team_round 1_otter.ai_made_perfect.csv","2_7_8",1,"PSAB-AY",2.05024550711356,0.543295898494975,3.7737179919692,0.000160832557441732,TRUE,TRUE,1211.62637805568,1234.37987474735,"219","493",-1,"teamwork"
