"file_name","Team_ID","Round_Number","Covariate","Estimate","SE","Z_value","p_value","Significant_at_0.001","Significant_at_0.05","AIC","BIC","participant1","participant2","participant3","Vero_type"
"02_25_2021_vero #4_team_round 3_otter.ai_made_perfect.csv",241,3,"RRecSnd",-0.288108616402826,0.250736882858442,-1.14904761165704,0.250536348708979,FALSE,FALSE,1788.02557160086,1812.05714204842,"227","532","963","teamwork"
"02_25_2021_vero #4_team_round 3_otter.ai_made_perfect.csv",241,3,"RSndSnd",2.22903214100391,0.212207592359525,10.5040169214467,8.27807906488345e-26,TRUE,TRUE,1788.02557160086,1812.05714204842,"227","532","963","teamwork"
"02_25_2021_vero #4_team_round 3_otter.ai_made_perfect.csv",241,3,"CovSnd.1",-7.14286463566379,0.230552045514491,-30.9815712965116,9.54818986771058e-211,TRUE,TRUE,1788.02557160086,1812.05714204842,"227","532","963","teamwork"
"02_25_2021_vero #4_team_round 3_otter.ai_made_perfect.csv",241,3,"PSAB-BA",1.9034366286315,0.428543588649951,4.44164066163709,8.9275557689816e-06,TRUE,TRUE,1788.02557160086,1812.05714204842,"227","532","963","teamwork"
"02_25_2021_vero #4_team_round 3_otter.ai_made_perfect.csv",241,3,"PSAB-BY",1.20115544221265,0.29124839242886,4.12416162092994,3.72087563158805e-05,TRUE,TRUE,1788.02557160086,1812.05714204842,"227","532","963","teamwork"
"02_25_2021_vero #4_team_round 3_otter.ai_made_perfect.csv",241,3,"PSAB-XA",1.6737107303166,0.249591842673137,6.70579099216985,2.00318271867539e-11,TRUE,TRUE,1788.02557160086,1812.05714204842,"227","532","963","teamwork"
"02_25_2021_vero #4_team_round 3_otter.ai_made_perfect.csv",241,3,"PSAB-XB",0.961592426714165,0.250001443804481,3.84634749336168,0.000119891696773648,TRUE,TRUE,1788.02557160086,1812.05714204842,"227","532","963","teamwork"
"02_25_2021_vero #4_team_round 3_otter.ai_made_perfect.csv",241,3,"PSAB-AY",0.835901437279223,0.322446462915263,2.59237279181721,0.00953164239214266,FALSE,TRUE,1788.02557160086,1812.05714204842,"227","532","963","teamwork"
