"file_name","Team_ID","Round_Number","Covariate","Estimate","SE","Z_value","p_value","Significant_at_0.001","Significant_at_0.05","AIC","BIC","participant1","participant2","participant3","Vero_type"
"03_02_2021_vero #1_task_round 1_otter.ai_made_perfect.csv","1_1_5",1,"RRecSnd",-1.27946255883681,0.295626467036668,-4.32797026484815,1.50489780384205e-05,TRUE,TRUE,1656.90522695953,1681.25262789488,"241","597","718","taskwork"
"03_02_2021_vero #1_task_round 1_otter.ai_made_perfect.csv","1_1_5",1,"RSndSnd",1.81162709294601,0.234290229996309,7.73240562773168,1.05533049613127e-14,TRUE,TRUE,1656.90522695953,1681.25262789488,"241","597","718","taskwork"
"03_02_2021_vero #1_task_round 1_otter.ai_made_perfect.csv","1_1_5",1,"CovSnd.1",-6.70084030333788,0.342027619331951,-19.5915181248402,1.82661591632291e-85,TRUE,TRUE,1656.90522695953,1681.25262789488,"241","597","718","taskwork"
"03_02_2021_vero #1_task_round 1_otter.ai_made_perfect.csv","1_1_5",1,"PSAB-BA",3.3983451726517,0.399637368467265,8.50357209008111,1.83844282861851e-17,TRUE,TRUE,1656.90522695953,1681.25262789488,"241","597","718","taskwork"
"03_02_2021_vero #1_task_round 1_otter.ai_made_perfect.csv","1_1_5",1,"PSAB-BY",1.395674154779,0.330326501011923,4.22513528434289,2.38797278808926e-05,TRUE,TRUE,1656.90522695953,1681.25262789488,"241","597","718","taskwork"
"03_02_2021_vero #1_task_round 1_otter.ai_made_perfect.csv","1_1_5",1,"PSAB-XA",2.19236619172293,0.3569101453869,6.14262782960777,8.1167309228154e-10,TRUE,TRUE,1656.90522695953,1681.25262789488,"241","597","718","taskwork"
"03_02_2021_vero #1_task_round 1_otter.ai_made_perfect.csv","1_1_5",1,"PSAB-XB",1.16503362013214,0.345841070297753,3.36869654934013,0.000755245274991323,TRUE,TRUE,1656.90522695953,1681.25262789488,"241","597","718","taskwork"
"03_02_2021_vero #1_task_round 1_otter.ai_made_perfect.csv","1_1_5",1,"PSAB-AY",1.74549196417103,0.349879376831206,4.98883923933909,6.07431681564095e-07,TRUE,TRUE,1656.90522695953,1681.25262789488,"241","597","718","taskwork"
