"Team_ID","Round_Number","Covariate","Estimate","SE","Z_value","p_value","Significant_at_0.001","AIC","BIC","participant1","participant2","Vero_type"
"1_6_7",1,"RRecSnd",0.0256679083670944,0.373596228350011,0.0687049451233938,0.945224481868708,FALSE,1304.96539451256,1325.65618391576,"249","990","taskwork"
"1_6_7",1,"RSndSnd",2.33894849359458,0.258656904138249,9.04266793645856,1.52893761269371e-19,TRUE,1304.96539451256,1325.65618391576,"249","990","taskwork"
"1_6_7",1,"CovSnd.1",-7.00484489157292,0.38817072032881,-18.0457837871936,8.51478924423354e-73,TRUE,1304.96539451256,1325.65618391576,"249","990","taskwork"
"1_6_7",1,"PSAB-BA",2.04520971028905,0.32417550456393,6.30895820780844,2.80919954735413e-10,TRUE,1304.96539451256,1325.65618391576,"249","990","taskwork"
"1_6_7",1,"PSAB-BY",1.97324095297802,0.337893026147527,5.83983923987969,5.22512169935483e-09,TRUE,1304.96539451256,1325.65618391576,"249","990","taskwork"
"1_6_7",1,"PSAB-XA",1.47537913804748,0.334906943754217,4.40534054477605,1.05617820523448e-05,TRUE,1304.96539451256,1325.65618391576,"249","990","taskwork"
"1_6_7",1,"PSAB-XB",0.79863063742807,0.475404429250465,1.67989734274713,0.0929772909109031,FALSE,1304.96539451256,1325.65618391576,"249","990","taskwork"
