"Team_ID","Round_Number","Covariate","Estimate","SE","Z_value","p_value","AIC","BIC"
"2107","3","RRecSnd","0.499066817289328","0.214733211294595","2.32412496548869","0.0201187973531421","1808.41959380944","1824.35652283865"
"2107","3","RSndSnd","2.71663950638571","0.208580483257811","13.0244185072093","8.88755572374277e-39","1808.41959380944","1824.35652283865"
"2107","3","CovSnd.1","-6.97606083085158","0.199320282667093","-34.9992521458695","2.30953634678667e-268","1808.41959380944","1824.35652283865"
"2107","3","PSAB-BA","1.42324072216087","0.211059546784147","6.74331364700805","1.54814505382877e-11","1808.41959380944","1824.35652283865"
"2107","3","PSAB-BY","1.1640929034678","0.231888032859598","5.0200645937284","5.16541070138875e-07","1808.41959380944","1824.35652283865"
