"file_name","Team_ID","Round_Number","Covariate","Estimate","SE","Z_value","p_value","Significant_at_0.001","Significant_at_0.05","AIC","BIC","participant1","participant2","participant3","Vero_type"
"05_12_2021_vero #8_round 1_otter.ai_made_perfect.csv",428,1,"RRecSnd",0.398703855385069,0.434379381992752,0.917870119792475,0.358686866614423,FALSE,FALSE,1089.74850528601,1112.31075781085,"127","999",-1,"unleashed"
"05_12_2021_vero #8_round 1_otter.ai_made_perfect.csv",428,1,"RSndSnd",2.59433075666587,0.325078861113109,7.98061968035255,1.45600447220813e-15,TRUE,TRUE,1089.74850528601,1112.31075781085,"127","999",-1,"unleashed"
"05_12_2021_vero #8_round 1_otter.ai_made_perfect.csv",428,1,"CovSnd.1",-8.19782071931527,0.605648874597077,-13.5355996901159,9.6392590366427e-42,TRUE,TRUE,1089.74850528601,1112.31075781085,"127","999",-1,"unleashed"
"05_12_2021_vero #8_round 1_otter.ai_made_perfect.csv",428,1,"PSAB-BA",2.76581258611806,0.448209471237478,6.17080352738158,6.79438080075796e-10,TRUE,TRUE,1089.74850528601,1112.31075781085,"127","999",-1,"unleashed"
"05_12_2021_vero #8_round 1_otter.ai_made_perfect.csv",428,1,"PSAB-BY",3.17314280168058,0.554440307208367,5.72314595534639,1.04569353974933e-08,TRUE,TRUE,1089.74850528601,1112.31075781085,"127","999",-1,"unleashed"
"05_12_2021_vero #8_round 1_otter.ai_made_perfect.csv",428,1,"PSAB-XA",1.8838483046799,0.482970000536743,3.90054931483593,9.59746728641973e-05,TRUE,TRUE,1089.74850528601,1112.31075781085,"127","999",-1,"unleashed"
"05_12_2021_vero #8_round 1_otter.ai_made_perfect.csv",428,1,"PSAB-XB",1.90602026552741,0.682195964051186,2.79394831685694,0.00520687996482735,FALSE,TRUE,1089.74850528601,1112.31075781085,"127","999",-1,"unleashed"
"05_12_2021_vero #8_round 1_otter.ai_made_perfect.csv",428,1,"PSAB-AY",1.97394148049626,0.557049162782054,3.54356780762018,0.00039475178390045,TRUE,TRUE,1089.74850528601,1112.31075781085,"127","999",-1,"unleashed"
