"file_name","Team_ID","Round_Number","Covariate","Estimate","SE","Z_value","p_value","Significant_at_0.001","Significant_at_0.05","AIC","BIC","participant1","participant2","participant3","Vero_type"
"02_25_2021_vero #2_task_round 3_otter.ai_made_perfect.csv",121,3,"RRecSnd",-0.234960907043804,0.221455963799339,-1.06098252227112,0.288697844122192,FALSE,FALSE,2112.02672508356,2137.8755940184,"177","346","823","taskwork"
"02_25_2021_vero #2_task_round 3_otter.ai_made_perfect.csv",121,3,"RSndSnd",2.44420524350434,0.193548520724197,12.6283850393633,1.47269703607805e-36,TRUE,TRUE,2112.02672508356,2137.8755940184,"177","346","823","taskwork"
"02_25_2021_vero #2_task_round 3_otter.ai_made_perfect.csv",121,3,"CovSnd.1",-7.10245257496677,0.213925639153543,-33.2005672768801,1.05644571958927e-241,TRUE,TRUE,2112.02672508356,2137.8755940184,"177","346","823","taskwork"
"02_25_2021_vero #2_task_round 3_otter.ai_made_perfect.csv",121,3,"PSAB-BA",2.47235575818005,0.312452697806272,7.91273615346721,2.51792627448337e-15,TRUE,TRUE,2112.02672508356,2137.8755940184,"177","346","823","taskwork"
"02_25_2021_vero #2_task_round 3_otter.ai_made_perfect.csv",121,3,"PSAB-BY",0.469267709090163,0.290284229444645,1.61658010146792,0.105968950018747,FALSE,FALSE,2112.02672508356,2137.8755940184,"177","346","823","taskwork"
"02_25_2021_vero #2_task_round 3_otter.ai_made_perfect.csv",121,3,"PSAB-XA",1.57357092594997,0.213556426305442,7.36840821497618,1.72677354349922e-13,TRUE,TRUE,2112.02672508356,2137.8755940184,"177","346","823","taskwork"
"02_25_2021_vero #2_task_round 3_otter.ai_made_perfect.csv",121,3,"PSAB-XB",0.655368079690951,0.265710957918001,2.4664698995711,0.0136452196434068,FALSE,TRUE,2112.02672508356,2137.8755940184,"177","346","823","taskwork"
"02_25_2021_vero #2_task_round 3_otter.ai_made_perfect.csv",121,3,"PSAB-AY",1.38837539468209,0.253555603806551,5.47562496682718,4.35970159320525e-08,TRUE,TRUE,2112.02672508356,2137.8755940184,"177","346","823","taskwork"
