"Team_ID","Round_Number","Covariate","Estimate","SE","Z_value","p_value","AIC","BIC"
"1_8_12","2","RRecSnd","0.0122105874095097","0.1951405919599","0.0625732826106161","0.950106305101458","2488.16682846161","2505.57002307832"
"1_8_12","2","RSndSnd","2.27855637034568","0.157319314798836","14.4836403162527","1.5373472702024e-47","2488.16682846161","2505.57002307832"
"1_8_12","2","CovSnd.1","-6.03313728380986","0.142926911698193","-42.2113457299739","0","2488.16682846161","2505.57002307832"
"1_8_12","2","PSAB-BA","1.54844493207847","0.226517971950808","6.83585906558771","8.15150521153887e-12","2488.16682846161","2505.57002307832"
"1_8_12","2","PSAB-BY","0.733808159881211","0.171726954141649","4.2731099701211","1.92765325600154e-05","2488.16682846161","2505.57002307832"
