"file_name","Team_ID","Round_Number","Covariate","Estimate","SE","Z_value","p_value","Significant_at_0.001","Significant_at_0.05","AIC","BIC","participant1","participant2","participant3","Vero_type"
"03_02_2021_vero #3_team_round 3_otter.ai_made_perfect.csv","2_3_5",3,"RRecSnd",-0.516918182304094,0.275172119890038,-1.87852672905475,0.0603091440446416,FALSE,FALSE,1886.1943107835,1910.5931588415,"431","716","802","teamwork"
"03_02_2021_vero #3_team_round 3_otter.ai_made_perfect.csv","2_3_5",3,"RSndSnd",2.3294681831926,0.207036178289424,11.2515030099529,2.27678814260996e-29,TRUE,TRUE,1886.1943107835,1910.5931588415,"431","716","802","teamwork"
"03_02_2021_vero #3_team_round 3_otter.ai_made_perfect.csv","2_3_5",3,"CovSnd.1",-7.24473108774808,0.223363774482756,-32.4346734582397,8.90994103795776e-231,TRUE,TRUE,1886.1943107835,1910.5931588415,"431","716","802","teamwork"
"03_02_2021_vero #3_team_round 3_otter.ai_made_perfect.csv","2_3_5",3,"PSAB-BA",2.7436866164564,0.367886123306548,7.45797800633588,8.78603310969633e-14,TRUE,TRUE,1886.1943107835,1910.5931588415,"431","716","802","teamwork"
"03_02_2021_vero #3_team_round 3_otter.ai_made_perfect.csv","2_3_5",3,"PSAB-BY",0.913477298112121,0.306395179434885,2.98136968015272,0.00286962153236258,FALSE,TRUE,1886.1943107835,1910.5931588415,"431","716","802","teamwork"
"03_02_2021_vero #3_team_round 3_otter.ai_made_perfect.csv","2_3_5",3,"PSAB-XA",1.65008641019714,0.248287384733242,6.64587293458337,3.01425216799689e-11,TRUE,TRUE,1886.1943107835,1910.5931588415,"431","716","802","teamwork"
"03_02_2021_vero #3_team_round 3_otter.ai_made_perfect.csv","2_3_5",3,"PSAB-XB",0.792959857395795,0.241152728804993,3.28820603161003,0.0010082802184203,FALSE,TRUE,1886.1943107835,1910.5931588415,"431","716","802","teamwork"
"03_02_2021_vero #3_team_round 3_otter.ai_made_perfect.csv","2_3_5",3,"PSAB-AY",0.572068317912343,0.343784450939987,1.66403197220868,0.0961060402428017,FALSE,FALSE,1886.1943107835,1910.5931588415,"431","716","802","teamwork"
