"file_name","Team_ID","Round_Number","Covariate","Estimate","SE","Z_value","p_value","Significant_at_0.001","Significant_at_0.05","AIC","BIC","participant1","participant2","participant3","Vero_type"
"02_27_2021_vero #2_task+team_round 2_otter.ai_made_perfect.csv","3_2_4",2,"RRecSnd",-1.54850870977102,0.27138505982712,-5.70594678556536,1.15698143948982e-08,TRUE,TRUE,2652.8466041756,2680.38594585978,"307","454","836","combined"
"02_27_2021_vero #2_task+team_round 2_otter.ai_made_perfect.csv","3_2_4",2,"RSndSnd",2.22809621725786,0.167108138685426,13.3332597369907,1.48274491824688e-40,TRUE,TRUE,2652.8466041756,2680.38594585978,"307","454","836","combined"
"02_27_2021_vero #2_task+team_round 2_otter.ai_made_perfect.csv","3_2_4",2,"CovSnd.1",-6.49799372547945,0.168461818440443,-38.5725013871716,0,TRUE,TRUE,2652.8466041756,2680.38594585978,"307","454","836","combined"
"02_27_2021_vero #2_task+team_round 2_otter.ai_made_perfect.csv","3_2_4",2,"PSAB-BA",2.83489248666754,0.376327771767418,7.53304087379338,4.95720854878341e-14,TRUE,TRUE,2652.8466041756,2680.38594585978,"307","454","836","combined"
"02_27_2021_vero #2_task+team_round 2_otter.ai_made_perfect.csv","3_2_4",2,"PSAB-BY",0.865448401249868,0.216459840893498,3.99819383437357,6.38276730644522e-05,TRUE,TRUE,2652.8466041756,2680.38594585978,"307","454","836","combined"
"02_27_2021_vero #2_task+team_round 2_otter.ai_made_perfect.csv","3_2_4",2,"PSAB-XA",1.36604439636505,0.183227601615886,7.45545094908129,8.95609706302548e-14,TRUE,TRUE,2652.8466041756,2680.38594585978,"307","454","836","combined"
"02_27_2021_vero #2_task+team_round 2_otter.ai_made_perfect.csv","3_2_4",2,"PSAB-XB",0.385356183228942,0.19639900758765,1.96210860717798,0.0497498410776305,FALSE,TRUE,2652.8466041756,2680.38594585978,"307","454","836","combined"
"02_27_2021_vero #2_task+team_round 2_otter.ai_made_perfect.csv","3_2_4",2,"PSAB-AY",0.185911310801105,0.283447975463297,0.655892180909855,0.51189349950892,FALSE,FALSE,2652.8466041756,2680.38594585978,"307","454","836","combined"
