"file_name","Team_ID","Round_Number","Covariate","Estimate","SE","Z_value","p_value","Significant_at_0.001","Significant_at_0.05","AIC","BIC","participant1","participant2","participant3","Vero_type"
"03_04_2021_vero #3_team_round 3_otter.ai_made_perfect.csv","2_3_6",3,"RRecSnd",0.0146282496635005,0.243056510932817,0.0601845620483866,0.952008641125747,FALSE,FALSE,1667.15495127833,1691.85572196018,"425","446",-1,"teamwork"
"03_04_2021_vero #3_team_round 3_otter.ai_made_perfect.csv","2_3_6",3,"RSndSnd",2.71081601179091,0.21154853895746,12.8141561513503,1.36616515292284e-37,TRUE,TRUE,1667.15495127833,1691.85572196018,"425","446",-1,"teamwork"
"03_04_2021_vero #3_team_round 3_otter.ai_made_perfect.csv","2_3_6",3,"CovSnd.1",-7.20910072785614,0.252825140735433,-28.5141766633091,7.81603462382996e-179,TRUE,TRUE,1667.15495127833,1691.85572196018,"425","446",-1,"teamwork"
"03_04_2021_vero #3_team_round 3_otter.ai_made_perfect.csv","2_3_6",3,"PSAB-BA",2.31219968629609,0.268379937697956,8.61539691129343,6.96997109682899e-18,TRUE,TRUE,1667.15495127833,1691.85572196018,"425","446",-1,"teamwork"
"03_04_2021_vero #3_team_round 3_otter.ai_made_perfect.csv","2_3_6",3,"PSAB-BY",0.880511555120981,0.297461791711647,2.96008287334775,0.0030755629684251,FALSE,TRUE,1667.15495127833,1691.85572196018,"425","446",-1,"teamwork"
"03_04_2021_vero #3_team_round 3_otter.ai_made_perfect.csv","2_3_6",3,"PSAB-XA",1.21432286067837,0.251629283846474,4.82584078496709,1.39413852999493e-06,TRUE,TRUE,1667.15495127833,1691.85572196018,"425","446",-1,"teamwork"
"03_04_2021_vero #3_team_round 3_otter.ai_made_perfect.csv","2_3_6",3,"PSAB-XB",0.121820317642594,0.323575234593029,0.376482204504345,0.706558442763442,FALSE,FALSE,1667.15495127833,1691.85572196018,"425","446",-1,"teamwork"
"03_04_2021_vero #3_team_round 3_otter.ai_made_perfect.csv","2_3_6",3,"PSAB-AY",0.102105937787222,0.404651363814446,0.252330640442479,0.800785506545679,FALSE,FALSE,1667.15495127833,1691.85572196018,"425","446",-1,"teamwork"
