"Team_ID","Round_Number","Covariate","Estimate","SE","Z_value","p_value","AIC","BIC"
"346","3","RRecSnd","0.0522238897693024","0.187052390950289","0.279193917297649","0.780096011411476","2448.10975971243","2465.49207747209"
"346","3","RSndSnd","2.45993780802191","0.164498187645956","14.9541939836829","1.46241599589617e-50","2448.10975971243","2465.49207747209"
"346","3","CovSnd.1","-6.10085581721047","0.147279465320728","-41.4236689678684","0","2448.10975971243","2465.49207747209"
"346","3","PSAB-BA","1.31440900011711","0.216251359463334","6.07815369752609","1.21574200015659e-09","2448.10975971243","2465.49207747209"
"346","3","PSAB-BY","0.441693505334032","0.198038265255364","2.23034424566628","0.0257245979207951","2448.10975971243","2465.49207747209"
