"file_name","Team_ID","Round_Number","Covariate","Estimate","SE","Z_value","p_value","Significant_at_0.001","Significant_at_0.05","AIC","BIC","participant1","participant2","participant3","Vero_type"
"03_06_2021PM_vero #13_task+team_round 2_otter.ai_made_perfect.csv","3_13_8",2,"RRecSnd",-0.316021773288674,0.193024968791404,-1.63720670578214,0.101587286372271,FALSE,FALSE,2696.17404427019,2724.75127652761,"744","824",-1,"combined"
"03_06_2021PM_vero #13_task+team_round 2_otter.ai_made_perfect.csv","3_13_8",2,"RSndSnd",2.49660329651111,0.15896840360606,15.7050284199743,1.39715065570623e-55,TRUE,TRUE,2696.17404427019,2724.75127652761,"744","824",-1,"combined"
"03_06_2021PM_vero #13_task+team_round 2_otter.ai_made_perfect.csv","3_13_8",2,"CovSnd.1",-6.19084435119629,0.173358157158092,-35.7112953476463,2.64029922670384e-279,TRUE,TRUE,2696.17404427019,2724.75127652761,"744","824",-1,"combined"
"03_06_2021PM_vero #13_task+team_round 2_otter.ai_made_perfect.csv","3_13_8",2,"PSAB-BA",1.65053686523669,0.269561942724177,6.12303372114201,9.18102545528621e-10,TRUE,TRUE,2696.17404427019,2724.75127652761,"744","824",-1,"combined"
"03_06_2021PM_vero #13_task+team_round 2_otter.ai_made_perfect.csv","3_13_8",2,"PSAB-BY",0.594459383024986,0.190416045348757,3.12189753723854,0.0017968946548859,FALSE,TRUE,2696.17404427019,2724.75127652761,"744","824",-1,"combined"
"03_06_2021PM_vero #13_task+team_round 2_otter.ai_made_perfect.csv","3_13_8",2,"PSAB-XA",1.00970180200256,0.174263771043169,5.79410049466011,6.86883214112558e-09,TRUE,TRUE,2696.17404427019,2724.75127652761,"744","824",-1,"combined"
"03_06_2021PM_vero #13_task+team_round 2_otter.ai_made_perfect.csv","3_13_8",2,"PSAB-XB",0.0833548682899371,0.21366483595449,0.390119730827826,0.696448013391923,FALSE,FALSE,2696.17404427019,2724.75127652761,"744","824",-1,"combined"
"03_06_2021PM_vero #13_task+team_round 2_otter.ai_made_perfect.csv","3_13_8",2,"PSAB-AY",0.0814544591256982,0.259512802308934,0.313874531048112,0.753616334845288,FALSE,FALSE,2696.17404427019,2724.75127652761,"744","824",-1,"combined"
