"Team_ID","Round_Number","Covariate","Estimate","SE","Z_value","p_value","Significant_at_0.001","AIC","BIC","participant1","participant2","participant3","Vero_type"
"3_2_4",3,"RRecSnd",-1.17782584982158,0.237183136539117,-4.96589204025188,6.83859923353167e-07,TRUE,3009.78988276261,3034.79496098786,"307","454","836","combined"
"3_2_4",3,"RSndSnd",2.23088894465003,0.158045913938136,14.1154484102845,3.05069256358726e-45,TRUE,3009.78988276261,3034.79496098786,"307","454","836","combined"
"3_2_4",3,"CovSnd.1",-6.22708990255673,0.139682318089469,-44.5803734340103,0,TRUE,3009.78988276261,3034.79496098786,"307","454","836","combined"
"3_2_4",3,"PSAB-BA",2.34381775849817,0.315638282066524,7.42564477018724,1.12231836658391e-13,TRUE,3009.78988276261,3034.79496098786,"307","454","836","combined"
"3_2_4",3,"PSAB-BY",0.332083468020988,0.21819457364643,1.52196025075815,0.128019040797913,FALSE,3009.78988276261,3034.79496098786,"307","454","836","combined"
"3_2_4",3,"PSAB-XA",1.02994605334823,0.174040146952561,5.91786476501288,3.26147956062991e-09,TRUE,3009.78988276261,3034.79496098786,"307","454","836","combined"
"3_2_4",3,"PSAB-XB",0.0790634520210758,0.176009065418486,0.449201021737667,0.653286650505638,FALSE,3009.78988276261,3034.79496098786,"307","454","836","combined"
