"Team_ID","Round_Number","Covariate","Estimate","SE","Z_value","p_value","AIC","BIC"
"4_3_7","1","RRecSnd","0.669484530502907","0.30311093263221","2.20871126187734","0.0271947306036189","1815.52650812872","1832.9711967595"
"4_3_7","1","RSndSnd","2.28192762701261","0.234071451398528","9.74885067520439","1.86568461315513e-22","1815.52650812872","1832.9711967595"
"4_3_7","1","CovSnd.1","-6.36648026242394","0.319824550920192","-19.9061649398285","3.59828789408851e-88","1815.52650812872","1832.9711967595"
"4_3_7","1","PSAB-BA","1.54158755627814","0.166282232099065","9.27090968660869","1.84565004422313e-20","1815.52650812872","1832.9711967595"
"4_3_7","1","PSAB-BY","1.67860532795632","0.301918016255846","5.55980510462107","2.70076071633426e-08","1815.52650812872","1832.9711967595"
