"Team_ID","Round_Number","Covariate","Estimate","SE","Z_value","p_value","Significant_at_0.001","AIC","BIC","participant1","participant2","Vero_type"
"4_5_5",2,"RRecSnd",-0.139520450508419,0.201267408345563,-0.693209355927468,0.488178177612669,FALSE,2331.41117148196,2355.56844065692,"188","987","unleashed"
"4_5_5",2,"RSndSnd",2.29812543105387,0.163165450759092,14.0846326251197,4.72107492959293e-45,TRUE,2331.41117148196,2355.56844065692,"188","987","unleashed"
"4_5_5",2,"CovSnd.1",-6.42220161050844,0.178025341417783,-36.0746484706189,5.66593373853594e-285,TRUE,2331.41117148196,2355.56844065692,"188","987","unleashed"
"4_5_5",2,"PSAB-BA",1.96781516465792,0.253190823400294,7.77206352991245,7.72177011450914e-15,TRUE,2331.41117148196,2355.56844065692,"188","987","unleashed"
"4_5_5",2,"PSAB-BY",1.22090011580098,0.206795741249313,5.90389390238489,3.55020527418714e-09,TRUE,2331.41117148196,2355.56844065692,"188","987","unleashed"
"4_5_5",2,"PSAB-XA",1.16824682014056,0.200230150409151,5.83452001485969,5.3945632600633e-09,TRUE,2331.41117148196,2355.56844065692,"188","987","unleashed"
"4_5_5",2,"PSAB-XB",0.793814148638575,0.211830380804064,3.74740462451807,0.000178673740207517,TRUE,2331.41117148196,2355.56844065692,"188","987","unleashed"
