"file_name","Team_ID","Round_Number","Covariate","Estimate","SE","Z_value","p_value","Significant_at_0.001","Significant_at_0.05","AIC","BIC","participant1","participant2","participant3","Vero_type"
"02_27_2021_vero #5_task+team_round 3_otter.ai_made_perfect.csv","3_5_4",3,"RRecSnd",-1.66587617928084,0.33053918892101,-5.03987495316005,4.65836118305871e-07,TRUE,TRUE,2179.33821494033,2204.88186974746,"101","708","986","combined"
"02_27_2021_vero #5_task+team_round 3_otter.ai_made_perfect.csv","3_5_4",3,"RSndSnd",1.90562913352511,0.198069011807681,9.62103620416614,6.51712889478792e-22,TRUE,TRUE,2179.33821494033,2204.88186974746,"101","708","986","combined"
"02_27_2021_vero #5_task+team_round 3_otter.ai_made_perfect.csv","3_5_4",3,"CovSnd.1",-6.4726108422526,0.191460277651834,-33.8065468285955,1.58035595119753e-250,TRUE,TRUE,2179.33821494033,2204.88186974746,"101","708","986","combined"
"02_27_2021_vero #5_task+team_round 3_otter.ai_made_perfect.csv","3_5_4",3,"PSAB-BA",2.79396754728864,0.460152893832951,6.07182435389167,1.2646521591309e-09,TRUE,TRUE,2179.33821494033,2204.88186974746,"101","708","986","combined"
"02_27_2021_vero #5_task+team_round 3_otter.ai_made_perfect.csv","3_5_4",3,"PSAB-BY",0.460589715904255,0.281600583873157,1.63561349756193,0.101920503670779,FALSE,FALSE,2179.33821494033,2204.88186974746,"101","708","986","combined"
"02_27_2021_vero #5_task+team_round 3_otter.ai_made_perfect.csv","3_5_4",3,"PSAB-XA",1.27973948082251,0.225015284500528,5.68734467822124,1.29029865897584e-08,TRUE,TRUE,2179.33821494033,2204.88186974746,"101","708","986","combined"
"02_27_2021_vero #5_task+team_round 3_otter.ai_made_perfect.csv","3_5_4",3,"PSAB-XB",0.626690122236867,0.213091217383006,2.94094768396984,0.00327209792109158,FALSE,TRUE,2179.33821494033,2204.88186974746,"101","708","986","combined"
"02_27_2021_vero #5_task+team_round 3_otter.ai_made_perfect.csv","3_5_4",3,"PSAB-AY",0.89066963626303,0.246972795955254,3.60634713964367,0.000310537649795635,TRUE,TRUE,2179.33821494033,2204.88186974746,"101","708","986","combined"
