"file_name","Team_ID","Round_Number","Covariate","Estimate","SE","Z_value","p_value","Significant_at_0.001","Significant_at_0.05","AIC","BIC","participant1","participant2","participant3","Vero_type"
"02_27_2021_vero #7_team_round 1_otter.ai_made_perfect.csv","2_7_4",1,"RRecSnd",-1.62425096828236,0.268423806447764,-6.0510689784829,1.43887816582097e-09,TRUE,TRUE,1996.82276725377,2022.96563252627,"185","565","870","teamwork"
"02_27_2021_vero #7_team_round 1_otter.ai_made_perfect.csv","2_7_4",1,"RSndSnd",1.47981796413533,0.202396159264031,7.31149232038969,2.64191627253039e-13,TRUE,TRUE,1996.82276725377,2022.96563252627,"185","565","870","teamwork"
"02_27_2021_vero #7_team_round 1_otter.ai_made_perfect.csv","2_7_4",1,"CovSnd.1",-5.63339871477099,0.259122498992966,-21.740291702435,8.53546435796254e-105,TRUE,TRUE,1996.82276725377,2022.96563252627,"185","565","870","teamwork"
"02_27_2021_vero #7_team_round 1_otter.ai_made_perfect.csv","2_7_4",1,"PSAB-BA",2.83018884161832,0.352203376436516,8.0356664102806,9.307164700707e-16,TRUE,TRUE,1996.82276725377,2022.96563252627,"185","565","870","teamwork"
"02_27_2021_vero #7_team_round 1_otter.ai_made_perfect.csv","2_7_4",1,"PSAB-BY",0.766323380401469,0.279244965775068,2.74426927724364,0.00606457686450715,FALSE,TRUE,1996.82276725377,2022.96563252627,"185","565","870","teamwork"
"02_27_2021_vero #7_team_round 1_otter.ai_made_perfect.csv","2_7_4",1,"PSAB-XA",1.94052192284749,0.271348675094606,7.15139634336128,8.58995736980865e-13,TRUE,TRUE,1996.82276725377,2022.96563252627,"185","565","870","teamwork"
"02_27_2021_vero #7_team_round 1_otter.ai_made_perfect.csv","2_7_4",1,"PSAB-XB",0.8160545789953,0.238181325191851,3.42619043847364,0.000612111050879433,TRUE,TRUE,1996.82276725377,2022.96563252627,"185","565","870","teamwork"
"02_27_2021_vero #7_team_round 1_otter.ai_made_perfect.csv","2_7_4",1,"PSAB-AY",0.52785280894213,0.333283011192584,1.58379752707262,0.113239802238995,FALSE,FALSE,1996.82276725377,2022.96563252627,"185","565","870","teamwork"
