"Team_ID","Round_Number","Covariate","Estimate","SE","Z_value","p_value","Significant_at_0.001","AIC","BIC","participant1","participant2","participant3","Vero_type"
241,3,"RRecSnd",-0.261636519094631,0.250245845162063,-1.04551793427456,0.295783656157357,FALSE,1792.08270483462,1813.11032897624,"227","532","963","teamwork"
241,3,"RSndSnd",2.13240013454669,0.204004888047945,10.4526913788729,1.42425077485136e-25,TRUE,1792.08270483462,1813.11032897624,"227","532","963","teamwork"
241,3,"CovSnd.1",-6.88859612294777,0.19519021925836,-35.2917074898605,7.87096723611954e-273,TRUE,1792.08270483462,1813.11032897624,"227","532","963","teamwork"
241,3,"PSAB-BA",1.66803764660828,0.4132338398539,4.0365465887257,5.42437578859463e-05,TRUE,1792.08270483462,1813.11032897624,"227","532","963","teamwork"
241,3,"PSAB-BY",0.981145787201812,0.270693573974758,3.62456253687538,0.000289450977390825,TRUE,1792.08270483462,1813.11032897624,"227","532","963","teamwork"
241,3,"PSAB-XA",1.45639628604125,0.225310761554522,6.46394462471701,1.0200821447838e-10,TRUE,1792.08270483462,1813.11032897624,"227","532","963","teamwork"
241,3,"PSAB-XB",0.77788163722844,0.229833066559035,3.38455057348606,0.000712948836875716,TRUE,1792.08270483462,1813.11032897624,"227","532","963","teamwork"
