"Team_ID","Round_Number","Covariate","Estimate","SE","Z_value","p_value","Significant_at_0.001","AIC","BIC","participant1","participant2","Vero_type"
"2_7_8",NA,"RRecSnd",-0.212393348607043,0.285632001606863,-0.743590870113274,0.457124028302082,FALSE,1477.86087549507,1497.65907165618,"219","493","teamwork"
"2_7_8",NA,"RSndSnd",2.21176759603515,0.216938548869123,10.1953645747372,2.07962788270202e-24,TRUE,1477.86087549507,1497.65907165618,"219","493","teamwork"
"2_7_8",NA,"CovSnd.1",-6.82215358564462,0.222581602324469,-30.6501234351778,2.63269006408472e-206,TRUE,1477.86087549507,1497.65907165618,"219","493","teamwork"
"2_7_8",NA,"PSAB-BA",1.74990814926331,0.369950704238755,4.73011168572874,2.24396353417446e-06,TRUE,1477.86087549507,1497.65907165618,"219","493","teamwork"
"2_7_8",NA,"PSAB-BY",0.689983777515305,0.287812730083431,2.3973358555589,0.0165147785258312,FALSE,1477.86087549507,1497.65907165618,"219","493","teamwork"
"2_7_8",NA,"PSAB-XA",0.886483107014822,0.257517284798897,3.44242176872556,0.000576530593027562,TRUE,1477.86087549507,1497.65907165618,"219","493","teamwork"
"2_7_8",NA,"PSAB-XB",0.613303047098744,0.258776327017886,2.37001218065961,0.01778749924361,FALSE,1477.86087549507,1497.65907165618,"219","493","teamwork"
