"Team_ID","Round_Number","Covariate","Estimate","SE","Z_value","p_value","Significant_at_0.001","AIC","BIC","participant1","participant2","Vero_type"
3108,2,"RRecSnd",-0.127601286060141,0.193408024305943,-0.659751768407988,0.509413139456454,FALSE,2680.01765475728,2705.10212891875,"230","541","combined"
3108,2,"RSndSnd",2.37456949725549,0.152701006028543,15.5504509041128,1.57989582648055e-54,TRUE,2680.01765475728,2705.10212891875,"230","541","combined"
3108,2,"CovSnd.1",-6.36940754239756,0.161368968546899,-39.4710804670378,0,TRUE,2680.01765475728,2705.10212891875,"230","541","combined"
3108,2,"PSAB-BA",1.98643986710378,0.235742744046349,8.42630332118826,3.56756669553538e-17,TRUE,2680.01765475728,2705.10212891875,"230","541","combined"
3108,2,"PSAB-BY",1.11019551758468,0.187856519784553,5.90980562643199,3.42511642587174e-09,TRUE,2680.01765475728,2705.10212891875,"230","541","combined"
3108,2,"PSAB-XA",0.948394158540913,0.178640078622363,5.30896630730763,1.10248709261439e-07,TRUE,2680.01765475728,2705.10212891875,"230","541","combined"
3108,2,"PSAB-XB",0.247921651968655,0.217087936556573,1.1420332972028,0.253440179431769,FALSE,2680.01765475728,2705.10212891875,"230","541","combined"
