"Team_ID","Round_Number","Covariate","Estimate","SE","Z_value","p_value","Significant_at_0.001","AIC","BIC","participant1","participant2","Vero_type"
2111,2,"RRecSnd",0.242571260497111,0.25187202495681,0.963073451840103,0.335510663571276,FALSE,1879.69274289917,1902.42191140429,"112","781","teamwork"
2111,2,"RSndSnd",2.51891747043866,0.202553170790536,12.4358333202472,1.66990168510479e-35,TRUE,1879.69274289917,1902.42191140429,"112","781","teamwork"
2111,2,"CovSnd.1",-7.34338925217175,0.237469995902866,-30.9234403455983,5.78309650639316e-210,TRUE,1879.69274289917,1902.42191140429,"112","781","teamwork"
2111,2,"PSAB-BA",2.42704850673784,0.276310387122229,8.78377585444952,1.58076545762533e-18,TRUE,1879.69274289917,1902.42191140429,"112","781","teamwork"
2111,2,"PSAB-BY",1.70902442554416,0.260573697930734,6.55869889829961,5.42792747078362e-11,TRUE,1879.69274289917,1902.42191140429,"112","781","teamwork"
2111,2,"PSAB-XA",0.872730180590505,0.259296975605589,3.36575534115753,0.000763343807009427,TRUE,1879.69274289917,1902.42191140429,"112","781","teamwork"
2111,2,"PSAB-XB",0.701666059527008,0.292407967453226,2.39961334035553,0.0164123980089531,FALSE,1879.69274289917,1902.42191140429,"112","781","teamwork"
