"Team_ID","Round_Number","Covariate","Estimate","SE","Z_value","p_value","Significant_at_0.001","AIC","BIC","participant1","participant2","participant3","Vero_type"
121,1,"RRecSnd",-0.863744738053128,0.247707498719985,-3.48695434137635,0.000488554757715667,TRUE,2241.64496687774,2265.23943307463,"177","346","823","taskwork"
121,1,"RSndSnd",1.54898329665287,0.186443889626914,8.30804002079385,9.72957167141446e-17,TRUE,2241.64496687774,2265.23943307463,"177","346","823","taskwork"
121,1,"CovSnd.1",-5.71358187743696,0.217981973893433,-26.2112585521874,1.97759394986594e-151,TRUE,2241.64496687774,2265.23943307463,"177","346","823","taskwork"
121,1,"PSAB-BA",2.21529543597189,0.263838173875302,8.39641740781192,4.60307243656493e-17,TRUE,2241.64496687774,2265.23943307463,"177","346","823","taskwork"
121,1,"PSAB-BY",0.938438756421906,0.223758980261655,4.19397136742639,2.74112597177297e-05,TRUE,2241.64496687774,2265.23943307463,"177","346","823","taskwork"
121,1,"PSAB-XA",1.21085541529644,0.228122776054002,5.30791110051106,1.10888698762816e-07,TRUE,2241.64496687774,2265.23943307463,"177","346","823","taskwork"
121,1,"PSAB-XB",0.508824609943354,0.220496634409885,2.30762982530378,0.021019734179407,FALSE,2241.64496687774,2265.23943307463,"177","346","823","taskwork"
