"Team_ID","Round_Number","Covariate","Estimate","SE","Z_value","p_value","AIC","BIC"
"1_2_6","1","RRecSnd","-0.0830783238237063","0.182654306062033","-0.454839119946569","0.649224984105062","2046.35342485391","2063.65135242463"
"1_2_6","1","RSndSnd","2.04415830019142","0.202135115459594","10.1128311898881","4.84631512259259e-24","2046.35342485391","2063.65135242463"
"1_2_6","1","CovSnd.1","-5.22431977213824","0.212086514484576","-24.6329653954409","5.60350401651695e-134","2046.35342485391","2063.65135242463"
"1_2_6","1","PSAB-BA","0.76254848727989","0.173972083886099","4.38316579445663","1.16967028060353e-05","2046.35342485391","2063.65135242463"
"1_2_6","1","PSAB-BY","0.5411567578821","0.193965886633967","2.7899584162617","0.00527148116247668","2046.35342485391","2063.65135242463"
