"file_name","Team_ID","Round_Number","Covariate","Estimate","SE","Z_value","p_value","Significant_at_0.001","Significant_at_0.05","AIC","BIC","participant1","participant2","participant3","Vero_type"
"03_11_2021_Vero #6_task+team_round 3_otter.ai_made_perfect.csv","3_6_12",3,"RRecSnd",-0.466961806053311,0.275663809803419,-1.69395397381437,0.0902740294272792,FALSE,FALSE,1633.65602930459,1657.46989924396,"175","208",-1,"combined"
"03_11_2021_Vero #6_task+team_round 3_otter.ai_made_perfect.csv","3_6_12",3,"RSndSnd",2.52406660464206,0.220261125910572,11.459428413468,2.10902035581054e-30,TRUE,TRUE,1633.65602930459,1657.46989924396,"175","208",-1,"combined"
"03_11_2021_Vero #6_task+team_round 3_otter.ai_made_perfect.csv","3_6_12",3,"CovSnd.1",-7.14492278221943,0.259393532733984,-27.5447221328636,5.11888088100179e-167,TRUE,TRUE,1633.65602930459,1657.46989924396,"175","208",-1,"combined"
"03_11_2021_Vero #6_task+team_round 3_otter.ai_made_perfect.csv","3_6_12",3,"PSAB-BA",2.37403885306623,0.390868802376292,6.07374863031592,1.24958282021557e-09,TRUE,TRUE,1633.65602930459,1657.46989924396,"175","208",-1,"combined"
"03_11_2021_Vero #6_task+team_round 3_otter.ai_made_perfect.csv","3_6_12",3,"PSAB-BY",1.17245548094524,0.300437994659603,3.90248737438696,9.52092059633961e-05,TRUE,TRUE,1633.65602930459,1657.46989924396,"175","208",-1,"combined"
"03_11_2021_Vero #6_task+team_round 3_otter.ai_made_perfect.csv","3_6_12",3,"PSAB-XA",1.20258456517654,0.273610537701782,4.39524213971348,1.10649342861733e-05,TRUE,TRUE,1633.65602930459,1657.46989924396,"175","208",-1,"combined"
"03_11_2021_Vero #6_task+team_round 3_otter.ai_made_perfect.csv","3_6_12",3,"PSAB-XB",1.01123289729713,0.25029342912488,4.04018955205008,5.34080185336501e-05,TRUE,TRUE,1633.65602930459,1657.46989924396,"175","208",-1,"combined"
"03_11_2021_Vero #6_task+team_round 3_otter.ai_made_perfect.csv","3_6_12",3,"PSAB-AY",0.551863167593083,0.368954955222372,1.49574672946314,0.134719667953541,FALSE,FALSE,1633.65602930459,1657.46989924396,"175","208",-1,"combined"
