"Team_ID","Round_Number","Covariate","Estimate","SE","Z_value","p_value","Significant_at_0.001","AIC","BIC","participant1","participant2","Vero_type"
"1_6_7",2,"RRecSnd",-0.0394168914588694,0.248765867640711,-0.158449757728816,0.874102407957534,FALSE,1793.73310532227,1815.55906200919,"249","990","taskwork"
"1_6_7",2,"RSndSnd",2.64705754596898,0.196318920626494,13.4834560903335,1.95719661533953e-41,TRUE,1793.73310532227,1815.55906200919,"249","990","taskwork"
"1_6_7",2,"CovSnd.1",-7.06092566723426,0.210853848036228,-33.4872981119182,7.37811462959792e-246,TRUE,1793.73310532227,1815.55906200919,"249","990","taskwork"
"1_6_7",2,"PSAB-BA",2.05716208962775,0.302692666700935,6.79620722909767,1.07409250112293e-11,TRUE,1793.73310532227,1815.55906200919,"249","990","taskwork"
"1_6_7",2,"PSAB-BY",1.38374605244062,0.231593920929784,5.97488071744402,2.30258597723739e-09,TRUE,1793.73310532227,1815.55906200919,"249","990","taskwork"
"1_6_7",2,"PSAB-XA",0.782258815223433,0.228089038643929,3.42962037927926,0.00060442625010124,TRUE,1793.73310532227,1815.55906200919,"249","990","taskwork"
"1_6_7",2,"PSAB-XB",0.257424674036462,0.299382803458529,0.859851237488064,0.389871051074681,FALSE,1793.73310532227,1815.55906200919,"249","990","taskwork"
