"Team_ID","Round_Number","Covariate","Estimate","SE","Z_value","p_value","AIC","BIC"
"4_1_2","2","RRecSnd","-0.211233565443072","0.229833425063157","-0.919072434242438","0.358057686490596","2293.08573962541","2309.16041841346"
"4_1_2","2","RSndSnd","1.98994382967582","0.180825716286497","11.0047612172761","3.62474917276309e-28","2293.08573962541","2309.16041841346"
"4_1_2","2","CovSnd.1","-6.39767154138184","0.146360188200834","-43.7118291526314","0","2293.08573962541","2309.16041841346"
"4_1_2","2","PSAB-BA","1.5081712845133","0.334412274206797","4.50991605523625","6.48532835395943e-06","2293.08573962541","2309.16041841346"
"4_1_2","2","PSAB-BY","0.308585391224854","0.208150720459784","1.48250935929128","0.138204815125425","2293.08573962541","2309.16041841346"
