"Team_ID","Round_Number","Covariate","Estimate","SE","Z_value","p_value","Significant_at_0.001","AIC","BIC","participant1","participant2","Vero_type"
"1_2_7",1,"RRecSnd",-0.224627684184333,0.247975094015529,-0.905847762962303,0.365016436299555,FALSE,1684.1416724401,1706.83390154551,"516","773","taskwork"
"1_2_7",1,"RSndSnd",2.16628474545457,0.240505214937509,9.00722566875502,2.11334892731825e-19,TRUE,1684.1416724401,1706.83390154551,"516","773","taskwork"
"1_2_7",1,"CovSnd.1",-5.63216833192963,0.270922431553213,-20.7888593780888,5.45931095760063e-96,TRUE,1684.1416724401,1706.83390154551,"516","773","taskwork"
"1_2_7",1,"PSAB-BA",1.20634118500623,0.215818583949108,5.58960754413392,2.27583382267933e-08,TRUE,1684.1416724401,1706.83390154551,"516","773","taskwork"
"1_2_7",1,"PSAB-BY",0.394424234492908,0.271921393583692,1.45050828584957,0.146916830277369,FALSE,1684.1416724401,1706.83390154551,"516","773","taskwork"
"1_2_7",1,"PSAB-XA",0.769490702837318,0.265372065586237,2.89966730724813,0.00373558924076563,FALSE,1684.1416724401,1706.83390154551,"516","773","taskwork"
"1_2_7",1,"PSAB-XB",-0.431098197647182,0.371231071253656,-1.16126647532857,0.245533548536784,FALSE,1684.1416724401,1706.83390154551,"516","773","taskwork"
