"file_name","Team_ID","Round_Number","Covariate","Estimate","SE","Z_value","p_value","Significant_at_0.001","Significant_at_0.05","AIC","BIC","participant1","participant2","participant3","Vero_type"
"05_05_2021_vero #1_round 1_otter.ai_made_perfect.csv","4_1_1",1,"RRecSnd",-0.752909552767418,0.232095762162436,-3.24396079339218,0.00117879970704971,FALSE,TRUE,2102.10503985565,2129.18100035796,"193","272","705","unleashed"
"05_05_2021_vero #1_round 1_otter.ai_made_perfect.csv","4_1_1",1,"RSndSnd",1.87899579747712,0.184076040393732,10.2077152108336,1.83126141173819e-24,TRUE,TRUE,2102.10503985565,2129.18100035796,"193","272","705","unleashed"
"05_05_2021_vero #1_round 1_otter.ai_made_perfect.csv","4_1_1",1,"CovSnd.1",-6.16268727540737,0.263265980111653,-23.4085971639546,3.4933957652808e-121,TRUE,TRUE,2102.10503985565,2129.18100035796,"193","272","705","unleashed"
"05_05_2021_vero #1_round 1_otter.ai_made_perfect.csv","4_1_1",1,"PSAB-BA",2.55002018890281,0.323056315388582,7.89342311985318,2.94008708452053e-15,TRUE,TRUE,2102.10503985565,2129.18100035796,"193","272","705","unleashed"
"05_05_2021_vero #1_round 1_otter.ai_made_perfect.csv","4_1_1",1,"PSAB-BY",1.4297247106631,0.256327976569004,5.57771621264377,2.43696791425855e-08,TRUE,TRUE,2102.10503985565,2129.18100035796,"193","272","705","unleashed"
"05_05_2021_vero #1_round 1_otter.ai_made_perfect.csv","4_1_1",1,"PSAB-XA",2.07398421505476,0.255184375960251,8.12739497569324,4.38614362512041e-16,TRUE,TRUE,2102.10503985565,2129.18100035796,"193","272","705","unleashed"
"05_05_2021_vero #1_round 1_otter.ai_made_perfect.csv","4_1_1",1,"PSAB-XB",1.00823727233583,0.259168794029945,3.89027265458257,0.000100131650402199,TRUE,TRUE,2102.10503985565,2129.18100035796,"193","272","705","unleashed"
"05_05_2021_vero #1_round 1_otter.ai_made_perfect.csv","4_1_1",1,"PSAB-AY",0.230248661827215,0.384149609695525,0.599372369555988,0.548924598051799,FALSE,FALSE,2102.10503985565,2129.18100035796,"193","272","705","unleashed"
