"file_name","Team_ID","Round_Number","Covariate","Estimate","SE","Z_value","p_value","Significant_at_0.001","Significant_at_0.05","AIC","BIC","participant1","participant2","participant3","Vero_type"
"02_27_2021_vero #1_task_round 1_otter.ai_made_perfect.csv","1_1_4",1,"RRecSnd",-1.49269169664293,0.258346794151086,-5.7778603429078,7.56565646622932e-09,TRUE,TRUE,1696.52231001318,1721.22308069504,"213","587","992","taskwork"
"02_27_2021_vero #1_task_round 1_otter.ai_made_perfect.csv","1_1_4",1,"RSndSnd",2.03814756221951,0.231913113138783,8.7884101706652,1.51691256055807e-18,TRUE,TRUE,1696.52231001318,1721.22308069504,"213","587","992","taskwork"
"02_27_2021_vero #1_task_round 1_otter.ai_made_perfect.csv","1_1_4",1,"CovSnd.1",-6.50110290827857,0.304996733109561,-21.31531981342,8.18463496379176e-101,TRUE,TRUE,1696.52231001318,1721.22308069504,"213","587","992","taskwork"
"02_27_2021_vero #1_task_round 1_otter.ai_made_perfect.csv","1_1_4",1,"PSAB-BA",2.96565244578201,0.366841821069993,8.08428122271306,6.25318893165072e-16,TRUE,TRUE,1696.52231001318,1721.22308069504,"213","587","992","taskwork"
"02_27_2021_vero #1_task_round 1_otter.ai_made_perfect.csv","1_1_4",1,"PSAB-BY",1.42683949612208,0.289204735093378,4.93366574949536,8.07004970327296e-07,TRUE,TRUE,1696.52231001318,1721.22308069504,"213","587","992","taskwork"
"02_27_2021_vero #1_task_round 1_otter.ai_made_perfect.csv","1_1_4",1,"PSAB-XA",1.8025662463873,0.285563744419365,6.31230778281203,2.7490480221148e-10,TRUE,TRUE,1696.52231001318,1721.22308069504,"213","587","992","taskwork"
"02_27_2021_vero #1_task_round 1_otter.ai_made_perfect.csv","1_1_4",1,"PSAB-XB",0.763327393901767,0.295235726898754,2.58548449376364,0.00972422466988674,FALSE,TRUE,1696.52231001318,1721.22308069504,"213","587","992","taskwork"
"02_27_2021_vero #1_task_round 1_otter.ai_made_perfect.csv","1_1_4",1,"PSAB-AY",0.959799258267034,0.363487316176996,2.64053026213346,0.00827763996750799,FALSE,TRUE,1696.52231001318,1721.22308069504,"213","587","992","taskwork"
