"Team_ID","Round_Number","Covariate","Estimate","SE","Z_value","p_value","AIC","BIC"
"2111","1","RRecSnd","-0.0997551637394378","0.326828624656737","-0.305221624465144","0.760197363779025","1386.96941069525","1402.31393170636"
"2111","1","RSndSnd","1.87790002193369","0.280409924563332","6.69698130284814","2.12768831710989e-11","1386.96941069525","1402.31393170636"
"2111","1","CovSnd.1","-6.07789746149629","0.315828653966505","-19.2442876387678","1.57615199053394e-82","1386.96941069525","1402.31393170636"
"2111","1","PSAB-BA","1.89007003611168","0.226823572639799","8.33277606077193","7.89684457074963e-17","1386.96941069525","1402.31393170636"
"2111","1","PSAB-BY","0.810135294552016","0.327426641706491","2.47424977494113","0.0133516314006274","1386.96941069525","1402.31393170636"
