"file_name","Team_ID","Round_Number","Covariate","Estimate","SE","Z_value","p_value","Significant_at_0.001","Significant_at_0.05","AIC","BIC","participant1","participant2","participant3","Vero_type"
"02_25_2021_vero #7_task+team_round 3_otter.ai_made_perfect.csv","3_7_1",3,"RRecSnd",-0.772616234758403,0.254244390933343,-3.03887229103499,0.00237465496069377,FALSE,TRUE,2294.27561123519,2320.66215016758,"152","857","945","combined"
"02_25_2021_vero #7_task+team_round 3_otter.ai_made_perfect.csv","3_7_1",3,"RSndSnd",2.04315241675216,0.17903297679815,11.4121568735111,3.63599866181919e-30,TRUE,TRUE,2294.27561123519,2320.66215016758,"152","857","945","combined"
"02_25_2021_vero #7_task+team_round 3_otter.ai_made_perfect.csv","3_7_1",3,"CovSnd.1",-6.40142622524122,0.182161081511889,-35.1415690558656,1.56369723330007e-270,TRUE,TRUE,2294.27561123519,2320.66215016758,"152","857","945","combined"
"02_25_2021_vero #7_task+team_round 3_otter.ai_made_perfect.csv","3_7_1",3,"PSAB-BA",2.31247620565609,0.370603284073786,6.23976177500812,4.38237789131176e-10,TRUE,TRUE,2294.27561123519,2320.66215016758,"152","857","945","combined"
"02_25_2021_vero #7_task+team_round 3_otter.ai_made_perfect.csv","3_7_1",3,"PSAB-BY",0.4468057452352,0.266831161741042,1.67448862539085,0.0940346080316445,FALSE,FALSE,2294.27561123519,2320.66215016758,"152","857","945","combined"
"02_25_2021_vero #7_task+team_round 3_otter.ai_made_perfect.csv","3_7_1",3,"PSAB-XA",1.54172296390349,0.192420056930858,8.01227787006358,1.12603095311494e-15,TRUE,TRUE,2294.27561123519,2320.66215016758,"152","857","945","combined"
"02_25_2021_vero #7_task+team_round 3_otter.ai_made_perfect.csv","3_7_1",3,"PSAB-XB",0.517910684659593,0.211436447734003,2.44948631236535,0.0143060147070627,FALSE,TRUE,2294.27561123519,2320.66215016758,"152","857","945","combined"
"02_25_2021_vero #7_task+team_round 3_otter.ai_made_perfect.csv","3_7_1",3,"PSAB-AY",0.232590463387714,0.296117170008288,0.785467669372919,0.432179418942616,FALSE,FALSE,2294.27561123519,2320.66215016758,"152","857","945","combined"
