"Team_ID","Round_Number","Covariate","Estimate","SE","Z_value","p_value","Significant_at_0.001","AIC","BIC","participant1","participant2","Vero_type"
"4_5_5",3,"RRecSnd",0.132162146054793,0.201600262001867,0.655565348687738,0.512103826936485,FALSE,2263.14895716986,2287.24588114351,"188","987","unleashed"
"4_5_5",3,"RSndSnd",2.16621278143597,0.162640086785534,13.3190581993014,1.79355736926437e-40,TRUE,2263.14895716986,2287.24588114351,"188","987","unleashed"
"4_5_5",3,"CovSnd.1",-6.66203427096852,0.194948036134483,-34.173384882794,6.01089519267309e-256,TRUE,2263.14895716986,2287.24588114351,"188","987","unleashed"
"4_5_5",3,"PSAB-BA",2.25670650224775,0.248177656586693,9.09310907873545,9.62466115726606e-20,TRUE,2263.14895716986,2287.24588114351,"188","987","unleashed"
"4_5_5",3,"PSAB-BY",1.64527133977282,0.212886804506907,7.72838571927291,1.08918899387337e-14,TRUE,2263.14895716986,2287.24588114351,"188","987","unleashed"
"4_5_5",3,"PSAB-XA",1.42897736168173,0.209641037356158,6.81630552730974,9.34115293942537e-12,TRUE,2263.14895716986,2287.24588114351,"188","987","unleashed"
"4_5_5",3,"PSAB-XB",0.58581743095951,0.260649320725606,2.24753100959054,0.0246061110842997,FALSE,2263.14895716986,2287.24588114351,"188","987","unleashed"
