"Team_ID","Round_Number","Covariate","Estimate","SE","Z_value","p_value","AIC","BIC"
"121","1","RRecSnd","-0.47039210690773","0.199651038874725","-2.35607142121052","0.0184693662629025","2266.7120069506","2283.56519709123"
"121","1","RSndSnd","1.55641563451226","0.188897520440089","8.23947096227709","1.72973783154611e-16","2266.7120069506","2283.56519709123"
"121","1","CovSnd.1","-5.43157653509996","0.187504991840641","-28.967636977453","1.68287274401878e-184","2266.7120069506","2283.56519709123"
"121","1","PSAB-BA","1.53521059025646","0.208757059732058","7.35405352148051","1.92284682577217e-13","2266.7120069506","2283.56519709123"
"121","1","PSAB-BY","0.5622160628562","0.195616390948328","2.87407440721422","0.00405213485924483","2266.7120069506","2283.56519709123"
