"file_name","Team_ID","Round_Number","Covariate","Estimate","SE","Z_value","p_value","Significant_at_0.001","Significant_at_0.05","AIC","BIC","participant1","participant2","participant3","Vero_type"
"05_20_2021_vero #1_round 1_otter.ai_made_perfect.csv",451,1,"RRecSnd",-0.916653444526448,0.216978920949148,-4.22461979493979,2.39344509712259e-05,TRUE,TRUE,2331.79477027586,2359.67314574378,"108","179","326","unleashed"
"05_20_2021_vero #1_round 1_otter.ai_made_perfect.csv",451,1,"RSndSnd",1.63003425469568,0.182210276437224,8.94589639271672,3.68943048994717e-19,TRUE,TRUE,2331.79477027586,2359.67314574378,"108","179","326","unleashed"
"05_20_2021_vero #1_round 1_otter.ai_made_perfect.csv",451,1,"CovSnd.1",-5.95155858404748,0.259025920055234,-22.9766912237138,7.97354467779339e-117,TRUE,TRUE,2331.79477027586,2359.67314574378,"108","179","326","unleashed"
"05_20_2021_vero #1_round 1_otter.ai_made_perfect.csv",451,1,"PSAB-BA",2.81514375042774,0.313147477571879,8.98983371111956,2.47604772586183e-19,TRUE,TRUE,2331.79477027586,2359.67314574378,"108","179","326","unleashed"
"05_20_2021_vero #1_round 1_otter.ai_made_perfect.csv",451,1,"PSAB-BY",1.41991324929139,0.264539872829046,5.36748292084112,7.98430662390421e-08,TRUE,TRUE,2331.79477027586,2359.67314574378,"108","179","326","unleashed"
"05_20_2021_vero #1_round 1_otter.ai_made_perfect.csv",451,1,"PSAB-XA",1.93375318290946,0.259889432873507,7.440676450476,1.00171017277939e-13,TRUE,TRUE,2331.79477027586,2359.67314574378,"108","179","326","unleashed"
"05_20_2021_vero #1_round 1_otter.ai_made_perfect.csv",451,1,"PSAB-XB",1.09825289560562,0.24926943878865,4.40588666200998,1.05352040947408e-05,TRUE,TRUE,2331.79477027586,2359.67314574378,"108","179","326","unleashed"
"05_20_2021_vero #1_round 1_otter.ai_made_perfect.csv",451,1,"PSAB-AY",1.10703261630334,0.297070606842276,3.72649663347911,0.00019415966425768,TRUE,TRUE,2331.79477027586,2359.67314574378,"108","179","326","unleashed"
