"Team_ID","Round_Number","Covariate","Estimate","SE","Z_value","p_value","Significant_at_0.001","AIC","BIC","participant1","participant2","Vero_type"
2111,1,"RRecSnd",-0.913174237259011,0.42627182204992,-2.14223457902425,0.032174610247023,FALSE,1350.76303218732,1372.24536160286,"112","781","teamwork"
2111,1,"RSndSnd",2.27518914808887,0.288574637322921,7.88423116180816,3.1647795736567e-15,TRUE,1350.76303218732,1372.24536160286,"112","781","teamwork"
2111,1,"CovSnd.1",-6.90739495262454,0.403254683141869,-17.1291127949392,9.00169612907069e-66,TRUE,1350.76303218732,1372.24536160286,"112","781","teamwork"
2111,1,"PSAB-BA",3.16516149086133,0.396869483309106,7.97532091525441,1.51985386598474e-15,TRUE,1350.76303218732,1372.24536160286,"112","781","teamwork"
2111,1,"PSAB-BY",1.40711724318736,0.398040409432749,3.53511153601881,0.000407603071156126,TRUE,1350.76303218732,1372.24536160286,"112","781","teamwork"
2111,1,"PSAB-XA",2.43936070451147,0.414238928881886,5.88877706664555,3.89063849092665e-09,TRUE,1350.76303218732,1372.24536160286,"112","781","teamwork"
2111,1,"PSAB-XB",1.35961066306175,0.497768705416982,2.73141048897961,0.00630638692757734,FALSE,1350.76303218732,1372.24536160286,"112","781","teamwork"
