"Team_ID","Round_Number","Covariate","Estimate","SE","Z_value","p_value","AIC","BIC"
"451","3","RRecSnd","-0.0250717959707255","0.189463018382336","-0.132330816772541","0.894722633447228","2684.61287781624","2701.95317852192"
"451","3","RSndSnd","1.9830846569738","0.156887388704854","12.6401788782685","1.26765231440574e-36","2684.61287781624","2701.95317852192"
"451","3","CovSnd.1","-5.97627776588391","0.128157443875871","-46.6323108915337","0","2684.61287781624","2701.95317852192"
"451","3","PSAB-BA","1.64321120507713","0.236414801998579","6.95054282213264","3.63883321082569e-12","2684.61287781624","2701.95317852192"
"451","3","PSAB-BY","0.245100580525947","0.212407968281619","1.15391424582049","0.248535328078509","2684.61287781624","2701.95317852192"
