"Team_ID","Round_Number","Covariate","Estimate","SE","Z_value","p_value","AIC","BIC"
"1_3_4","1","RRecSnd","-0.683104187401558","0.212060382819236","-3.22127206562599","0.00127622933368772","1920.79249756235","1936.67324622522"
"1_3_4","1","RSndSnd","1.60581282695044","0.213786717953781","7.51128434132939","5.85500631747998e-14","1920.79249756235","1936.67324622522"
"1_3_4","1","CovSnd.1","-5.39831883400068","0.203115676294835","-26.5775588200523","1.23380602227662e-155","1920.79249756235","1936.67324622522"
"1_3_4","1","PSAB-BA","1.55139020223864","0.257297262104949","6.02956358550697","1.64403023975463e-09","1920.79249756235","1936.67324622522"
"1_3_4","1","PSAB-BY","0.234798581312354","0.218061025157932","1.07675629398834","0.281589155671426","1920.79249756235","1936.67324622522"
