"file_name","Team_ID","Round_Number","Covariate","Estimate","SE","Z_value","p_value","Significant_at_0.001","Significant_at_0.05","AIC","BIC","participant1","participant2","participant3","Vero_type"
"03_11_2021_vero #7_task+team_round 2_otter.ai_made_perfect.csv","3_7_12",2,"RRecSnd",-0.0699775268840373,0.239722055719254,-0.291911091259747,0.770354603055022,FALSE,FALSE,1840.26192860869,1865.15783091554,"139","149",-1,"combined"
"03_11_2021_vero #7_task+team_round 2_otter.ai_made_perfect.csv","3_7_12",2,"RSndSnd",2.58385520846227,0.213753680423821,12.0880033660198,1.22220932784159e-33,TRUE,TRUE,1840.26192860869,1865.15783091554,"139","149",-1,"combined"
"03_11_2021_vero #7_task+team_round 2_otter.ai_made_perfect.csv","3_7_12",2,"CovSnd.1",-7.00603004619412,0.239643451086329,-29.2352243069238,6.92054896894749e-188,TRUE,TRUE,1840.26192860869,1865.15783091554,"139","149",-1,"combined"
"03_11_2021_vero #7_task+team_round 2_otter.ai_made_perfect.csv","3_7_12",2,"PSAB-BA",1.90124993026633,0.313974670001798,6.05542456738768,1.40047790557482e-09,TRUE,TRUE,1840.26192860869,1865.15783091554,"139","149",-1,"combined"
"03_11_2021_vero #7_task+team_round 2_otter.ai_made_perfect.csv","3_7_12",2,"PSAB-BY",0.932270275241303,0.250830690468609,3.71673128794411,0.000201816889651859,TRUE,TRUE,1840.26192860869,1865.15783091554,"139","149",-1,"combined"
"03_11_2021_vero #7_task+team_round 2_otter.ai_made_perfect.csv","3_7_12",2,"PSAB-XA",0.88742501838353,0.233497083488271,3.8005828814907,0.000144356123591728,TRUE,TRUE,1840.26192860869,1865.15783091554,"139","149",-1,"combined"
"03_11_2021_vero #7_task+team_round 2_otter.ai_made_perfect.csv","3_7_12",2,"PSAB-XB",-0.404831120073777,0.41272148745424,-0.980882101803972,0.326650884666347,FALSE,FALSE,1840.26192860869,1865.15783091554,"139","149",-1,"combined"
"03_11_2021_vero #7_task+team_round 2_otter.ai_made_perfect.csv","3_7_12",2,"PSAB-AY",1.10877069407605,0.265402846078715,4.17768954047765,2.94485236256301e-05,TRUE,TRUE,1840.26192860869,1865.15783091554,"139","149",-1,"combined"
