"Team_ID","Round_Number","Covariate","Estimate","SE","Z_value","p_value","Significant_at_0.001","AIC","BIC","participant1","participant2","participant3","Vero_type"
"2_5_1",1,"RRecSnd",-1.40265131405789,0.23055463970724,-6.08381299911808,1.17357475468101e-09,TRUE,2728.61514106545,2753.80409477843,"524","739","997","teamwork"
"2_5_1",1,"RSndSnd",1.51276865073913,0.169889420574496,8.90443116247951,5.36604979883779e-19,TRUE,2728.61514106545,2753.80409477843,"524","739","997","teamwork"
"2_5_1",1,"CovSnd.1",-5.13569893601227,0.182541491330508,-28.1344197342709,3.71721533562103e-174,TRUE,2728.61514106545,2753.80409477843,"524","739","997","teamwork"
"2_5_1",1,"PSAB-BA",2.23352688359588,0.261323923853602,8.54696673254892,1.2636559659516e-17,TRUE,2728.61514106545,2753.80409477843,"524","739","997","teamwork"
"2_5_1",1,"PSAB-BY",0.519930441714034,0.199457843440153,2.60671845612348,0.00914144906432793,FALSE,2728.61514106545,2753.80409477843,"524","739","997","teamwork"
"2_5_1",1,"PSAB-XA",1.44479257799332,0.199431379705328,7.24455990891748,4.33845612816169e-13,TRUE,2728.61514106545,2753.80409477843,"524","739","997","teamwork"
"2_5_1",1,"PSAB-XB",-0.147410649502218,0.198246664138574,-0.743571903934679,0.457135506040009,FALSE,2728.61514106545,2753.80409477843,"524","739","997","teamwork"
