"file_name","Team_ID","Round_Number","Covariate","Estimate","SE","Z_value","p_value","Significant_at_0.001","Significant_at_0.05","AIC","BIC","participant1","participant2","participant3","Vero_type"
"05_20_2021_vero #4_round 2_otter.ai_made_perfect.csv","4_5_4",2,"RRecSnd",-0.426031832510095,0.201274878247349,-2.11666670088127,0.034288144835697,FALSE,TRUE,2483.68670462902,2511.66405043137,"106","540",-1,"unleashed"
"05_20_2021_vero #4_round 2_otter.ai_made_perfect.csv","4_5_4",2,"RSndSnd",2.36860816761583,0.165982951199356,14.2701895013963,3.35665257167464e-46,TRUE,TRUE,2483.68670462902,2511.66405043137,"106","540",-1,"unleashed"
"05_20_2021_vero #4_round 2_otter.ai_made_perfect.csv","4_5_4",2,"CovSnd.1",-6.165227749198,0.182999532668614,-33.6898551558726,8.13886481643706e-249,TRUE,TRUE,2483.68670462902,2511.66405043137,"106","540",-1,"unleashed"
"05_20_2021_vero #4_round 2_otter.ai_made_perfect.csv","4_5_4",2,"PSAB-BA",2.10504301759167,0.279970241717797,7.51880987306323,5.52771003847068e-14,TRUE,TRUE,2483.68670462902,2511.66405043137,"106","540",-1,"unleashed"
"05_20_2021_vero #4_round 2_otter.ai_made_perfect.csv","4_5_4",2,"PSAB-BY",1.00727610121558,0.20065803930669,5.01986416639924,5.17080304233911e-07,TRUE,TRUE,2483.68670462902,2511.66405043137,"106","540",-1,"unleashed"
"05_20_2021_vero #4_round 2_otter.ai_made_perfect.csv","4_5_4",2,"PSAB-XA",0.97437403120964,0.190121778871951,5.12499955024032,2.97538456628533e-07,TRUE,TRUE,2483.68670462902,2511.66405043137,"106","540",-1,"unleashed"
"05_20_2021_vero #4_round 2_otter.ai_made_perfect.csv","4_5_4",2,"PSAB-XB",0.0555910126852477,0.244798624438707,0.227088746159056,0.820354734735564,FALSE,FALSE,2483.68670462902,2511.66405043137,"106","540",-1,"unleashed"
"05_20_2021_vero #4_round 2_otter.ai_made_perfect.csv","4_5_4",2,"PSAB-AY",0.634149747106029,0.23708936102391,2.6747288210966,0.00747897186952275,FALSE,TRUE,2483.68670462902,2511.66405043137,"106","540",-1,"unleashed"
