"Team_ID","Round_Number","Covariate","Estimate","SE","Z_value","p_value","AIC","BIC"
"116","1","RRecSnd","-0.61209742481394","0.195819744351227","-3.12582077380342","0.00177309577540244","2090.17765724258","2106.61899239606"
"116","1","RSndSnd","1.51708808045817","0.19410377377329","7.81586082004826","5.45886667217914e-15","2090.17765724258","2106.61899239606"
"116","1","CovSnd.1","-5.14418012860071","0.180405078554785","-28.5146081796059","7.72033551273497e-179","2090.17765724258","2106.61899239606"
"116","1","PSAB-BA","1.16118879613755","0.243411443731047","4.77047742020128","1.83789788227087e-06","2090.17765724258","2106.61899239606"
"116","1","PSAB-BY","0.0964008699053085","0.215552125992125","0.44722764603505","0.654710702185062","2090.17765724258","2106.61899239606"
