"file_name","Team_ID","Round_Number","Covariate","Estimate","SE","Z_value","p_value","Significant_at_0.001","Significant_at_0.05","AIC","BIC","participant1","participant2","participant3","Vero_type"
"03_06_2021PM_vero #13_task+team_round 3_otter.ai_made_perfect.csv","3_13_8",3,"RRecSnd",-0.686961453340484,0.225402018709423,-3.0477165079257,0.00230587350027313,FALSE,TRUE,2357.36366315084,2384.90300483502,"744","824",-1,"combined"
"03_06_2021PM_vero #13_task+team_round 3_otter.ai_made_perfect.csv","3_13_8",3,"RSndSnd",2.37255445024904,0.166099850991932,14.2839047481402,2.75710039870636e-46,TRUE,TRUE,2357.36366315084,2384.90300483502,"744","824",-1,"combined"
"03_06_2021PM_vero #13_task+team_round 3_otter.ai_made_perfect.csv","3_13_8",3,"CovSnd.1",-6.31936141815482,0.187913145984533,-33.6291608819905,6.28901860084219e-248,TRUE,TRUE,2357.36366315084,2384.90300483502,"744","824",-1,"combined"
"03_06_2021PM_vero #13_task+team_round 3_otter.ai_made_perfect.csv","3_13_8",3,"PSAB-BA",2.48448612193476,0.299108402496308,8.30630668078747,9.87268679819574e-17,TRUE,TRUE,2357.36366315084,2384.90300483502,"744","824",-1,"combined"
"03_06_2021PM_vero #13_task+team_round 3_otter.ai_made_perfect.csv","3_13_8",3,"PSAB-BY",0.815681160410295,0.213786458285526,3.81540143820006,0.000135961717598872,TRUE,TRUE,2357.36366315084,2384.90300483502,"744","824",-1,"combined"
"03_06_2021PM_vero #13_task+team_round 3_otter.ai_made_perfect.csv","3_13_8",3,"PSAB-XA",1.34559863953057,0.186980691752254,7.19645770330908,6.17969460753475e-13,TRUE,TRUE,2357.36366315084,2384.90300483502,"744","824",-1,"combined"
"03_06_2021PM_vero #13_task+team_round 3_otter.ai_made_perfect.csv","3_13_8",3,"PSAB-XB",0.436528587709147,0.229490976186647,1.90216014138227,0.0571502219198078,FALSE,FALSE,2357.36366315084,2384.90300483502,"744","824",-1,"combined"
"03_06_2021PM_vero #13_task+team_round 3_otter.ai_made_perfect.csv","3_13_8",3,"PSAB-AY",-0.10749151128808,0.32496490312396,-0.330778832590042,0.740811550837769,FALSE,FALSE,2357.36366315084,2384.90300483502,"744","824",-1,"combined"
