"Team_ID","Round_Number","Covariate","Estimate","SE","Z_value","p_value","Significant_at_0.001","AIC","BIC","participant1","participant2","Vero_type"
"4_5_4",2,"RRecSnd",-0.412835190914701,0.201950077563977,-2.04424378487261,0.0409294696518376,FALSE,2488.32285098922,2512.80302856627,"106","540","unleashed"
"4_5_4",2,"RSndSnd",2.26525356591792,0.157439730586309,14.3880681037884,6.1489623098445e-47,TRUE,2488.32285098922,2512.80302856627,"106","540","unleashed"
"4_5_4",2,"CovSnd.1",-5.93960579763807,0.154350793442683,-38.4812132491155,0,TRUE,2488.32285098922,2512.80302856627,"106","540","unleashed"
"4_5_4",2,"PSAB-BA",1.92221393559665,0.268613053359512,7.15607045732045,8.30224842322849e-13,TRUE,2488.32285098922,2512.80302856627,"106","540","unleashed"
"4_5_4",2,"PSAB-BY",0.835432440653573,0.185773830075622,4.49704051595155,6.8905861440665e-06,TRUE,2488.32285098922,2512.80302856627,"106","540","unleashed"
"4_5_4",2,"PSAB-XA",0.816096194886823,0.175993427979922,4.63708335165745,3.53359942891179e-06,TRUE,2488.32285098922,2512.80302856627,"106","540","unleashed"
"4_5_4",2,"PSAB-XB",-0.104037305491842,0.233840695610767,-0.444906756799144,0.656387139502133,FALSE,2488.32285098922,2512.80302856627,"106","540","unleashed"
