"file_name","Team_ID","Round_Number","Covariate","Estimate","SE","Z_value","p_value","Significant_at_0.001","Significant_at_0.05","AIC","BIC","participant1","participant2","participant3","Vero_type"
"03_10_2021_vero#3_task_round 1_otter.ai_made_perfect.csv","1_3_11",1,"RRecSnd",-0.896095010664502,0.340899425879756,-2.6286198879683,0.00857321299171225,FALSE,TRUE,1529.1226184437,1554.11433027893,"395","825",-1,"taskwork"
"03_10_2021_vero#3_task_round 1_otter.ai_made_perfect.csv","1_3_11",1,"RSndSnd",1.80226578860155,0.212288629964395,8.48969532143016,2.07179536268254e-17,TRUE,TRUE,1529.1226184437,1554.11433027893,"395","825",-1,"taskwork"
"03_10_2021_vero#3_task_round 1_otter.ai_made_perfect.csv","1_3_11",1,"CovSnd.1",-6.46806366311047,0.394297435203579,-16.4040216487104,1.78986872756676e-60,TRUE,TRUE,1529.1226184437,1554.11433027893,"395","825",-1,"taskwork"
"03_10_2021_vero#3_task_round 1_otter.ai_made_perfect.csv","1_3_11",1,"PSAB-BA",2.97137581894379,0.433264914220118,6.85810394846373,6.97804786893389e-12,TRUE,TRUE,1529.1226184437,1554.11433027893,"395","825",-1,"taskwork"
"03_10_2021_vero#3_task_round 1_otter.ai_made_perfect.csv","1_3_11",1,"PSAB-BY",2.04013245868334,0.365756177645682,5.57784825895593,2.4351192571099e-08,TRUE,TRUE,1529.1226184437,1554.11433027893,"395","825",-1,"taskwork"
"03_10_2021_vero#3_task_round 1_otter.ai_made_perfect.csv","1_3_11",1,"PSAB-XA",2.62319895320874,0.421641124266274,6.22140204604932,4.9273174275679e-10,TRUE,TRUE,1529.1226184437,1554.11433027893,"395","825",-1,"taskwork"
"03_10_2021_vero#3_task_round 1_otter.ai_made_perfect.csv","1_3_11",1,"PSAB-XB",1.56892453920076,0.375543537113242,4.17774341494702,2.94415512002154e-05,TRUE,TRUE,1529.1226184437,1554.11433027893,"395","825",-1,"taskwork"
"03_10_2021_vero#3_task_round 1_otter.ai_made_perfect.csv","1_3_11",1,"PSAB-AY",0.784798629028055,0.487017472756759,1.61143834241862,0.107084215838153,FALSE,FALSE,1529.1226184437,1554.11433027893,"395","825",-1,"taskwork"
