"Team_ID","Round_Number","Covariate","Estimate","SE","Z_value","p_value","AIC","BIC"
"3_5_6","1","RRecSnd","0.33859416912122","0.283186532418035","1.1956577391943","0.231830149462616","1455.91358906196","1471.382340066"
"3_5_6","1","RSndSnd","1.94157020840109","0.240191956303044","8.08341061160043","6.29801231153606e-16","1455.91358906196","1471.382340066"
"3_5_6","1","CovSnd.1","-6.13142121819954","0.301230900297776","-20.3545559640078","4.23066385342343e-92","1455.91358906196","1471.382340066"
"3_5_6","1","PSAB-BA","1.44861783923344","0.200645835060237","7.21977527616529","5.20735554232195e-13","1455.91358906196","1471.382340066"
"3_5_6","1","PSAB-BY","1.21869884580208","0.282304577132849","4.316964528806","1.58189567356797e-05","1455.91358906196","1471.382340066"
