"Team_ID","Round_Number","Covariate","Estimate","SE","Z_value","p_value","AIC","BIC"
"241","3","RRecSnd","-0.0273448567266324","0.230497704125704","-0.118633965706312","0.905565354624455","1829.74303779872","1844.76276932845"
"241","3","RSndSnd","2.12548265387892","0.199578107788609","10.6498787739295","1.74592271579188e-26","1829.74303779872","1844.76276932845"
"241","3","CovSnd.1","-6.41987137203456","0.16397532109296","-39.1514487012046","0","1829.74303779872","1844.76276932845"
"241","3","PSAB-BA","0.968194721215652","0.385731891706271","2.51001989214031","0.0120724360786369","1829.74303779872","1844.76276932845"
"241","3","PSAB-BY","0.473422147235287","0.246239540355365","1.92260815038908","0.0545292796530204","1829.74303779872","1844.76276932845"
