"file_name","Team_ID","Round_Number","Covariate","Estimate","SE","Z_value","p_value","Significant_at_0.001","Significant_at_0.05","AIC","BIC","participant1","participant2","participant3","Vero_type"
"02_27_2021_vero #5_task+team_round 2_otter.ai_made_perfect.csv","3_5_4",2,"RRecSnd",-0.756317634610732,0.264235399000683,-2.86228732967295,0.0042059542028199,FALSE,TRUE,2260.22793111784,2286.32945262908,"101","708","986","combined"
"02_27_2021_vero #5_task+team_round 2_otter.ai_made_perfect.csv","3_5_4",2,"RSndSnd",2.44686442080197,0.19040927796366,12.8505524886711,8.53981379267322e-38,TRUE,TRUE,2260.22793111784,2286.32945262908,"101","708","986","combined"
"02_27_2021_vero #5_task+team_round 2_otter.ai_made_perfect.csv","3_5_4",2,"CovSnd.1",-6.47347676561268,0.182471022802851,-35.476738531832,1.12294039913987e-275,TRUE,TRUE,2260.22793111784,2286.32945262908,"101","708","986","combined"
"02_27_2021_vero #5_task+team_round 2_otter.ai_made_perfect.csv","3_5_4",2,"PSAB-BA",1.09522405024241,0.517544294292986,2.11619384527964,0.0343283244672434,FALSE,TRUE,2260.22793111784,2286.32945262908,"101","708","986","combined"
"02_27_2021_vero #5_task+team_round 2_otter.ai_made_perfect.csv","3_5_4",2,"PSAB-BY",0.50140829464174,0.263764766908257,1.90096767100111,0.0573062472773722,FALSE,FALSE,2260.22793111784,2286.32945262908,"101","708","986","combined"
"02_27_2021_vero #5_task+team_round 2_otter.ai_made_perfect.csv","3_5_4",2,"PSAB-XA",0.862592842925578,0.19899698938072,4.33470298023086,1.45957058431824e-05,TRUE,TRUE,2260.22793111784,2286.32945262908,"101","708","986","combined"
"02_27_2021_vero #5_task+team_round 2_otter.ai_made_perfect.csv","3_5_4",2,"PSAB-XB",-0.196137131560036,0.222443794974997,-0.881737931067403,0.377918543781169,FALSE,FALSE,2260.22793111784,2286.32945262908,"101","708","986","combined"
"02_27_2021_vero #5_task+team_round 2_otter.ai_made_perfect.csv","3_5_4",2,"PSAB-AY",0.321038694421045,0.265960838913795,1.20709009541477,0.227397448852163,FALSE,FALSE,2260.22793111784,2286.32945262908,"101","708","986","combined"
