"file_name","Team_ID","Round_Number","Covariate","Estimate","SE","Z_value","p_value","Significant_at_0.001","Significant_at_0.05","AIC","BIC","participant1","participant2","participant3","Vero_type"
"05_12_2021_vero #1_round 3_otter.ai_made_perfect.csv","4_2_1",3,"RRecSnd",-0.798824976913539,0.229177446689,-3.48561775364208,0.000491002067694007,TRUE,TRUE,2592.57976279889,2620.2904172391,"268","315","329","unleashed"
"05_12_2021_vero #1_round 3_otter.ai_made_perfect.csv","4_2_1",3,"RSndSnd",2.09783663673853,0.161178622782435,13.015600955781,9.97544064955195e-39,TRUE,TRUE,2592.57976279889,2620.2904172391,"268","315","329","unleashed"
"05_12_2021_vero #1_round 3_otter.ai_made_perfect.csv","4_2_1",3,"CovSnd.1",-6.29636755369634,0.166215648285009,-37.8807147140562,0,TRUE,TRUE,2592.57976279889,2620.2904172391,"268","315","329","unleashed"
"05_12_2021_vero #1_round 3_otter.ai_made_perfect.csv","4_2_1",3,"PSAB-BA",2.62437006034475,0.303770084729572,8.63933017854956,5.65435443116755e-18,TRUE,TRUE,2592.57976279889,2620.2904172391,"268","315","329","unleashed"
"05_12_2021_vero #1_round 3_otter.ai_made_perfect.csv","4_2_1",3,"PSAB-BY",0.576330815223995,0.246541588572181,2.33766164387012,0.0194048073992581,FALSE,TRUE,2592.57976279889,2620.2904172391,"268","315","329","unleashed"
"05_12_2021_vero #1_round 3_otter.ai_made_perfect.csv","4_2_1",3,"PSAB-XA",1.45436186596659,0.189180171917828,7.68770770859806,1.49794539127268e-14,TRUE,TRUE,2592.57976279889,2620.2904172391,"268","315","329","unleashed"
"05_12_2021_vero #1_round 3_otter.ai_made_perfect.csv","4_2_1",3,"PSAB-XB",0.592933092822337,0.194037704039466,3.05576225897694,0.00224489179846269,FALSE,TRUE,2592.57976279889,2620.2904172391,"268","315","329","unleashed"
"05_12_2021_vero #1_round 3_otter.ai_made_perfect.csv","4_2_1",3,"PSAB-AY",0.147364641815995,0.292840248381531,0.503225368201433,0.61480583104912,FALSE,FALSE,2592.57976279889,2620.2904172391,"268","315","329","unleashed"
