"Team_ID","Round_Number","Covariate","Estimate","SE","Z_value","p_value","AIC","BIC"
"3_13_8","1","RRecSnd","0.329083020921307","0.270523784612963","1.21646612844828","0.223807406416962","1425.63454937851","1440.85167496311"
"3_13_8","1","RSndSnd","1.77755162344622","0.235284509801816","7.55490289158212","4.19172477028735e-14","1425.63454937851","1440.85167496311"
"3_13_8","1","CovSnd.1","-5.92067509445808","0.288841412814921","-20.4980132064782","2.24264421950019e-93","1425.63454937851","1440.85167496311"
"3_13_8","1","PSAB-BA","1.29156812392342","0.202740262857712","6.37055563467366","1.88344604833793e-10","1425.63454937851","1440.85167496311"
"3_13_8","1","PSAB-BY","1.09683335461269","0.275096052739698","3.98709230354003","6.68880078710652e-05","1425.63454937851","1440.85167496311"
