"file_name","Team_ID","Round_Number","Covariate","Estimate","SE","Z_value","p_value","Significant_at_0.001","Significant_at_0.05","AIC","BIC","participant1","participant2","participant3","Vero_type"
"05_13_2021_vero #7_round 1_otter.ai_made_perfect.csv","4_3_7",1,"RRecSnd",0.222453701496662,0.404453763453517,0.550010215252277,0.582312367080384,FALSE,FALSE,1741.78928215422,1769.70078396347,"631","842",-1,"unleashed"
"05_13_2021_vero #7_round 1_otter.ai_made_perfect.csv","4_3_7",1,"RSndSnd",2.68402823021441,0.24025674828393,11.17149986165,5.62233872348914e-29,TRUE,TRUE,1741.78928215422,1769.70078396347,"631","842",-1,"unleashed"
"05_13_2021_vero #7_round 1_otter.ai_made_perfect.csv","4_3_7",1,"CovSnd.1",-7.74069865611467,0.504943216345537,-15.3298398820703,4.83176111595788e-53,TRUE,TRUE,1741.78928215422,1769.70078396347,"631","842",-1,"unleashed"
"05_13_2021_vero #7_round 1_otter.ai_made_perfect.csv","4_3_7",1,"PSAB-BA",2.98694034552309,0.337979238491326,8.83764446258952,9.77577928765273e-19,TRUE,TRUE,1741.78928215422,1769.70078396347,"631","842",-1,"unleashed"
"05_13_2021_vero #7_round 1_otter.ai_made_perfect.csv","4_3_7",1,"PSAB-BY",2.78859202172301,0.47424172788932,5.88010682681601,4.10001785540798e-09,TRUE,TRUE,1741.78928215422,1769.70078396347,"631","842",-1,"unleashed"
"05_13_2021_vero #7_round 1_otter.ai_made_perfect.csv","4_3_7",1,"PSAB-XA",2.73194488784956,0.361224754463969,7.56300573005737,3.93860246016859e-14,TRUE,TRUE,1741.78928215422,1769.70078396347,"631","842",-1,"unleashed"
"05_13_2021_vero #7_round 1_otter.ai_made_perfect.csv","4_3_7",1,"PSAB-XB",1.7459169729344,0.549189472514187,3.17907946221474,0.0014774358260072,FALSE,TRUE,1741.78928215422,1769.70078396347,"631","842",-1,"unleashed"
"05_13_2021_vero #7_round 1_otter.ai_made_perfect.csv","4_3_7",1,"PSAB-AY",0.875472112727292,0.592893618359333,1.47660910088713,0.139780450749618,FALSE,FALSE,1741.78928215422,1769.70078396347,"631","842",-1,"unleashed"
