"Team_ID","Round_Number","Covariate","Estimate","SE","Z_value","p_value","AIC","BIC"
"264","1","RRecSnd","-0.575767600950299","0.196093091391256","-2.9361952369933","0.00332265129239938","2102.5154453579","2119.17903932422"
"264","1","RSndSnd","1.80293118691289","0.196143242626938","9.19191078298852","3.85924095179172e-20","2102.5154453579","2119.17903932422"
"264","1","CovSnd.1","-5.28251464809922","0.189569277046407","-27.8658795897927","6.91677906599242e-171","2102.5154453579","2119.17903932422"
"264","1","PSAB-BA","1.32590301044982","0.244887266972832","5.41434034868343","6.1515060891972e-08","2102.5154453579","2119.17903932422"
"264","1","PSAB-BY","0.395614191217363","0.196454195919427","2.01377318191574","0.0440333525797013","2102.5154453579","2119.17903932422"
