"Team_ID","Round_Number","Covariate","Estimate","SE","Z_value","p_value","AIC","BIC"
"2_3_6","3","RRecSnd","0.217642898692465","0.229525644886634","0.948229113134445","0.343012829165512","1684.02475562847","1699.46273730463"
"2_3_6","3","RSndSnd","2.61807537130432","0.205356089546736","12.7489541560854","3.15955501800973e-37","1684.02475562847","1699.46273730463"
"2_3_6","3","CovSnd.1","-6.88505240097544","0.193596049673452","-35.564012863841","5.04627618551322e-277","1684.02475562847","1699.46273730463"
"2_3_6","3","PSAB-BA","1.8612393422893","0.230012428479193","8.09190770514243","5.87374117072704e-16","1684.02475562847","1699.46273730463"
"2_3_6","3","PSAB-BY","0.590590341440386","0.262061922019884","2.25362897779394","0.0242195187627794","1684.02475562847","1699.46273730463"
