"Team_ID","Round_Number","Covariate","Estimate","SE","Z_value","p_value","Significant_at_0.001","AIC","BIC","participant1","participant2","participant3","Vero_type"
"2_3_5",2,"RRecSnd",-0.877566770074219,0.267071611281199,-3.28588563143924,0.00101662278268491,FALSE,2126.8376556304,2149.07070375841,"431","716","802","teamwork"
"2_3_5",2,"RSndSnd",2.11234633124486,0.186780123563434,11.3092672332849,1.180714509688e-29,TRUE,2126.8376556304,2149.07070375841,"431","716","802","teamwork"
"2_3_5",2,"CovSnd.1",-6.57163915606663,0.17041305120333,-38.563003887687,0,TRUE,2126.8376556304,2149.07070375841,"431","716","802","teamwork"
"2_3_5",2,"PSAB-BA",1.96215479762455,0.408558104956327,4.80263339246273,1.56592432275407e-06,TRUE,2126.8376556304,2149.07070375841,"431","716","802","teamwork"
"2_3_5",2,"PSAB-BY",0.472885582345397,0.255563575303955,1.85036377653963,0.0642611362098831,FALSE,2126.8376556304,2149.07070375841,"431","716","802","teamwork"
"2_3_5",2,"PSAB-XA",1.32714525993089,0.198974245798323,6.66993486823449,2.55916974385178e-11,TRUE,2126.8376556304,2149.07070375841,"431","716","802","teamwork"
"2_3_5",2,"PSAB-XB",0.502786997897005,0.210685096946334,2.3864383631514,0.0170124588857073,FALSE,2126.8376556304,2149.07070375841,"431","716","802","teamwork"
