"file_name","Team_ID","Round_Number","Covariate","Estimate","SE","Z_value","p_value","Significant_at_0.001","Significant_at_0.05","AIC","BIC","participant1","participant2","participant3","Vero_type"
"05_20_2021_vero #5_round 1_otter.ai_made_perfect.csv","4_5_5",1,"RRecSnd",0.11593819344531,0.491601404308898,0.235837799544731,0.813558535530385,FALSE,FALSE,1561.55976513186,1588.3366253776,"188","987",-1,"unleashed"
"05_20_2021_vero #5_round 1_otter.ai_made_perfect.csv","4_5_5",1,"RSndSnd",2.23267693956708,0.263537593742187,8.47194856666733,2.4132169404643e-17,TRUE,TRUE,1561.55976513186,1588.3366253776,"188","987",-1,"unleashed"
"05_20_2021_vero #5_round 1_otter.ai_made_perfect.csv","4_5_5",1,"CovSnd.1",-8.10723527706798,0.685820395103348,-11.8212221960041,3.03240414668994e-32,TRUE,TRUE,1561.55976513186,1588.3366253776,"188","987",-1,"unleashed"
"05_20_2021_vero #5_round 1_otter.ai_made_perfect.csv","4_5_5",1,"PSAB-BA",3.7833881598081,0.513418955934776,7.36900754456899,1.71902934368993e-13,TRUE,TRUE,1561.55976513186,1588.3366253776,"188","987",-1,"unleashed"
"05_20_2021_vero #5_round 1_otter.ai_made_perfect.csv","4_5_5",1,"PSAB-BY",3.099822104814,0.669160215968245,4.63240645639504,3.61439661933108e-06,TRUE,TRUE,1561.55976513186,1588.3366253776,"188","987",-1,"unleashed"
"05_20_2021_vero #5_round 1_otter.ai_made_perfect.csv","4_5_5",1,"PSAB-XA",3.45007549137975,0.544899274296858,6.3315839350892,2.42657103999761e-10,TRUE,TRUE,1561.55976513186,1588.3366253776,"188","987",-1,"unleashed"
"05_20_2021_vero #5_round 1_otter.ai_made_perfect.csv","4_5_5",1,"PSAB-XB",2.23152513571963,0.694070329902922,3.21512826521736,0.00130386247983933,FALSE,TRUE,1561.55976513186,1588.3366253776,"188","987",-1,"unleashed"
"05_20_2021_vero #5_round 1_otter.ai_made_perfect.csv","4_5_5",1,"PSAB-AY",1.21703304000903,0.782814063568381,1.55468980010566,0.120019964996998,FALSE,FALSE,1561.55976513186,1588.3366253776,"188","987",-1,"unleashed"
