"Team_ID","Round_Number","Covariate","Estimate","SE","Z_value","p_value","AIC","BIC"
"1_2_7","1","RRecSnd","0.117246494224933","0.213924221859702","0.548074889349494","0.58364048177497","1690.53456260679","1706.74329768209"
"1_2_7","1","RSndSnd","2.09747025540148","0.235678965790908","8.89969220784145","5.60017688685763e-19","1690.53456260679","1706.74329768209"
"1_2_7","1","CovSnd.1","-5.65841985800988","0.250324454419028","-22.6043431159867","3.92776519749193e-113","1690.53456260679","1706.74329768209"
"1_2_7","1","PSAB-BA","0.951766780963581","0.180762566516252","5.26528694135357","1.399705637798e-07","1690.53456260679","1706.74329768209"
"1_2_7","1","PSAB-BY","0.444071065586979","0.258671042146316","1.71674054390593","0.0860265886840609","1690.53456260679","1706.74329768209"
