"file_name","Team_ID","Round_Number","Covariate","Estimate","SE","Z_value","p_value","Significant_at_0.001","Significant_at_0.05","AIC","BIC","participant1","participant2","participant3","Vero_type"
"02_27_2021_vero #7_team_round 3_otter.ai_made_perfect.csv","2_7_4",3,"RRecSnd",-0.846173966457402,0.226760761310606,-3.7315713775469,0.000190289075763463,TRUE,TRUE,2553.73980626179,2580.92510787393,"185","565","870","teamwork"
"02_27_2021_vero #7_team_round 3_otter.ai_made_perfect.csv","2_7_4",3,"RSndSnd",2.18517611592513,0.175276737671816,12.4670058614201,1.1299237249593e-35,TRUE,TRUE,2553.73980626179,2580.92510787393,"185","565","870","teamwork"
"02_27_2021_vero #7_team_round 3_otter.ai_made_perfect.csv","2_7_4",3,"CovSnd.1",-6.79119893689204,0.183811765005421,-36.9464867316397,8.29380412362199e-299,TRUE,TRUE,2553.73980626179,2580.92510787393,"185","565","870","teamwork"
"02_27_2021_vero #7_team_round 3_otter.ai_made_perfect.csv","2_7_4",3,"PSAB-BA",2.6836070004849,0.319096231424349,8.41002411249452,4.09926441889082e-17,TRUE,TRUE,2553.73980626179,2580.92510787393,"185","565","870","teamwork"
"02_27_2021_vero #7_team_round 3_otter.ai_made_perfect.csv","2_7_4",3,"PSAB-BY",0.913864850653955,0.253395575570856,3.60647516672372,0.000310384547693042,TRUE,TRUE,2553.73980626179,2580.92510787393,"185","565","870","teamwork"
"02_27_2021_vero #7_team_round 3_otter.ai_made_perfect.csv","2_7_4",3,"PSAB-XA",1.62620856300433,0.211551246062531,7.6870668137008,1.50546526758327e-14,TRUE,TRUE,2553.73980626179,2580.92510787393,"185","565","870","teamwork"
"02_27_2021_vero #7_team_round 3_otter.ai_made_perfect.csv","2_7_4",3,"PSAB-XB",0.809023048003215,0.209724111526297,3.85755859026144,0.000114525232032868,TRUE,TRUE,2553.73980626179,2580.92510787393,"185","565","870","teamwork"
"02_27_2021_vero #7_team_round 3_otter.ai_made_perfect.csv","2_7_4",3,"PSAB-AY",0.991935205620073,0.251531728563288,3.94357885299743,8.02745799574683e-05,TRUE,TRUE,2553.73980626179,2580.92510787393,"185","565","870","teamwork"
