"file_name","Team_ID","Round_Number","Covariate","Estimate","SE","Z_value","p_value","Significant_at_0.001","Significant_at_0.05","AIC","BIC","participant1","participant2","participant3","Vero_type"
"03_06_2021AM_vero #2_task_round 1_otter.ai_made_perfect.csv","1_2_7",1,"RRecSnd",-0.0440760311376717,0.26096030442938,-0.168899370477242,0.865875794370774,FALSE,FALSE,1678.98863849716,1704.92261461764,"516","773",-1,"taskwork"
"03_06_2021AM_vero #2_task_round 1_otter.ai_made_perfect.csv","1_2_7",1,"RSndSnd",2.47059905248353,0.27961165953454,8.83582271424678,9.93642517507206e-19,TRUE,TRUE,1678.98863849716,1704.92261461764,"516","773",-1,"taskwork"
"03_06_2021AM_vero #2_task_round 1_otter.ai_made_perfect.csv","1_2_7",1,"CovSnd.1",-6.2654664538189,0.373957102936085,-16.7545058099612,5.24953049447435e-63,TRUE,TRUE,1678.98863849716,1704.92261461764,"516","773",-1,"taskwork"
"03_06_2021AM_vero #2_task_round 1_otter.ai_made_perfect.csv","1_2_7",1,"PSAB-BA",1.38489943209305,0.231707685830229,5.97692487899498,2.27388988062895e-09,TRUE,TRUE,1678.98863849716,1704.92261461764,"516","773",-1,"taskwork"
"03_06_2021AM_vero #2_task_round 1_otter.ai_made_perfect.csv","1_2_7",1,"PSAB-BY",0.818452328621763,0.323520952451907,2.52982789033866,0.0114118489801357,FALSE,TRUE,1678.98863849716,1704.92261461764,"516","773",-1,"taskwork"
"03_06_2021AM_vero #2_task_round 1_otter.ai_made_perfect.csv","1_2_7",1,"PSAB-XA",1.01846533338247,0.284051338700993,3.585497389451,0.000336436368919573,TRUE,TRUE,1678.98863849716,1704.92261461764,"516","773",-1,"taskwork"
"03_06_2021AM_vero #2_task_round 1_otter.ai_made_perfect.csv","1_2_7",1,"PSAB-XB",-0.0358110416614458,0.406167828198548,-0.0881680900732004,0.929743078953006,FALSE,FALSE,1678.98863849716,1704.92261461764,"516","773",-1,"taskwork"
"03_06_2021AM_vero #2_task_round 1_otter.ai_made_perfect.csv","1_2_7",1,"PSAB-AY",0.862843177074595,0.318058356237988,2.7128454893635,0.00667082026522945,FALSE,TRUE,1678.98863849716,1704.92261461764,"516","773",-1,"taskwork"
