"file_name","Team_ID","Round_Number","Covariate","Estimate","SE","Z_value","p_value","Significant_at_0.001","Significant_at_0.05","AIC","BIC","participant1","participant2","participant3","Vero_type"
"03_06_2021AM_vero #1_task+team_round 2_otter.ai_made_perfect.csv","3_1_7",2,"RRecSnd",-1.87062192900807,0.388481092551258,-4.8152200065213,1.47037800587155e-06,TRUE,TRUE,2075.64772278944,2101.05692065003,"155","448","714","combined"
"03_06_2021AM_vero #1_task+team_round 2_otter.ai_made_perfect.csv","3_1_7",2,"RSndSnd",2.18005852941427,0.210646820578751,10.3493540677451,4.21318661623218e-25,TRUE,TRUE,2075.64772278944,2101.05692065003,"155","448","714","combined"
"03_06_2021AM_vero #1_task+team_round 2_otter.ai_made_perfect.csv","3_1_7",2,"CovSnd.1",-6.72546763978707,0.212595681610486,-31.635015296827,1.21894565658586e-219,TRUE,TRUE,2075.64772278944,2101.05692065003,"155","448","714","combined"
"03_06_2021AM_vero #1_task+team_round 2_otter.ai_made_perfect.csv","3_1_7",2,"PSAB-BA",2.5820602325531,0.635036774034363,4.06600111698946,4.78267064331676e-05,TRUE,TRUE,2075.64772278944,2101.05692065003,"155","448","714","combined"
"03_06_2021AM_vero #1_task+team_round 2_otter.ai_made_perfect.csv","3_1_7",2,"PSAB-BY",0.695258962034441,0.279070290713335,2.49133994255455,0.0127262292262229,FALSE,TRUE,2075.64772278944,2101.05692065003,"155","448","714","combined"
"03_06_2021AM_vero #1_task+team_round 2_otter.ai_made_perfect.csv","3_1_7",2,"PSAB-XA",1.89271612127478,0.219097297402331,8.63870136106317,5.68555794058375e-18,TRUE,TRUE,2075.64772278944,2101.05692065003,"155","448","714","combined"
"03_06_2021AM_vero #1_task+team_round 2_otter.ai_made_perfect.csv","3_1_7",2,"PSAB-XB",0.680836476310699,0.213037492144089,3.19585284946093,0.00139418195778244,FALSE,TRUE,2075.64772278944,2101.05692065003,"155","448","714","combined"
"03_06_2021AM_vero #1_task+team_round 2_otter.ai_made_perfect.csv","3_1_7",2,"PSAB-AY",0.778345310918955,0.277367816256371,2.80618465914419,0.0050131954096339,FALSE,TRUE,2075.64772278944,2101.05692065003,"155","448","714","combined"
