"Team_ID","Round_Number","Covariate","Estimate","SE","Z_value","p_value","Significant_at_0.001","AIC","BIC","participant1","participant2","participant3","Vero_type"
"1_3_4",2,"RRecSnd",-1.95270677496662,0.370478817366285,-5.27076497611472,1.35856339440226e-07,TRUE,1986.45328631795,2008.27924300487,"330","424","766","taskwork"
"1_3_4",2,"RSndSnd",1.83839123390675,0.192134526054814,9.56825028616813,1.08730155773396e-21,TRUE,1986.45328631795,2008.27924300487,"330","424","766","taskwork"
"1_3_4",2,"CovSnd.1",-6.4067242199735,0.173261767443991,-36.9771376252672,2.66917149472106e-299,TRUE,1986.45328631795,2008.27924300487,"330","424","766","taskwork"
"1_3_4",2,"PSAB-BA",3.06312113223963,0.494068479014778,6.19979064106214,5.65383184468142e-10,TRUE,1986.45328631795,2008.27924300487,"330","424","766","taskwork"
"1_3_4",2,"PSAB-BY",0.614692757050015,0.249071664724425,2.46793531383876,0.0135894874471714,FALSE,1986.45328631795,2008.27924300487,"330","424","766","taskwork"
"1_3_4",2,"PSAB-XA",1.60643978732222,0.196647035496946,8.16915334249808,3.10561213130883e-16,TRUE,1986.45328631795,2008.27924300487,"330","424","766","taskwork"
"1_3_4",2,"PSAB-XB",0.390562508801812,0.234887135900796,1.6627667041194,0.0963591439698663,FALSE,1986.45328631795,2008.27924300487,"330","424","766","taskwork"
