"Team_ID","Round_Number","Covariate","Estimate","SE","Z_value","p_value","AIC","BIC"
"1_3_4","2","RRecSnd","-1.3883270869508","0.350414467525267","-3.96195709827732","7.4337900063651e-05","2040.72778583033","2056.31775489241"
"1_3_4","2","RSndSnd","1.85511416733295","0.193891113262695","9.56781430626754","1.09189539725043e-21","2040.72778583033","2056.31775489241"
"1_3_4","2","CovSnd.1","-6.03642967577285","0.151785284355344","-39.769531686886","0","2040.72778583033","2056.31775489241"
"1_3_4","2","PSAB-BA","2.1230407800653","0.46224039920097","4.59293645413771","4.37052178200448e-06","2040.72778583033","2056.31775489241"
"1_3_4","2","PSAB-BY","0.182310198599936","0.230309607536942","0.791587465888473","0.428601257726924","2040.72778583033","2056.31775489241"
