"Team_ID","Round_Number","Covariate","Estimate","SE","Z_value","p_value","AIC","BIC"
"4_3_7","3","RRecSnd","0.359552676445049","0.214552867431427","1.6758232166716","0.0937728251488105","2047.27045906102","2063.88550895672"
"4_3_7","3","RSndSnd","2.67467637480839","0.18173027079994","14.7178362913069","4.95254287624025e-49","2047.27045906102","2063.88550895672"
"4_3_7","3","CovSnd.1","-6.6075320250925","0.175671111639581","-37.6130825576432","0","2047.27045906102","2063.88550895672"
"4_3_7","3","PSAB-BA","1.35468810399555","0.231930972631619","5.8409107184974","5.19162236061069e-09","2047.27045906102","2063.88550895672"
"4_3_7","3","PSAB-BY","1.21429660537692","0.181416260437557","6.69342760372284","2.18002907953114e-11","2047.27045906102","2063.88550895672"
