"file_name","Team_ID","Round_Number","Covariate","Estimate","SE","Z_value","p_value","Significant_at_0.001","Significant_at_0.05","AIC","BIC","participant1","participant2","participant3","Vero_type"
"05_20_2021_vero #3_round 3_otter.ai_made_perfect.csv","4_5_3",3,"RRecSnd",-0.200484919801339,0.192586044188361,-1.04101478716315,0.297868685404955,FALSE,FALSE,2784.91168954145,2813.14712224154,"142","194","753","unleashed"
"05_20_2021_vero #3_round 3_otter.ai_made_perfect.csv","4_5_3",3,"RSndSnd",2.20549847788842,0.163486370799637,13.4904118740968,1.78102801322684e-41,TRUE,TRUE,2784.91168954145,2813.14712224154,"142","194","753","unleashed"
"05_20_2021_vero #3_round 3_otter.ai_made_perfect.csv","4_5_3",3,"CovSnd.1",-6.42020124176126,0.166269409896367,-38.6132436854311,0,TRUE,TRUE,2784.91168954145,2813.14712224154,"142","194","753","unleashed"
"05_20_2021_vero #3_round 3_otter.ai_made_perfect.csv","4_5_3",3,"PSAB-BA",1.83122309945315,0.314841743375637,5.81632880004836,6.01540895571337e-09,TRUE,TRUE,2784.91168954145,2813.14712224154,"142","194","753","unleashed"
"05_20_2021_vero #3_round 3_otter.ai_made_perfect.csv","4_5_3",3,"PSAB-BY",0.71487555479148,0.227151911555021,3.14712541883374,0.00164884220075863,FALSE,TRUE,2784.91168954145,2813.14712224154,"142","194","753","unleashed"
"05_20_2021_vero #3_round 3_otter.ai_made_perfect.csv","4_5_3",3,"PSAB-XA",1.34985180363623,0.188886378389199,7.1463692360858,8.91031878186526e-13,TRUE,TRUE,2784.91168954145,2813.14712224154,"142","194","753","unleashed"
"05_20_2021_vero #3_round 3_otter.ai_made_perfect.csv","4_5_3",3,"PSAB-XB",0.738674740601728,0.179271548953941,4.12042370868068,3.78176278758749e-05,TRUE,TRUE,2784.91168954145,2813.14712224154,"142","194","753","unleashed"
"05_20_2021_vero #3_round 3_otter.ai_made_perfect.csv","4_5_3",3,"PSAB-AY",0.299073538108055,0.265495517504697,1.126473022667,0.25996535320501,FALSE,FALSE,2784.91168954145,2813.14712224154,"142","194","753","unleashed"
