"Team_ID","Round_Number","Covariate","Estimate","SE","Z_value","p_value","Significant_at_0.001","AIC","BIC","participant1","participant2","Vero_type"
"1_2_6",1,"RRecSnd",-0.363302736950448,0.227958121609179,-1.59372578781514,0.110997465708889,FALSE,2029.3045724083,2053.52167100731,"200","383","taskwork"
"1_2_6",1,"RSndSnd",2.20011533376422,0.202735165228145,10.8521643558401,1.94758077712091e-27,TRUE,2029.3045724083,2053.52167100731,"200","383","taskwork"
"1_2_6",1,"CovSnd.1",-5.5175065696493,0.244418612096812,-22.5740033556195,7.80495362627868e-113,TRUE,2029.3045724083,2053.52167100731,"200","383","taskwork"
"1_2_6",1,"PSAB-BA",1.20687275120418,0.214509220944053,5.62620453280629,1.84217903375517e-08,TRUE,2029.3045724083,2053.52167100731,"200","383","taskwork"
"1_2_6",1,"PSAB-BY",0.729048660681604,0.218185868204264,3.34141100283853,0.000833537340655644,TRUE,2029.3045724083,2053.52167100731,"200","383","taskwork"
"1_2_6",1,"PSAB-XA",1.06832807161144,0.234234322271531,4.56093736072124,5.09257723573288e-06,TRUE,2029.3045724083,2053.52167100731,"200","383","taskwork"
"1_2_6",1,"PSAB-XB",0.423881330455926,0.25964168350087,1.63256271004153,0.102560999346095,FALSE,2029.3045724083,2053.52167100731,"200","383","taskwork"
