"Team_ID","Round_Number","Covariate","Estimate","SE","Z_value","p_value","AIC","BIC"
"3_2_4","1","RRecSnd","-0.176043473600829","0.199477778856313","-0.882521725528314","0.37749473645037","2084.33292613338","2100.6722169287"
"3_2_4","1","RSndSnd","1.83328052646339","0.191445141193166","9.57600968631342","1.00866853612159e-21","2084.33292613338","2100.6722169287"
"3_2_4","1","CovSnd.1","-5.82324499444606","0.187186928404881","-31.1092502241958","1.80577121287689e-212","2084.33292613338","2100.6722169287"
"3_2_4","1","PSAB-BA","1.14483614882011","0.22049134129938","5.19220456492062","2.07818479641702e-07","2084.33292613338","2100.6722169287"
"3_2_4","1","PSAB-BY","0.55968271407708","0.198869250526157","2.81432505325133","0.00488797751367438","2084.33292613338","2100.6722169287"
