"Team_ID","Round_Number","Covariate","Estimate","SE","Z_value","p_value","AIC","BIC"
"2111","2","RRecSnd","0.301356868500288","0.23860604913616","1.26298922257549","0.206593052929894","1888.8030856249","1905.0382059857"
"2111","2","RSndSnd","2.55195816731524","0.202938354324625","12.5750412030693","2.89649249571035e-36","1888.8030856249","1905.0382059857"
"2111","2","CovSnd.1","-6.98953978382374","0.196646679777124","-35.5436450376155","1.04163507818842e-276","1888.8030856249","1905.0382059857"
"2111","2","PSAB-BA","1.98524381323318","0.229727100100068","8.64174845879487","5.5359205244216e-18","1888.8030856249","1905.0382059857"
"2111","2","PSAB-BY","1.33622981591709","0.224169842442453","5.96079205551531","2.51018231994932e-09","1888.8030856249","1905.0382059857"
