"Team_ID","Round_Number","Covariate","Estimate","SE","Z_value","p_value","Significant_at_0.001","AIC","BIC","participant1","participant2","participant3","Vero_type"
121,3,"RRecSnd",-0.146309308850205,0.222322811675139,-0.658094001905638,0.510477729845715,FALSE,2137.14229560863,2159.76005592661,"177","346","823","taskwork"
121,3,"RSndSnd",2.21500621663987,0.177600026492973,12.4718799899926,1.06288451199348e-35,TRUE,2137.14229560863,2159.76005592661,"177","346","823","taskwork"
121,3,"CovSnd.1",-6.58928217136132,0.169207861726709,-38.9419386553316,0,TRUE,2137.14229560863,2159.76005592661,"177","346","823","taskwork"
121,3,"PSAB-BA",2.00102620427097,0.291157480530311,6.87265943030664,6.3015889066058e-12,TRUE,2137.14229560863,2159.76005592661,"177","346","823","taskwork"
121,3,"PSAB-BY",0.0815989760772702,0.270934885510537,0.301175597684694,0.76328059667116,FALSE,2137.14229560863,2159.76005592661,"177","346","823","taskwork"
121,3,"PSAB-XA",1.17207185634078,0.186160199554068,6.29603889095728,3.05347793050202e-10,TRUE,2137.14229560863,2159.76005592661,"177","346","823","taskwork"
121,3,"PSAB-XB",0.267634010326453,0.244420597104326,1.09497322851322,0.273528365291693,FALSE,2137.14229560863,2159.76005592661,"177","346","823","taskwork"
