"Team_ID","Round_Number","Covariate","Estimate","SE","Z_value","p_value","Significant_at_0.001","AIC","BIC","participant1","participant2","Vero_type"
"4_3_7",1,"RRecSnd",0.0589783828514337,0.382585354458862,0.154157450524613,0.877485590639483,FALSE,1741.79186209273,1766.21442617583,"631","842","unleashed"
"4_3_7",1,"RSndSnd",2.62575287196123,0.23381770008238,11.2299148911143,2.90758479637281e-29,TRUE,1741.79186209273,1766.21442617583,"631","842","unleashed"
"4_3_7",1,"CovSnd.1",-7.3578251729229,0.40612331142541,-18.1172194895645,2.33080297636627e-73,TRUE,1741.79186209273,1766.21442617583,"631","842","unleashed"
"4_3_7",1,"PSAB-BA",2.82243596553419,0.298212249451978,9.46452055782737,2.94910832969803e-21,TRUE,1741.79186209273,1766.21442617583,"631","842","unleashed"
"4_3_7",1,"PSAB-BY",2.45097443932371,0.390823982671693,6.27129999179867,3.58046013240748e-10,TRUE,1741.79186209273,1766.21442617583,"631","842","unleashed"
"4_3_7",1,"PSAB-XA",2.54705457004971,0.319197815836069,7.97954886808438,1.46869090343259e-15,TRUE,1741.79186209273,1766.21442617583,"631","842","unleashed"
"4_3_7",1,"PSAB-XB",1.43364681840429,0.491644631753664,2.91602252075968,0.00354524909474036,FALSE,1741.79186209273,1766.21442617583,"631","842","unleashed"
