"Team_ID","Round_Number","Covariate","Estimate","SE","Z_value","p_value","Significant_at_0.001","AIC","BIC","participant1","participant2","Vero_type"
"3_13_8",1,"RRecSnd",-0.808236997458787,0.401099040801559,-2.01505592195783,0.0438987899700058,FALSE,1375.03164663228,1396.33562245071,"744","824","combined"
"3_13_8",1,"RSndSnd",1.96307346041669,0.232656371821735,8.43765182550351,3.23776405513974e-17,TRUE,1375.03164663228,1396.33562245071,"744","824","combined"
"3_13_8",1,"CovSnd.1",-6.39777915540052,0.341363197539214,-18.7418538422426,2.25627911776106e-78,TRUE,1375.03164663228,1396.33562245071,"744","824","combined"
"3_13_8",1,"PSAB-BA",2.75120043583512,0.379619326651695,7.24726125010852,4.25283185226892e-13,TRUE,1375.03164663228,1396.33562245071,"744","824","combined"
"3_13_8",1,"PSAB-BY",1.51943427891404,0.334679426306759,4.53996917492432,5.62624529811605e-06,TRUE,1375.03164663228,1396.33562245071,"744","824","combined"
"3_13_8",1,"PSAB-XA",2.45159123107284,0.378789509364258,6.47217298912917,9.66034299905746e-11,TRUE,1375.03164663228,1396.33562245071,"744","824","combined"
"3_13_8",1,"PSAB-XB",0.51393710264915,0.464244720453251,1.10703919723068,0.268276981707891,FALSE,1375.03164663228,1396.33562245071,"744","824","combined"
