"file_name","Team_ID","Round_Number","Covariate","Estimate","SE","Z_value","p_value","Significant_at_0.001","Significant_at_0.05","AIC","BIC","participant1","participant2","participant3","Vero_type"
"05_20_2021_vero #4_round 3_otter.ai_made_perfect.csv","4_5_4",3,"RRecSnd",-0.299093178813038,0.218164036058427,-1.37095547101511,0.17038883756379,FALSE,FALSE,2202.01995409625,2229.34875731389,"106","540",-1,"unleashed"
"05_20_2021_vero #4_round 3_otter.ai_made_perfect.csv","4_5_4",3,"RSndSnd",2.37759040183539,0.173292848329469,13.7200722635423,7.69886344043519e-43,TRUE,TRUE,2202.01995409625,2229.34875731389,"106","540",-1,"unleashed"
"05_20_2021_vero #4_round 3_otter.ai_made_perfect.csv","4_5_4",3,"CovSnd.1",-6.76783814450744,0.224162415440677,-30.1916721016887,3.0466265052425e-200,TRUE,TRUE,2202.01995409625,2229.34875731389,"106","540",-1,"unleashed"
"05_20_2021_vero #4_round 3_otter.ai_made_perfect.csv","4_5_4",3,"PSAB-BA",2.86505520770265,0.281037289971782,10.1945731400638,2.0966353181171e-24,TRUE,TRUE,2202.01995409625,2229.34875731389,"106","540",-1,"unleashed"
"05_20_2021_vero #4_round 3_otter.ai_made_perfect.csv","4_5_4",3,"PSAB-BY",1.50861204437155,0.24455546926645,6.16879290778762,6.88132823467672e-10,TRUE,TRUE,2202.01995409625,2229.34875731389,"106","540",-1,"unleashed"
"05_20_2021_vero #4_round 3_otter.ai_made_perfect.csv","4_5_4",3,"PSAB-XA",1.40780578076248,0.230872202218496,6.09777083267105,1.07557790777887e-09,TRUE,TRUE,2202.01995409625,2229.34875731389,"106","540",-1,"unleashed"
"05_20_2021_vero #4_round 3_otter.ai_made_perfect.csv","4_5_4",3,"PSAB-XB",0.628940135039627,0.271016050806535,2.32067485733012,0.0203043986879167,FALSE,TRUE,2202.01995409625,2229.34875731389,"106","540",-1,"unleashed"
"05_20_2021_vero #4_round 3_otter.ai_made_perfect.csv","4_5_4",3,"PSAB-AY",0.86133316340223,0.292163273703357,2.94812264554774,0.00319710197069161,FALSE,TRUE,2202.01995409625,2229.34875731389,"106","540",-1,"unleashed"
