"Team_ID","Round_Number","Covariate","Estimate","SE","Z_value","p_value","Significant_at_0.001","AIC","BIC","participant1","participant2","participant3","Vero_type"
"2_6_1",1,"RRecSnd",-1.07605373387223,0.253326570016292,-4.24769393041963,2.15982183817251e-05,TRUE,1760.0141747262,1782.04663606389,"379","461","470","teamwork"
"2_6_1",1,"RSndSnd",1.33415722745392,0.205595443010625,6.48923540287306,8.6273078161011e-11,TRUE,1760.0141747262,1782.04663606389,"379","461","470","teamwork"
"2_6_1",1,"CovSnd.1",-5.28840344769681,0.223119155521708,-23.7021489048361,3.42633420169445e-124,TRUE,1760.0141747262,1782.04663606389,"379","461","470","teamwork"
"2_6_1",1,"PSAB-BA",1.80619676087322,0.318730206799454,5.66685153255551,1.45445262723372e-08,TRUE,1760.0141747262,1782.04663606389,"379","461","470","teamwork"
"2_6_1",1,"PSAB-BY",0.431798747998717,0.257289129574914,1.678262695016,0.0932958272618347,FALSE,1760.0141747262,1782.04663606389,"379","461","470","teamwork"
"2_6_1",1,"PSAB-XA",1.56316181445326,0.223485856370453,6.99445521895643,2.66291618877812e-12,TRUE,1760.0141747262,1782.04663606389,"379","461","470","teamwork"
"2_6_1",1,"PSAB-XB",0.450979253994134,0.239413402804859,1.88368424119395,0.0596076992947612,FALSE,1760.0141747262,1782.04663606389,"379","461","470","teamwork"
