"Team_ID","Round_Number","Covariate","Estimate","SE","Z_value","p_value","Significant_at_0.001","AIC","BIC","participant1","participant2","Vero_type"
3108,3,"RRecSnd",-0.241107895700495,0.187843601838984,-1.28355660421784,0.199297141990808,FALSE,2972.75063163924,2998.39135500019,"230","541","combined"
3108,3,"RSndSnd",2.57673048479032,0.14705622803347,17.5220765502284,9.72115235640091e-69,TRUE,2972.75063163924,2998.39135500019,"230","541","combined"
3108,3,"CovSnd.1",-6.5740874924388,0.1550176722154,-42.4086325029056,0,TRUE,2972.75063163924,2998.39135500019,"230","541","combined"
3108,3,"PSAB-BA",1.99196626992459,0.266321726509109,7.47954849960938,7.45783854917799e-14,TRUE,2972.75063163924,2998.39135500019,"230","541","combined"
3108,3,"PSAB-BY",1.27304881869273,0.182230384263198,6.98593060559016,2.82973927300547e-12,TRUE,2972.75063163924,2998.39135500019,"230","541","combined"
3108,3,"PSAB-XA",1.15744432535156,0.174574726235903,6.63007956711615,3.35505969830404e-11,TRUE,2972.75063163924,2998.39135500019,"230","541","combined"
3108,3,"PSAB-XB",0.651767302082106,0.173213568660256,3.76279587750133,0.000168024339230423,TRUE,2972.75063163924,2998.39135500019,"230","541","combined"
