"file_name","Team_ID","Round_Number","Covariate","Estimate","SE","Z_value","p_value","Significant_at_0.001","Significant_at_0.05","AIC","BIC","participant1","participant2","participant3","Vero_type"
"02_27_2021_vero #2_task+team_round 3_otter.ai_made_perfect.csv","3_2_4",3,"RRecSnd",-1.19841317252313,0.237159781001749,-5.05318889847639,4.34493785239985e-07,TRUE,TRUE,3006.97793394724,3035.55516620466,"307","454","836","combined"
"02_27_2021_vero #2_task+team_round 3_otter.ai_made_perfect.csv","3_2_4",3,"RSndSnd",2.31148329358909,0.165048016170746,14.0049141287333,1.45455430263278e-44,TRUE,TRUE,3006.97793394724,3035.55516620466,"307","454","836","combined"
"02_27_2021_vero #2_task+team_round 3_otter.ai_made_perfect.csv","3_2_4",3,"CovSnd.1",-6.37540704362725,0.15884946860858,-40.1348968899407,0,TRUE,TRUE,3006.97793394724,3035.55516620466,"307","454","836","combined"
"02_27_2021_vero #2_task+team_round 3_otter.ai_made_perfect.csv","3_2_4",3,"PSAB-BA",2.47021118886772,0.321918195879643,7.67341275045933,1.67479466912963e-14,TRUE,TRUE,3006.97793394724,3035.55516620466,"307","454","836","combined"
"02_27_2021_vero #2_task+team_round 3_otter.ai_made_perfect.csv","3_2_4",3,"PSAB-BY",0.445208501960936,0.225467411457423,1.97460244512989,0.0483132813708961,FALSE,TRUE,3006.97793394724,3035.55516620466,"307","454","836","combined"
"02_27_2021_vero #2_task+team_round 3_otter.ai_made_perfect.csv","3_2_4",3,"PSAB-XA",1.14250103061647,0.183088619987464,6.24015316022751,4.37142654683034e-10,TRUE,TRUE,3006.97793394724,3035.55516620466,"307","454","836","combined"
"02_27_2021_vero #2_task+team_round 3_otter.ai_made_perfect.csv","3_2_4",3,"PSAB-XB",0.1658360679324,0.182371042406706,0.909333333537506,0.363174200374683,FALSE,FALSE,3006.97793394724,3035.55516620466,"307","454","836","combined"
"02_27_2021_vero #2_task+team_round 3_otter.ai_made_perfect.csv","3_2_4",3,"PSAB-AY",0.511816404890397,0.224093626776863,2.28394003101226,0.0223750555790276,FALSE,TRUE,3006.97793394724,3035.55516620466,"307","454","836","combined"
