"Team_ID","Round_Number","Covariate","Estimate","SE","Z_value","p_value","AIC","BIC"
"2_3_5","3","RRecSnd","-0.151826545966579","0.247937377849018","-0.612358440198696","0.540300632242033","1924.86007018419","1940.10935022044"
"2_3_5","3","RSndSnd","2.22269464653656","0.193860199042237","11.4654511731534","1.96731625829907e-30","1924.86007018419","1940.10935022044"
"2_3_5","3","CovSnd.1","-6.63345802109357","0.164708019787195","-40.2740439091191","0","1924.86007018419","1940.10935022044"
"2_3_5","3","PSAB-BA","1.81860432754878","0.313096928273279","5.8084387399721","6.30580937415458e-09","1924.86007018419","1940.10935022044"
"2_3_5","3","PSAB-BY","0.290288484087921","0.270695072669358","1.07238185470223","0.283548554627896","1924.86007018419","1940.10935022044"
