"file_name","Team_ID","Round_Number","Covariate","Estimate","SE","Z_value","p_value","Significant_at_0.001","Significant_at_0.05","AIC","BIC","participant1","participant2","participant3","Vero_type"
"02_25_2021_Vero #6_team_round 3_otter.ai_made_perfect.csv","2_6_1",3,"RRecSnd",0.047254865242896,0.247454432127522,0.190963907320697,0.848553870521711,FALSE,FALSE,1588.90412216159,1612.20536124747,"379","461","470","teamwork"
"02_25_2021_Vero #6_team_round 3_otter.ai_made_perfect.csv","2_6_1",3,"RSndSnd",2.15437689320551,0.213047201486786,10.1122046108601,4.87741683946519e-24,TRUE,TRUE,1588.90412216159,1612.20536124747,"379","461","470","teamwork"
"02_25_2021_Vero #6_team_round 3_otter.ai_made_perfect.csv","2_6_1",3,"CovSnd.1",-7.11243284100761,0.241248887790351,-29.4817228222351,4.9384592508113e-191,TRUE,TRUE,1588.90412216159,1612.20536124747,"379","461","470","teamwork"
"02_25_2021_Vero #6_team_round 3_otter.ai_made_perfect.csv","2_6_1",3,"PSAB-BA",1.73415075330596,0.431503120157645,4.01886028697176,5.84803332819734e-05,TRUE,TRUE,1588.90412216159,1612.20536124747,"379","461","470","teamwork"
"02_25_2021_Vero #6_team_round 3_otter.ai_made_perfect.csv","2_6_1",3,"PSAB-BY",1.05684575322797,0.306120331176522,3.45238667803005,0.000555650820410138,TRUE,TRUE,1588.90412216159,1612.20536124747,"379","461","470","teamwork"
"02_25_2021_Vero #6_team_round 3_otter.ai_made_perfect.csv","2_6_1",3,"PSAB-XA",1.7003749832455,0.246982547414836,6.88459569732076,5.79518857372864e-12,TRUE,TRUE,1588.90412216159,1612.20536124747,"379","461","470","teamwork"
"02_25_2021_Vero #6_team_round 3_otter.ai_made_perfect.csv","2_6_1",3,"PSAB-XB",0.936731274199066,0.271409010841669,3.45136394438107,0.000557760892073098,TRUE,TRUE,1588.90412216159,1612.20536124747,"379","461","470","teamwork"
"02_25_2021_Vero #6_team_round 3_otter.ai_made_perfect.csv","2_6_1",3,"PSAB-AY",0.146298666826439,0.430532841265166,0.339808378837083,0.734000837605648,FALSE,FALSE,1588.90412216159,1612.20536124747,"379","461","470","teamwork"
