"Team_ID","Round_Number","Covariate","Estimate","SE","Z_value","p_value","AIC","BIC"
"2_7_4","1","RRecSnd","-0.92195600740031","0.213289597312478","-4.32255496291085","1.54232643865629e-05","2049.36014300251","2065.69943379783"
"2_7_4","1","RSndSnd","1.33574244829368","0.200845739793613","6.65058890303709","2.91922604619332e-11","2049.36014300251","2065.69943379783"
"2_7_4","1","CovSnd.1","-4.95503149599198","0.188073797946939","-26.346208510076","5.67242409864698e-153","2049.36014300251","2065.69943379783"
"2_7_4","1","PSAB-BA","1.51345195689557","0.252543858393578","5.99282820228766","2.06222677757185e-09","2049.36014300251","2065.69943379783"
"2_7_4","1","PSAB-BY","0.0238968758506832","0.222904069587755","0.107206996690903","0.914624764866048","2049.36014300251","2065.69943379783"
