"file_name","Team_ID","Round_Number","Covariate","Estimate","SE","Z_value","p_value","Significant_at_0.001","Significant_at_0.05","AIC","BIC","participant1","participant2","participant3","Vero_type"
"02_25_2021_vero #1_task_round 2_otter.ai_made_perfect.csv","1_1_1",2,"RRecSnd",-0.826010267490053,0.192352395724485,-4.29425515798193,1.75280796822008e-05,TRUE,TRUE,3123.99020123427,3153.21011467642,"682","697","959","taskwork"
"02_25_2021_vero #1_task_round 2_otter.ai_made_perfect.csv","1_1_1",2,"RSndSnd",2.79246198179072,0.161726201466264,17.2666021737561,8.39414074262109e-67,TRUE,TRUE,3123.99020123427,3153.21011467642,"682","697","959","taskwork"
"02_25_2021_vero #1_task_round 2_otter.ai_made_perfect.csv","1_1_1",2,"CovSnd.1",-7.40712303445668,0.185260477254787,-39.9822085326366,0,TRUE,TRUE,3123.99020123427,3153.21011467642,"682","697","959","taskwork"
"02_25_2021_vero #1_task_round 2_otter.ai_made_perfect.csv","1_1_1",2,"PSAB-BA",3.26517826161764,0.29920792683057,10.9127398334824,1.00190395932381e-27,TRUE,TRUE,3123.99020123427,3153.21011467642,"682","697","959","taskwork"
"02_25_2021_vero #1_task_round 2_otter.ai_made_perfect.csv","1_1_1",2,"PSAB-BY",1.73817163433419,0.198803921164344,8.74314562888981,2.26708158163297e-18,TRUE,TRUE,3123.99020123427,3153.21011467642,"682","697","959","taskwork"
"02_25_2021_vero #1_task_round 2_otter.ai_made_perfect.csv","1_1_1",2,"PSAB-XA",1.58625971624622,0.194550090539163,8.1534771423142,3.53607118874643e-16,TRUE,TRUE,3123.99020123427,3153.21011467642,"682","697","959","taskwork"
"02_25_2021_vero #1_task_round 2_otter.ai_made_perfect.csv","1_1_1",2,"PSAB-XB",0.87087605888988,0.199412880120442,4.36720064603592,1.25849107509118e-05,TRUE,TRUE,3123.99020123427,3153.21011467642,"682","697","959","taskwork"
"02_25_2021_vero #1_task_round 2_otter.ai_made_perfect.csv","1_1_1",2,"PSAB-AY",1.35755855382602,0.232673156578571,5.83461613616605,5.39145445662454e-09,TRUE,TRUE,3123.99020123427,3153.21011467642,"682","697","959","taskwork"
