"Team_ID","Round_Number","Covariate","Estimate","SE","Z_value","p_value","AIC","BIC"
"2_5_1","2","RRecSnd","0.0755068479917533","0.169208468195232","0.446235633459159","0.655427045699067","3636.83981551899","3655.77430242583"
"2_5_1","2","RSndSnd","2.49905838185539","0.137752804894393","18.1416152198953","1.4957008295119e-73","3636.83981551899","3655.77430242583"
"2_5_1","2","CovSnd.1","-6.41053012844257","0.122955656671228","-52.1369272630027","0","3636.83981551899","3655.77430242583"
"2_5_1","2","PSAB-BA","1.55684977572925","0.22052826490314","7.05963825731384","1.66936608804643e-12","3636.83981551899","3655.77430242583"
"2_5_1","2","PSAB-BY","0.50643779162579","0.158777344188772","3.18960991704005","0.00142464950295359","3636.83981551899","3655.77430242583"
