"Team_ID","Round_Number","Covariate","Estimate","SE","Z_value","p_value","AIC","BIC"
"3108","3","RRecSnd","0.0814919412199109","0.170400480521446","0.478237743054103","0.632481001848083","3014.3826682268","3032.69747062748"
"3108","3","RSndSnd","2.59903933431398","0.14737703721413","17.6353072598259","1.31976812306463e-69","3014.3826682268","3032.69747062748"
"3108","3","CovSnd.1","-6.21613188782344","0.135591943826231","-45.8444042648268","0","3014.3826682268","3032.69747062748"
"3108","3","PSAB-BA","1.29975729953905","0.235091457884299","5.52873044063867","3.22556523173834e-08","3014.3826682268","3032.69747062748"
"3108","3","PSAB-BY","0.86821370379331","0.162892151277691","5.32999102156382","9.82176221954527e-08","3014.3826682268","3032.69747062748"
