"Team_ID","Round_Number","Covariate","Estimate","SE","Z_value","p_value","AIC","BIC"
"3108","2","RRecSnd","0.066824966141278","0.185725158204398","0.359805676233342","0.718992458080704","2702.37562890291","2720.29311044682"
"3108","2","RSndSnd","2.40319529574015","0.152638778040013","15.7443300228083","7.51225263384909e-56","2702.37562890291","2720.29311044682"
"3108","2","CovSnd.1","-6.1352822853661","0.140314145565262","-43.725329763794","0","2702.37562890291","2720.29311044682"
"3108","2","PSAB-BA","1.53668359640988","0.209920479805555","7.32031290054823","2.47393420071488e-13","2702.37562890291","2720.29311044682"
"3108","2","PSAB-BY","0.841058804060319","0.16881451193183","4.98214753243459","6.28824612714878e-07","2702.37562890291","2720.29311044682"
