"file_name","Team_ID","Round_Number","Covariate","Estimate","SE","Z_value","p_value","Significant_at_0.001","Significant_at_0.05","AIC","BIC","participant1","participant2","participant3","Vero_type"
"05_12_2021_vero #1_round 2_otter.ai_made_perfect.csv","4_2_1",2,"RRecSnd",-0.654634766823647,0.205970764655176,-3.17828973407754,0.00148146628294173,FALSE,TRUE,2898.26819619917,2926.84542845659,"268","315","329","unleashed"
"05_12_2021_vero #1_round 2_otter.ai_made_perfect.csv","4_2_1",2,"RSndSnd",1.91794854484948,0.152508109336443,12.5760430261342,2.8600049775547e-36,TRUE,TRUE,2898.26819619917,2926.84542845659,"268","315","329","unleashed"
"05_12_2021_vero #1_round 2_otter.ai_made_perfect.csv","4_2_1",2,"CovSnd.1",-6.04898512395871,0.15210214825166,-39.7692287287775,0,TRUE,TRUE,2898.26819619917,2926.84542845659,"268","315","329","unleashed"
"05_12_2021_vero #1_round 2_otter.ai_made_perfect.csv","4_2_1",2,"PSAB-BA",2.26419851433314,0.293457318645552,7.71559736449416,1.20416893811599e-14,TRUE,TRUE,2898.26819619917,2926.84542845659,"268","315","329","unleashed"
"05_12_2021_vero #1_round 2_otter.ai_made_perfect.csv","4_2_1",2,"PSAB-BY",0.730849511979507,0.211247702203644,3.4596802916936,0.0005408170912564,TRUE,TRUE,2898.26819619917,2926.84542845659,"268","315","329","unleashed"
"05_12_2021_vero #1_round 2_otter.ai_made_perfect.csv","4_2_1",2,"PSAB-XA",1.31136901538842,0.171790447586856,7.63353861526789,2.28396252728395e-14,TRUE,TRUE,2898.26819619917,2926.84542845659,"268","315","329","unleashed"
"05_12_2021_vero #1_round 2_otter.ai_made_perfect.csv","4_2_1",2,"PSAB-XB",0.427846768810949,0.190910192425043,2.24108919160476,0.0250202981779267,FALSE,TRUE,2898.26819619917,2926.84542845659,"268","315","329","unleashed"
"05_12_2021_vero #1_round 2_otter.ai_made_perfect.csv","4_2_1",2,"PSAB-AY",-0.0287352044420515,0.279128756158637,-0.102946055567705,0.918005784794216,FALSE,FALSE,2898.26819619917,2926.84542845659,"268","315","329","unleashed"
