"Team_ID","Round_Number","Covariate","Estimate","SE","Z_value","p_value","AIC","BIC"
"451","2","RRecSnd","-0.0322179285015483","0.196526185008174","-0.163937077902409","0.869780678005113","2734.62840945787","2752.11425058434"
"451","2","RSndSnd","2.22165429993191","0.15638144943119","14.2066358127053","8.33337405879245e-46","2734.62840945787","2752.11425058434"
"451","2","CovSnd.1","-6.11496055384281","0.133903329992773","-45.6669789629045","0","2734.62840945787","2752.11425058434"
"451","2","PSAB-BA","1.41917948806088","0.259876662643363","5.46097319253507","4.73531555826368e-08","2734.62840945787","2752.11425058434"
"451","2","PSAB-BY","0.700391063529678","0.185244648129738","3.78089769718558","0.000156263881322871","2734.62840945787","2752.11425058434"
