"file_name","Team_ID","Round_Number","Covariate","Estimate","SE","Z_value","p_value","Significant_at_0.001","Significant_at_0.05","AIC","BIC","participant1","participant2","participant3","Vero_type"
"05_12_2021_vero #8_round 2_otter.ai_made_perfect.csv",428,2,"RRecSnd",-0.309066881624739,0.239650666436405,-1.28965584039698,0.19717017838747,FALSE,FALSE,1949.51310634018,1975.23259240106,"127","999",-1,"unleashed"
"05_12_2021_vero #8_round 2_otter.ai_made_perfect.csv",428,2,"RSndSnd",2.4389824107049,0.19317582895861,12.6257121496679,1.52356845369377e-36,TRUE,TRUE,1949.51310634018,1975.23259240106,"127","999",-1,"unleashed"
"05_12_2021_vero #8_round 2_otter.ai_made_perfect.csv",428,2,"CovSnd.1",-6.81838959113951,0.233989120405171,-29.1397718805598,1.12592521684588e-186,TRUE,TRUE,1949.51310634018,1975.23259240106,"127","999",-1,"unleashed"
"05_12_2021_vero #8_round 2_otter.ai_made_perfect.csv",428,2,"PSAB-BA",2.46126496240027,0.317842457184593,7.7436632733142,9.65926108319347e-15,TRUE,TRUE,1949.51310634018,1975.23259240106,"127","999",-1,"unleashed"
"05_12_2021_vero #8_round 2_otter.ai_made_perfect.csv",428,2,"PSAB-BY",1.42227315473409,0.254064301559691,5.59808342219985,2.1673446180982e-08,TRUE,TRUE,1949.51310634018,1975.23259240106,"127","999",-1,"unleashed"
"05_12_2021_vero #8_round 2_otter.ai_made_perfect.csv",428,2,"PSAB-XA",1.23613750179245,0.245318710507435,5.0389042859207,4.68204542236914e-07,TRUE,TRUE,1949.51310634018,1975.23259240106,"127","999",-1,"unleashed"
"05_12_2021_vero #8_round 2_otter.ai_made_perfect.csv",428,2,"PSAB-XB",0.626158238429311,0.258152019244999,2.42554073472134,0.0152856002300471,FALSE,TRUE,1949.51310634018,1975.23259240106,"127","999",-1,"unleashed"
"05_12_2021_vero #8_round 2_otter.ai_made_perfect.csv",428,2,"PSAB-AY",1.03233984875741,0.286341580044552,3.60527398290109,0.000311823775194934,TRUE,TRUE,1949.51310634018,1975.23259240106,"127","999",-1,"unleashed"
