"Team_ID","Round_Number","Covariate","Estimate","SE","Z_value","p_value","AIC","BIC"
"116","3","RRecSnd","0.0862984233845761","0.19449391870852","0.443707566579025","0.657254024187477","2493.96910397489","2510.77556480343"
"116","3","RSndSnd","1.96542449719187","0.164415701075113","11.9539951740617","6.18774833704423e-33","2493.96910397489","2510.77556480343"
"116","3","CovSnd.1","-6.16244532470492","0.133083838185649","-46.3049864560445","0","2493.96910397489","2510.77556480343"
"116","3","PSAB-BA","1.29896988654806","0.246849990741913","5.26218325001343","1.42354775380362e-07","2493.96910397489","2510.77556480343"
"116","3","PSAB-BY","0.245971618389821","0.2070301931783","1.18809539137117","0.234795829842791","2493.96910397489","2510.77556480343"
