"file_name","Team_ID","Round_Number","Covariate","Estimate","SE","Z_value","p_value","Significant_at_0.001","Significant_at_0.05","AIC","BIC","participant1","participant2","participant3","Vero_type"
"02_25_2021_vero #1_task_round 1_otter.ai_made_perfect.csv","1_1_1",1,"RRecSnd",-1.19320182303896,0.204782372139308,-5.82668229972087,5.65400998065931e-09,TRUE,TRUE,2897.0852796063,2926.84777381916,"682","697","959","taskwork"
"02_25_2021_vero #1_task_round 1_otter.ai_made_perfect.csv","1_1_1",1,"RSndSnd",2.13820939346558,0.163370416497514,13.0881063983706,3.85088848816593e-39,TRUE,TRUE,2897.0852796063,2926.84777381916,"682","697","959","taskwork"
"02_25_2021_vero #1_task_round 1_otter.ai_made_perfect.csv","1_1_1",1,"CovSnd.1",-6.10833335848339,0.216066361508948,-28.2706355391208,7.9382841718762e-176,TRUE,TRUE,2897.0852796063,2926.84777381916,"682","697","959","taskwork"
"02_25_2021_vero #1_task_round 1_otter.ai_made_perfect.csv","1_1_1",1,"PSAB-BA",2.96152676329718,0.259733001552169,11.402196661953,4.07700203619087e-30,TRUE,TRUE,2897.0852796063,2926.84777381916,"682","697","959","taskwork"
"02_25_2021_vero #1_task_round 1_otter.ai_made_perfect.csv","1_1_1",1,"PSAB-BY",1.27081858445458,0.210855514610756,6.02696394638075,1.67068252927142e-09,TRUE,TRUE,2897.0852796063,2926.84777381916,"682","697","959","taskwork"
"02_25_2021_vero #1_task_round 1_otter.ai_made_perfect.csv","1_1_1",1,"PSAB-XA",1.86080869186742,0.219296002961792,8.4853744105479,2.15025251708133e-17,TRUE,TRUE,2897.0852796063,2926.84777381916,"682","697","959","taskwork"
"02_25_2021_vero #1_task_round 1_otter.ai_made_perfect.csv","1_1_1",1,"PSAB-XB",0.481646679555055,0.223726069258612,2.15284111123548,0.0313311679283389,FALSE,TRUE,2897.0852796063,2926.84777381916,"682","697","959","taskwork"
"02_25_2021_vero #1_task_round 1_otter.ai_made_perfect.csv","1_1_1",1,"PSAB-AY",0.677461322973094,0.277132016849088,2.44454368959471,0.0145035513125691,FALSE,TRUE,2897.0852796063,2926.84777381916,"682","697","959","taskwork"
