"Team_ID","Round_Number","Covariate","Estimate","SE","Z_value","p_value","Significant_at_0.001","AIC","BIC","participant1","participant2","participant3","Vero_type"
"2_5_1",3,"RRecSnd",-0.877890502799388,0.237071651843136,-3.7030597963702,0.000213014648033849,TRUE,2416.95271624336,2440.54718244025,"524","739","997","teamwork"
"2_5_1",3,"RSndSnd",2.34155121933184,0.167864804607207,13.9490301425062,3.18912575770244e-44,TRUE,2416.95271624336,2440.54718244025,"524","739","997","teamwork"
"2_5_1",3,"CovSnd.1",-6.29575894245736,0.152683647434718,-41.2340093273524,0,TRUE,2416.95271624336,2440.54718244025,"524","739","997","teamwork"
"2_5_1",3,"PSAB-BA",2.40048649449993,0.313912002942394,7.64700448533165,2.05715153235465e-14,TRUE,2416.95271624336,2440.54718244025,"524","739","997","teamwork"
"2_5_1",3,"PSAB-BY",0.639064985889113,0.221220714069143,2.88881169459282,0.00386700568488213,FALSE,2416.95271624336,2440.54718244025,"524","739","997","teamwork"
"2_5_1",3,"PSAB-XA",0.961690231449826,0.190575419967712,5.04624484948143,4.50577917430711e-07,TRUE,2416.95271624336,2440.54718244025,"524","739","997","teamwork"
"2_5_1",3,"PSAB-XB",-0.0888627583536843,0.215064207492961,-0.413191759751993,0.679466124927829,FALSE,2416.95271624336,2440.54718244025,"524","739","997","teamwork"
