"file_name","Team_ID","Round_Number","Covariate","Estimate","SE","Z_value","p_value","Significant_at_0.001","Significant_at_0.05","AIC","BIC","participant1","participant2","participant3","Vero_type"
"03_10_2021_vero#1_team_round 1_otter.ai_made_perfect.csv",2111,1,"RRecSnd",-1.0745086596844,0.428396384305939,-2.50821131794856,0.0121344074721627,FALSE,TRUE,1350.86384294464,1375.41507656241,"112","781",-1,"teamwork"
"03_10_2021_vero#1_team_round 1_otter.ai_made_perfect.csv",2111,1,"RSndSnd",2.19281895928277,0.290238858415752,7.55522183091582,4.18146570046548e-14,TRUE,TRUE,1350.86384294464,1375.41507656241,"112","781",-1,"teamwork"
"03_10_2021_vero#1_team_round 1_otter.ai_made_perfect.csv",2111,1,"CovSnd.1",-6.51757411415084,0.477226172260919,-13.6572017483304,1.82877148726561e-42,TRUE,TRUE,1350.86384294464,1375.41507656241,"112","781",-1,"teamwork"
"03_10_2021_vero#1_team_round 1_otter.ai_made_perfect.csv",2111,1,"PSAB-BA",3.0136203927645,0.393097093757653,7.66635124151392,1.76958182730696e-14,TRUE,TRUE,1350.86384294464,1375.41507656241,"112","781",-1,"teamwork"
"03_10_2021_vero#1_team_round 1_otter.ai_made_perfect.csv",2111,1,"PSAB-BY",1.07537714297325,0.44745074591445,2.40334193828533,0.0162459885228586,FALSE,TRUE,1350.86384294464,1375.41507656241,"112","781",-1,"teamwork"
"03_10_2021_vero#1_team_round 1_otter.ai_made_perfect.csv",2111,1,"PSAB-XA",2.24411376777618,0.421209683294052,5.32778294702578,9.94188298281536e-08,TRUE,TRUE,1350.86384294464,1375.41507656241,"112","781",-1,"teamwork"
"03_10_2021_vero#1_team_round 1_otter.ai_made_perfect.csv",2111,1,"PSAB-XB",1.03593707685663,0.538826143964572,1.92258131581074,0.0545326523566488,FALSE,FALSE,1350.86384294464,1375.41507656241,"112","781",-1,"teamwork"
"03_10_2021_vero#1_team_round 1_otter.ai_made_perfect.csv",2111,1,"PSAB-AY",-1.0234941482064,0.80748115245656,-1.26751459782395,0.204971347283544,FALSE,FALSE,1350.86384294464,1375.41507656241,"112","781",-1,"teamwork"
