"Team_ID","Round_Number","Covariate","Estimate","SE","Z_value","p_value","AIC","BIC"
"2107","1","RRecSnd","0.17481782373572","0.192486194206914","0.908209674236679","0.363767453810265","1835.40434076703","1851.97037066224"
"2107","1","RSndSnd","2.03387886399882","0.210834694476758","9.64679399207245","5.07165229065236e-22","1835.40434076703","1851.97037066224"
"2107","1","CovSnd.1","-5.5331928550703","0.230359158107918","-24.0198518718241","1.72506898322181e-127","1835.40434076703","1851.97037066224"
"2107","1","PSAB-BA","0.825419815116767","0.180027673794672","4.58496073252709","4.54071764381505e-06","1835.40434076703","1851.97037066224"
"2107","1","PSAB-BY","0.555383646769419","0.22438137038404","2.47517717633533","0.0133170093107874","1835.40434076703","1851.97037066224"
