"file_name","Team_ID","Round_Number","Covariate","Estimate","SE","Z_value","p_value","Significant_at_0.001","Significant_at_0.05","AIC","BIC","participant1","participant2","participant3","Vero_type"
"03_11_2021_Vero #6_task+team_round 2_otter.ai_made_perfect.csv","3_6_12",2,"RRecSnd",-1.08126774760287,0.330511981658333,-3.27149334247322,0.00106981107329845,FALSE,TRUE,1640.41454770718,1664.33800840141,"175","208",-1,"combined"
"03_11_2021_Vero #6_task+team_round 2_otter.ai_made_perfect.csv","3_6_12",2,"RSndSnd",2.3196078487932,0.212151535076974,10.9337311556647,7.95104457226045e-28,TRUE,TRUE,1640.41454770718,1664.33800840141,"175","208",-1,"combined"
"03_11_2021_Vero #6_task+team_round 2_otter.ai_made_perfect.csv","3_6_12",2,"CovSnd.1",-6.40272849453954,0.224597640310403,-28.5075501491944,9.44359596096288e-179,TRUE,TRUE,1640.41454770718,1664.33800840141,"175","208",-1,"combined"
"03_11_2021_Vero #6_task+team_round 2_otter.ai_made_perfect.csv","3_6_12",2,"PSAB-BA",2.47020337301582,0.386501829395572,6.3911815808966,1.64608766075988e-10,TRUE,TRUE,1640.41454770718,1664.33800840141,"175","208",-1,"combined"
"03_11_2021_Vero #6_task+team_round 2_otter.ai_made_perfect.csv","3_6_12",2,"PSAB-BY",0.0711730612320346,0.317656668844325,0.224056562360145,0.822713291421562,FALSE,FALSE,1640.41454770718,1664.33800840141,"175","208",-1,"combined"
"03_11_2021_Vero #6_task+team_round 2_otter.ai_made_perfect.csv","3_6_12",2,"PSAB-XA",0.745113951034622,0.260192325389698,2.86370456899004,0.00418718340298475,FALSE,TRUE,1640.41454770718,1664.33800840141,"175","208",-1,"combined"
"03_11_2021_Vero #6_task+team_round 2_otter.ai_made_perfect.csv","3_6_12",2,"PSAB-XB",0.52074394306113,0.232761623839837,2.23724140805725,0.0252705663579616,FALSE,TRUE,1640.41454770718,1664.33800840141,"175","208",-1,"combined"
"03_11_2021_Vero #6_task+team_round 2_otter.ai_made_perfect.csv","3_6_12",2,"PSAB-AY",-0.216884660407265,0.374105171402502,-0.579742481490366,0.562088290918082,FALSE,FALSE,1640.41454770718,1664.33800840141,"175","208",-1,"combined"
