"Team_ID","Round_Number","Covariate","Estimate","SE","Z_value","p_value","AIC","BIC"
"3_6_12","1","RRecSnd","0.160720131048718","0.342785799842652","0.468864612018622","0.639166412546667","995.449588244413","1008.21897270242"
"3_6_12","1","RSndSnd","1.84885916180519","0.291780379202235","6.33647528617313","2.35080868134811e-10","995.449588244413","1008.21897270242"
"3_6_12","1","CovSnd.1","-6.6168448641877","0.364434028695725","-18.156495670475","1.14078173382493e-73","995.449588244413","1008.21897270242"
"3_6_12","1","PSAB-BA","1.49466051700307","0.268620451396267","5.56420968408754","2.63343143357656e-08","995.449588244413","1008.21897270242"
"3_6_12","1","PSAB-BY","1.34100185828984","0.332656485887763","4.03119107902286","5.54949029395275e-05","995.449588244413","1008.21897270242"
