"Team_ID","Round_Number","Covariate","Estimate","SE","Z_value","p_value","Significant_at_0.001","AIC","BIC","participant1","participant2","participant3","Vero_type"
"2_7_4",2,"RRecSnd",-0.518875310837287,0.243821598806176,-2.12809412036447,0.0333292807152995,FALSE,2250.59567962733,2273.28790873275,"185","565","870","teamwork"
"2_7_4",2,"RSndSnd",1.89335508718127,0.177584086095061,10.6617384970394,1.53697171793651e-26,TRUE,2250.59567962733,2273.28790873275,"185","565","870","teamwork"
"2_7_4",2,"CovSnd.1",-6.6883222233618,0.172515475097013,-38.7694044235781,0,TRUE,2250.59567962733,2273.28790873275,"185","565","870","teamwork"
"2_7_4",2,"PSAB-BA",2.2082884227468,0.348328941157096,6.33966392631975,2.30266896478531e-10,TRUE,2250.59567962733,2273.28790873275,"185","565","870","teamwork"
"2_7_4",2,"PSAB-BY",1.07500579156347,0.233603731202698,4.60183485096258,4.18785212901898e-06,TRUE,2250.59567962733,2273.28790873275,"185","565","870","teamwork"
"2_7_4",2,"PSAB-XA",1.48985842109868,0.196502903506966,7.58186466718474,3.4062348576178e-14,TRUE,2250.59567962733,2273.28790873275,"185","565","870","teamwork"
"2_7_4",2,"PSAB-XB",0.669018092491442,0.218749025429353,3.05838204846087,0.00222535665248048,FALSE,2250.59567962733,2273.28790873275,"185","565","870","teamwork"
