"Team_ID","Round_Number","Covariate","Estimate","SE","Z_value","p_value","AIC","BIC"
"4_5_5","3","RRecSnd","0.396172287591041","0.191825171828168","2.06527789765736","0.0388967136201303","2305.03754062666","2322.24962917927"
"4_5_5","3","RSndSnd","2.18518640974609","0.162914388918046","13.41309643831","5.06778963223438e-41","2305.03754062666","2322.24962917927"
"4_5_5","3","CovSnd.1","-6.19477998006367","0.155359258979172","-39.8739027256442","0","2305.03754062666","2322.24962917927"
"4_5_5","3","PSAB-BA","1.51089957781393","0.200975599918619","7.51782593720699","5.56945820592157e-14","2305.03754062666","2322.24962917927"
"4_5_5","3","PSAB-BY","1.1397301183644","0.17565716241964","6.48837828566091","8.67652083488807e-11","2305.03754062666","2322.24962917927"
